# vsim -vopt work.top -voptargs="+acc=npr" -assertdebug -l fifo.log -coverage -c -do "coverage save -onexit -assert -directive -cvg -codeAll coverage_results.ucdb; run -all; exit" "+UVM_TESTNAME=fifo_regression_test" "+UVM_VERBOSITY=UVM_HIGH" 
# Start time: 11:02:42 on Aug 11,2026
# ** Note: (vsim-8009) Loading existing optimized design _opt1
# //  Questa Sim
# //  Version 10.6c linux Jul 25 2017
# //
# //  Copyright 1991-2017 Mentor Graphics Corporation
# //  All Rights Reserved.
# //
# //  QuestaSim and its associated documentation contain trade
# //  secrets and commercial or financial information that are the property of
# //  Mentor Graphics Corporation and are privileged, confidential,
# //  and exempt from disclosure under the Freedom of Information Act,
# //  5 U.S.C. Section 552. Furthermore, this information
# //  is prohibited from disclosure under the Trade Secrets Act,
# //  18 U.S.C. Section 1905.
# //
# Loading sv_std.std
# Loading work.fifo_interface(fast)
# Loading mtiUvm.uvm_pkg
# Loading work.fifo_pkg(fast)
# Loading work.top(fast)
# Loading work.fifo_interface(fast)
# Loading work.syn_fifo(fast)
# Loading work.ram_dp_ar_aw(fast)
# Loading mtiUvm.questa_uvm_pkg(fast)
# Loading /tools/mentor/questasim_10.6c/questasim/uvm-1.1d/linux/uvm_dpi.so
# coverage save -onexit -assert -directive -cvg -codeAll coverage_results.ucdb
#  run -all
# ----------------------------------------------------------------
# UVM-1.1d
# (C) 2007-2013 Mentor Graphics Corporation
# (C) 2007-2013 Cadence Design Systems, Inc.
# (C) 2006-2013 Synopsys, Inc.
# (C) 2011-2013 Cypress Semiconductor Corp.
# ----------------------------------------------------------------
# 
#   ***********       IMPORTANT RELEASE NOTES         ************
# 
#   You are using a version of the UVM library that has been compiled
#   with `UVM_NO_DEPRECATED undefined.
#   See http://www.eda.org/svdb/view.php?id=3313 for more details.
# 
#   You are using a version of the UVM library that has been compiled
#   with `UVM_OBJECT_MUST_HAVE_CONSTRUCTOR undefined.
#   See http://www.eda.org/svdb/view.php?id=3770 for more details.
# 
#       (Specify +UVM_NO_RELNOTES to turn off this notice)
# 
# UVM_INFO verilog_src/questa_uvm_pkg-1.2/src/questa_uvm_pkg.sv(215) @ 0: reporter [Questa UVM] QUESTA_UVM-1.2.3
# UVM_INFO verilog_src/questa_uvm_pkg-1.2/src/questa_uvm_pkg.sv(217) @ 0: reporter [Questa UVM]  questa_uvm::init(+struct)
# UVM_INFO @ 0: reporter [RNTST] Running test fifo_regression_test...
# UVM_INFO fifo_base_test.sv(25) @ 0: uvm_test_top [BASE_TEST] Printing UVM Topology:
# UVM_INFO @ 0: reporter [UVMTOP] UVM testbench topology:
# ------------------------------------------------------------------
# Name                       Type                        Size  Value
# ------------------------------------------------------------------
# uvm_test_top               fifo_regression_test        -     @473 
#   env                      fifo_env                    -     @486 
#     in_agent               fifo_inp_agent              -     @498 
#       drv                  fifo_driver                 -     @551 
#         rsp_port           uvm_analysis_port           -     @566 
#         seq_item_port      uvm_seq_item_pull_port      -     @558 
#       inp_agent_ap         uvm_analysis_port           -     @543 
#       mon                  fifo_inmonitor              -     @536 
#         inp_mon_port       uvm_analysis_port           -     @685 
#       sqr                  fifo_sequencer              -     @574 
#         rsp_export         uvm_analysis_export         -     @581 
#         seq_item_export    uvm_seq_item_pull_imp       -     @675 
#         arbitration_queue  array                       0     -    
#         lock_queue         array                       0     -    
#         num_last_reqs      integral                    32    'd1  
#         num_last_rsps      integral                    32    'd1  
#     out_agent              fifo_out_agent              -     @505 
#       drv                  fifo_driver                 -     @715 
#         rsp_port           uvm_analysis_port           -     @730 
#         seq_item_port      uvm_seq_item_pull_port      -     @722 
#       mon                  fifo_outmonitor             -     @700 
#         out_mon_port       uvm_analysis_port           -     @849 
#       out_agent_ap         uvm_analysis_port           -     @707 
#       sqr                  fifo_sequencer              -     @738 
#         rsp_export         uvm_analysis_export         -     @745 
#         seq_item_export    uvm_seq_item_pull_imp       -     @839 
#         arbitration_queue  array                       0     -    
#         lock_queue         array                       0     -    
#         num_last_reqs      integral                    32    'd1  
#         num_last_rsps      integral                    32    'd1  
#     scb                    fifo_scoreboard             -     @512 
#       inp_fifo             uvm_tlm_analysis_fifo #(T)  -     @862 
#         analysis_export    uvm_analysis_imp            -     @901 
#         get_ap             uvm_analysis_port           -     @893 
#         get_peek_export    uvm_get_peek_imp            -     @877 
#         put_ap             uvm_analysis_port           -     @885 
#         put_export         uvm_put_imp                 -     @869 
#       out_fifo             uvm_tlm_analysis_fifo #(T)  -     @909 
#         analysis_export    uvm_analysis_imp            -     @948 
#         get_ap             uvm_analysis_port           -     @940 
#         get_peek_export    uvm_get_peek_imp            -     @924 
#         put_ap             uvm_analysis_port           -     @932 
#         put_export         uvm_put_imp                 -     @916 
#     sub                    fifo_subscriber             -     @519 
#       analysis_imp         uvm_analysis_imp            -     @526 
# ------------------------------------------------------------------
# 
# UVM_INFO verilog_src/questa_uvm_pkg-1.2/src/questa_uvm_pkg.sv(277) @ 0: reporter [Questa UVM] End Of Elaboration
# UVM_INFO fifo_regression_test.sv(20) @ 0: uvm_test_top [REG_TEST] ==================================================
# UVM_INFO fifo_regression_test.sv(21) @ 0: uvm_test_top [REG_TEST] STARTING COMPREHENSIVE FIFO REGRESSION
# UVM_INFO fifo_regression_test.sv(22) @ 0: uvm_test_top [REG_TEST] ==================================================
# UVM_INFO fifo_regression_test.sv(25) @ 0: uvm_test_top [REG_TEST] Sanity Test
# UVM_INFO fifo_driver.sv(44) @ 50: uvm_test_top.env.in_agent.drv [DRV] WR_CS: 1 | WR_EN: 1 | RD_CS: 0 | RD_EN: 0 | D_IN: 'd188 | D_OUT: 'dx | FULL: x | EMPTY: x
# UVM_INFO top.sv(43) @ 250: reporter [TB_TOP] Initial Reset Released.
# UVM_INFO fifo_driver.sv(44) @ 350: uvm_test_top.env.in_agent.drv [DRV] WR_CS: 1 | WR_EN: 1 | RD_CS: 0 | RD_EN: 0 | D_IN: 'd208 | D_OUT: 'dx | FULL: x | EMPTY: x
# UVM_INFO fifo_inmonitor.sv(34) @ 350: uvm_test_top.env.in_agent.mon [uvm_test_top.env.in_agent.mon] WRITE TX Captured:
# WR_CS: 1 | WR_EN: 1 | RD_CS: x | RD_EN: x | D_IN: 'd208 | D_OUT: 'dx | FULL: 0 | EMPTY: x
# UVM_INFO fifo_scoreboard.sv(29) @ 350: uvm_test_top.env.scb [SCBD_WRITE] Stored Data: 'd208 | Queue Size: 1
# UVM_INFO fifo_driver.sv(44) @ 550: uvm_test_top.env.in_agent.drv [DRV] WR_CS: 1 | WR_EN: 1 | RD_CS: 0 | RD_EN: 0 | D_IN: 'd139 | D_OUT: 'dx | FULL: x | EMPTY: x
# UVM_INFO fifo_inmonitor.sv(34) @ 550: uvm_test_top.env.in_agent.mon [uvm_test_top.env.in_agent.mon] WRITE TX Captured:
# WR_CS: 1 | WR_EN: 1 | RD_CS: x | RD_EN: x | D_IN: 'd139 | D_OUT: 'dx | FULL: 0 | EMPTY: x
# UVM_INFO fifo_scoreboard.sv(29) @ 550: uvm_test_top.env.scb [SCBD_WRITE] Stored Data: 'd139 | Queue Size: 2
# UVM_INFO fifo_driver.sv(44) @ 750: uvm_test_top.env.in_agent.drv [DRV] WR_CS: 1 | WR_EN: 1 | RD_CS: 0 | RD_EN: 0 | D_IN: 'd245 | D_OUT: 'dx | FULL: x | EMPTY: x
# UVM_INFO fifo_inmonitor.sv(34) @ 750: uvm_test_top.env.in_agent.mon [uvm_test_top.env.in_agent.mon] WRITE TX Captured:
# WR_CS: 1 | WR_EN: 1 | RD_CS: x | RD_EN: x | D_IN: 'd245 | D_OUT: 'dx | FULL: 0 | EMPTY: x
# UVM_INFO fifo_scoreboard.sv(29) @ 750: uvm_test_top.env.scb [SCBD_WRITE] Stored Data: 'd245 | Queue Size: 3
# UVM_INFO fifo_driver.sv(44) @ 950: uvm_test_top.env.in_agent.drv [DRV] WR_CS: 1 | WR_EN: 1 | RD_CS: 0 | RD_EN: 0 | D_IN: 'd171 | D_OUT: 'dx | FULL: x | EMPTY: x
# UVM_INFO fifo_inmonitor.sv(34) @ 950: uvm_test_top.env.in_agent.mon [uvm_test_top.env.in_agent.mon] WRITE TX Captured:
# WR_CS: 1 | WR_EN: 1 | RD_CS: x | RD_EN: x | D_IN: 'd171 | D_OUT: 'dx | FULL: 0 | EMPTY: x
# UVM_INFO fifo_scoreboard.sv(29) @ 950: uvm_test_top.env.scb [SCBD_WRITE] Stored Data: 'd171 | Queue Size: 4
# UVM_INFO fifo_driver.sv(44) @ 1150: uvm_test_top.env.in_agent.drv [DRV] WR_CS: 1 | WR_EN: 1 | RD_CS: 0 | RD_EN: 0 | D_IN: 'd12 | D_OUT: 'dx | FULL: x | EMPTY: x
# UVM_INFO fifo_inmonitor.sv(34) @ 1150: uvm_test_top.env.in_agent.mon [uvm_test_top.env.in_agent.mon] WRITE TX Captured:
# WR_CS: 1 | WR_EN: 1 | RD_CS: x | RD_EN: x | D_IN: 'd12 | D_OUT: 'dx | FULL: 0 | EMPTY: x
# UVM_INFO fifo_scoreboard.sv(29) @ 1150: uvm_test_top.env.scb [SCBD_WRITE] Stored Data: 'd12 | Queue Size: 5
# UVM_INFO fifo_driver.sv(44) @ 1350: uvm_test_top.env.in_agent.drv [DRV] WR_CS: 1 | WR_EN: 1 | RD_CS: 0 | RD_EN: 0 | D_IN: 'd86 | D_OUT: 'dx | FULL: x | EMPTY: x
# UVM_INFO fifo_inmonitor.sv(34) @ 1350: uvm_test_top.env.in_agent.mon [uvm_test_top.env.in_agent.mon] WRITE TX Captured:
# WR_CS: 1 | WR_EN: 1 | RD_CS: x | RD_EN: x | D_IN: 'd86 | D_OUT: 'dx | FULL: 0 | EMPTY: x
# UVM_INFO fifo_scoreboard.sv(29) @ 1350: uvm_test_top.env.scb [SCBD_WRITE] Stored Data: 'd86 | Queue Size: 6
# UVM_INFO fifo_driver.sv(44) @ 1550: uvm_test_top.env.in_agent.drv [DRV] WR_CS: 1 | WR_EN: 1 | RD_CS: 0 | RD_EN: 0 | D_IN: 'd20 | D_OUT: 'dx | FULL: x | EMPTY: x
# UVM_INFO fifo_inmonitor.sv(34) @ 1550: uvm_test_top.env.in_agent.mon [uvm_test_top.env.in_agent.mon] WRITE TX Captured:
# WR_CS: 1 | WR_EN: 1 | RD_CS: x | RD_EN: x | D_IN: 'd20 | D_OUT: 'dx | FULL: 0 | EMPTY: x
# UVM_INFO fifo_scoreboard.sv(29) @ 1550: uvm_test_top.env.scb [SCBD_WRITE] Stored Data: 'd20 | Queue Size: 7
# UVM_INFO fifo_driver.sv(44) @ 1750: uvm_test_top.env.in_agent.drv [DRV] WR_CS: 1 | WR_EN: 1 | RD_CS: 0 | RD_EN: 0 | D_IN: 'd150 | D_OUT: 'dx | FULL: x | EMPTY: x
# UVM_INFO fifo_inmonitor.sv(34) @ 1750: uvm_test_top.env.in_agent.mon [uvm_test_top.env.in_agent.mon] WRITE TX Captured:
# WR_CS: 1 | WR_EN: 1 | RD_CS: x | RD_EN: x | D_IN: 'd150 | D_OUT: 'dx | FULL: 0 | EMPTY: x
# UVM_INFO fifo_scoreboard.sv(29) @ 1750: uvm_test_top.env.scb [SCBD_WRITE] Stored Data: 'd150 | Queue Size: 8
# UVM_INFO fifo_driver.sv(44) @ 1950: uvm_test_top.env.in_agent.drv [DRV] WR_CS: 1 | WR_EN: 1 | RD_CS: 0 | RD_EN: 0 | D_IN: 'd145 | D_OUT: 'dx | FULL: x | EMPTY: x
# UVM_INFO fifo_inmonitor.sv(34) @ 1950: uvm_test_top.env.in_agent.mon [uvm_test_top.env.in_agent.mon] WRITE TX Captured:
# WR_CS: 1 | WR_EN: 1 | RD_CS: x | RD_EN: x | D_IN: 'd145 | D_OUT: 'dx | FULL: 0 | EMPTY: x
# UVM_INFO fifo_scoreboard.sv(29) @ 1950: uvm_test_top.env.scb [SCBD_WRITE] Stored Data: 'd145 | Queue Size: 9
# UVM_INFO fifo_driver.sv(44) @ 2150: uvm_test_top.env.in_agent.drv [DRV] WR_CS: 0 | WR_EN: 0 | RD_CS: 1 | RD_EN: 1 | D_IN: 'd56 | D_OUT: 'dx | FULL: x | EMPTY: x
# UVM_INFO fifo_outmonitor.sv(44) @ 2250: uvm_test_top.env.out_agent.mon [uvm_test_top.env.out_agent.mon] READ TX Captured:
# WR_CS: x | WR_EN: x | RD_CS: 1 | RD_EN: 1 | D_IN: 'dx | D_OUT: 'd208 | FULL: x | EMPTY: 0
# UVM_INFO fifo_scoreboard.sv(44) @ 2250: uvm_test_top.env.scb [SCBD_PASS] PASS! Expected: 'd208 | Actual: 'd208
# UVM_INFO fifo_driver.sv(44) @ 2350: uvm_test_top.env.in_agent.drv [DRV] WR_CS: 0 | WR_EN: 0 | RD_CS: 1 | RD_EN: 1 | D_IN: 'd226 | D_OUT: 'dx | FULL: x | EMPTY: x
# UVM_INFO fifo_outmonitor.sv(44) @ 2450: uvm_test_top.env.out_agent.mon [uvm_test_top.env.out_agent.mon] READ TX Captured:
# WR_CS: x | WR_EN: x | RD_CS: 1 | RD_EN: 1 | D_IN: 'dx | D_OUT: 'd139 | FULL: x | EMPTY: 0
# UVM_INFO fifo_scoreboard.sv(44) @ 2450: uvm_test_top.env.scb [SCBD_PASS] PASS! Expected: 'd139 | Actual: 'd139
# UVM_INFO fifo_driver.sv(44) @ 2550: uvm_test_top.env.in_agent.drv [DRV] WR_CS: 0 | WR_EN: 0 | RD_CS: 1 | RD_EN: 1 | D_IN: 'd105 | D_OUT: 'dx | FULL: x | EMPTY: x
# UVM_INFO fifo_outmonitor.sv(44) @ 2650: uvm_test_top.env.out_agent.mon [uvm_test_top.env.out_agent.mon] READ TX Captured:
# WR_CS: x | WR_EN: x | RD_CS: 1 | RD_EN: 1 | D_IN: 'dx | D_OUT: 'd245 | FULL: x | EMPTY: 0
# UVM_INFO fifo_scoreboard.sv(44) @ 2650: uvm_test_top.env.scb [SCBD_PASS] PASS! Expected: 'd245 | Actual: 'd245
# UVM_INFO fifo_driver.sv(44) @ 2750: uvm_test_top.env.in_agent.drv [DRV] WR_CS: 0 | WR_EN: 0 | RD_CS: 1 | RD_EN: 1 | D_IN: 'd134 | D_OUT: 'dx | FULL: x | EMPTY: x
# UVM_INFO fifo_outmonitor.sv(44) @ 2850: uvm_test_top.env.out_agent.mon [uvm_test_top.env.out_agent.mon] READ TX Captured:
# WR_CS: x | WR_EN: x | RD_CS: 1 | RD_EN: 1 | D_IN: 'dx | D_OUT: 'd171 | FULL: x | EMPTY: 0
# UVM_INFO fifo_scoreboard.sv(44) @ 2850: uvm_test_top.env.scb [SCBD_PASS] PASS! Expected: 'd171 | Actual: 'd171
# UVM_INFO fifo_driver.sv(44) @ 2950: uvm_test_top.env.in_agent.drv [DRV] WR_CS: 0 | WR_EN: 0 | RD_CS: 1 | RD_EN: 1 | D_IN: 'd173 | D_OUT: 'dx | FULL: x | EMPTY: x
# UVM_INFO fifo_outmonitor.sv(44) @ 3050: uvm_test_top.env.out_agent.mon [uvm_test_top.env.out_agent.mon] READ TX Captured:
# WR_CS: x | WR_EN: x | RD_CS: 1 | RD_EN: 1 | D_IN: 'dx | D_OUT: 'd12 | FULL: x | EMPTY: 0
# UVM_INFO fifo_scoreboard.sv(44) @ 3050: uvm_test_top.env.scb [SCBD_PASS] PASS! Expected: 'd12 | Actual: 'd12
# UVM_INFO fifo_driver.sv(44) @ 3150: uvm_test_top.env.in_agent.drv [DRV] WR_CS: 0 | WR_EN: 0 | RD_CS: 1 | RD_EN: 1 | D_IN: 'd33 | D_OUT: 'dx | FULL: x | EMPTY: x
# UVM_INFO fifo_outmonitor.sv(44) @ 3250: uvm_test_top.env.out_agent.mon [uvm_test_top.env.out_agent.mon] READ TX Captured:
# WR_CS: x | WR_EN: x | RD_CS: 1 | RD_EN: 1 | D_IN: 'dx | D_OUT: 'd86 | FULL: x | EMPTY: 0
# UVM_INFO fifo_scoreboard.sv(44) @ 3250: uvm_test_top.env.scb [SCBD_PASS] PASS! Expected: 'd86 | Actual: 'd86
# UVM_INFO fifo_driver.sv(44) @ 3350: uvm_test_top.env.in_agent.drv [DRV] WR_CS: 0 | WR_EN: 0 | RD_CS: 1 | RD_EN: 1 | D_IN: 'd186 | D_OUT: 'dx | FULL: x | EMPTY: x
# UVM_INFO fifo_outmonitor.sv(44) @ 3450: uvm_test_top.env.out_agent.mon [uvm_test_top.env.out_agent.mon] READ TX Captured:
# WR_CS: x | WR_EN: x | RD_CS: 1 | RD_EN: 1 | D_IN: 'dx | D_OUT: 'd20 | FULL: x | EMPTY: 0
# UVM_INFO fifo_scoreboard.sv(44) @ 3450: uvm_test_top.env.scb [SCBD_PASS] PASS! Expected: 'd20 | Actual: 'd20
# UVM_INFO fifo_driver.sv(44) @ 3550: uvm_test_top.env.in_agent.drv [DRV] WR_CS: 0 | WR_EN: 0 | RD_CS: 1 | RD_EN: 1 | D_IN: 'd190 | D_OUT: 'dx | FULL: x | EMPTY: x
# UVM_INFO fifo_outmonitor.sv(44) @ 3650: uvm_test_top.env.out_agent.mon [uvm_test_top.env.out_agent.mon] READ TX Captured:
# WR_CS: x | WR_EN: x | RD_CS: 1 | RD_EN: 1 | D_IN: 'dx | D_OUT: 'd150 | FULL: x | EMPTY: 0
# UVM_INFO fifo_scoreboard.sv(44) @ 3650: uvm_test_top.env.scb [SCBD_PASS] PASS! Expected: 'd150 | Actual: 'd150
# UVM_INFO fifo_driver.sv(44) @ 3750: uvm_test_top.env.in_agent.drv [DRV] WR_CS: 0 | WR_EN: 0 | RD_CS: 1 | RD_EN: 1 | D_IN: 'd65 | D_OUT: 'dx | FULL: x | EMPTY: x
# UVM_INFO fifo_outmonitor.sv(44) @ 3850: uvm_test_top.env.out_agent.mon [uvm_test_top.env.out_agent.mon] READ TX Captured:
# WR_CS: x | WR_EN: x | RD_CS: 1 | RD_EN: 1 | D_IN: 'dx | D_OUT: 'd145 | FULL: x | EMPTY: 0
# UVM_INFO fifo_scoreboard.sv(44) @ 3850: uvm_test_top.env.scb [SCBD_PASS] PASS! Expected: 'd145 | Actual: 'd145
# UVM_INFO fifo_driver.sv(44) @ 3950: uvm_test_top.env.in_agent.drv [DRV] WR_CS: 0 | WR_EN: 0 | RD_CS: 1 | RD_EN: 1 | D_IN: 'd116 | D_OUT: 'dx | FULL: x | EMPTY: x
# UVM_INFO fifo_driver.sv(44) @ 4150: uvm_test_top.env.in_agent.drv [DRV] WR_CS: 1 | WR_EN: 1 | RD_CS: 1 | RD_EN: 1 | D_IN: 'd43 | D_OUT: 'dx | FULL: x | EMPTY: x
# UVM_INFO fifo_inmonitor.sv(34) @ 4150: uvm_test_top.env.in_agent.mon [uvm_test_top.env.in_agent.mon] WRITE TX Captured:
# WR_CS: 1 | WR_EN: 1 | RD_CS: x | RD_EN: x | D_IN: 'd43 | D_OUT: 'dx | FULL: 0 | EMPTY: x
# UVM_INFO fifo_scoreboard.sv(29) @ 4150: uvm_test_top.env.scb [SCBD_WRITE] Stored Data: 'd43 | Queue Size: 1
# UVM_INFO fifo_driver.sv(44) @ 4350: uvm_test_top.env.in_agent.drv [DRV] WR_CS: 1 | WR_EN: 1 | RD_CS: 1 | RD_EN: 1 | D_IN: 'd124 | D_OUT: 'dx | FULL: x | EMPTY: x
# UVM_INFO fifo_inmonitor.sv(34) @ 4350: uvm_test_top.env.in_agent.mon [uvm_test_top.env.in_agent.mon] WRITE TX Captured:
# WR_CS: 1 | WR_EN: 1 | RD_CS: x | RD_EN: x | D_IN: 'd124 | D_OUT: 'dx | FULL: 0 | EMPTY: x
# UVM_INFO fifo_scoreboard.sv(29) @ 4350: uvm_test_top.env.scb [SCBD_WRITE] Stored Data: 'd124 | Queue Size: 2
# UVM_INFO fifo_outmonitor.sv(44) @ 4450: uvm_test_top.env.out_agent.mon [uvm_test_top.env.out_agent.mon] READ TX Captured:
# WR_CS: x | WR_EN: x | RD_CS: 1 | RD_EN: 1 | D_IN: 'dx | D_OUT: 'd43 | FULL: x | EMPTY: 0
# UVM_INFO fifo_scoreboard.sv(44) @ 4450: uvm_test_top.env.scb [SCBD_PASS] PASS! Expected: 'd43 | Actual: 'd43
# UVM_INFO fifo_driver.sv(44) @ 4550: uvm_test_top.env.in_agent.drv [DRV] WR_CS: 1 | WR_EN: 1 | RD_CS: 1 | RD_EN: 1 | D_IN: 'd61 | D_OUT: 'dx | FULL: x | EMPTY: x
# UVM_INFO fifo_inmonitor.sv(34) @ 4550: uvm_test_top.env.in_agent.mon [uvm_test_top.env.in_agent.mon] WRITE TX Captured:
# WR_CS: 1 | WR_EN: 1 | RD_CS: x | RD_EN: x | D_IN: 'd61 | D_OUT: 'dx | FULL: 0 | EMPTY: x
# UVM_INFO fifo_scoreboard.sv(29) @ 4550: uvm_test_top.env.scb [SCBD_WRITE] Stored Data: 'd61 | Queue Size: 2
# UVM_INFO fifo_outmonitor.sv(44) @ 4650: uvm_test_top.env.out_agent.mon [uvm_test_top.env.out_agent.mon] READ TX Captured:
# WR_CS: x | WR_EN: x | RD_CS: 1 | RD_EN: 1 | D_IN: 'dx | D_OUT: 'd124 | FULL: x | EMPTY: 0
# UVM_INFO fifo_scoreboard.sv(44) @ 4650: uvm_test_top.env.scb [SCBD_PASS] PASS! Expected: 'd124 | Actual: 'd124
# UVM_INFO fifo_driver.sv(44) @ 4750: uvm_test_top.env.in_agent.drv [DRV] WR_CS: 1 | WR_EN: 1 | RD_CS: 1 | RD_EN: 1 | D_IN: 'd88 | D_OUT: 'dx | FULL: x | EMPTY: x
# UVM_INFO fifo_inmonitor.sv(34) @ 4750: uvm_test_top.env.in_agent.mon [uvm_test_top.env.in_agent.mon] WRITE TX Captured:
# WR_CS: 1 | WR_EN: 1 | RD_CS: x | RD_EN: x | D_IN: 'd88 | D_OUT: 'dx | FULL: 0 | EMPTY: x
# UVM_INFO fifo_scoreboard.sv(29) @ 4750: uvm_test_top.env.scb [SCBD_WRITE] Stored Data: 'd88 | Queue Size: 2
# UVM_INFO fifo_outmonitor.sv(44) @ 4850: uvm_test_top.env.out_agent.mon [uvm_test_top.env.out_agent.mon] READ TX Captured:
# WR_CS: x | WR_EN: x | RD_CS: 1 | RD_EN: 1 | D_IN: 'dx | D_OUT: 'd61 | FULL: x | EMPTY: 0
# UVM_INFO fifo_scoreboard.sv(44) @ 4850: uvm_test_top.env.scb [SCBD_PASS] PASS! Expected: 'd61 | Actual: 'd61
# UVM_INFO fifo_driver.sv(44) @ 4950: uvm_test_top.env.in_agent.drv [DRV] WR_CS: 1 | WR_EN: 1 | RD_CS: 1 | RD_EN: 1 | D_IN: 'd137 | D_OUT: 'dx | FULL: x | EMPTY: x
# UVM_INFO fifo_inmonitor.sv(34) @ 4950: uvm_test_top.env.in_agent.mon [uvm_test_top.env.in_agent.mon] WRITE TX Captured:
# WR_CS: 1 | WR_EN: 1 | RD_CS: x | RD_EN: x | D_IN: 'd137 | D_OUT: 'dx | FULL: 0 | EMPTY: x
# UVM_INFO fifo_scoreboard.sv(29) @ 4950: uvm_test_top.env.scb [SCBD_WRITE] Stored Data: 'd137 | Queue Size: 2
# UVM_INFO fifo_regression_test.sv(30) @ 4950: uvm_test_top [REG_TEST] Corner Test
# UVM_INFO fifo_outmonitor.sv(44) @ 5050: uvm_test_top.env.out_agent.mon [uvm_test_top.env.out_agent.mon] READ TX Captured:
# WR_CS: x | WR_EN: x | RD_CS: 1 | RD_EN: 1 | D_IN: 'dx | D_OUT: 'd88 | FULL: x | EMPTY: 0
# UVM_INFO fifo_scoreboard.sv(44) @ 5050: uvm_test_top.env.scb [SCBD_PASS] PASS! Expected: 'd88 | Actual: 'd88
# UVM_INFO fifo_driver.sv(44) @ 5150: uvm_test_top.env.in_agent.drv [DRV] WR_CS: 1 | WR_EN: 1 | RD_CS: 0 | RD_EN: 0 | D_IN: 'd131 | D_OUT: 'dx | FULL: x | EMPTY: x
# UVM_INFO fifo_inmonitor.sv(34) @ 5150: uvm_test_top.env.in_agent.mon [uvm_test_top.env.in_agent.mon] WRITE TX Captured:
# WR_CS: 1 | WR_EN: 1 | RD_CS: x | RD_EN: x | D_IN: 'd131 | D_OUT: 'dx | FULL: 0 | EMPTY: x
# UVM_INFO fifo_scoreboard.sv(29) @ 5150: uvm_test_top.env.scb [SCBD_WRITE] Stored Data: 'd131 | Queue Size: 2
# UVM_INFO fifo_driver.sv(44) @ 5350: uvm_test_top.env.in_agent.drv [DRV] WR_CS: 1 | WR_EN: 1 | RD_CS: 0 | RD_EN: 0 | D_IN: 'd244 | D_OUT: 'dx | FULL: x | EMPTY: x
# UVM_INFO fifo_inmonitor.sv(34) @ 5350: uvm_test_top.env.in_agent.mon [uvm_test_top.env.in_agent.mon] WRITE TX Captured:
# WR_CS: 1 | WR_EN: 1 | RD_CS: x | RD_EN: x | D_IN: 'd244 | D_OUT: 'dx | FULL: 0 | EMPTY: x
# UVM_INFO fifo_scoreboard.sv(29) @ 5350: uvm_test_top.env.scb [SCBD_WRITE] Stored Data: 'd244 | Queue Size: 3
# UVM_INFO fifo_driver.sv(44) @ 5550: uvm_test_top.env.in_agent.drv [DRV] WR_CS: 1 | WR_EN: 1 | RD_CS: 0 | RD_EN: 0 | D_IN: 'd66 | D_OUT: 'dx | FULL: x | EMPTY: x
# UVM_INFO fifo_inmonitor.sv(34) @ 5550: uvm_test_top.env.in_agent.mon [uvm_test_top.env.in_agent.mon] WRITE TX Captured:
# WR_CS: 1 | WR_EN: 1 | RD_CS: x | RD_EN: x | D_IN: 'd66 | D_OUT: 'dx | FULL: 0 | EMPTY: x
# UVM_INFO fifo_scoreboard.sv(29) @ 5550: uvm_test_top.env.scb [SCBD_WRITE] Stored Data: 'd66 | Queue Size: 4
# UVM_INFO fifo_driver.sv(44) @ 5750: uvm_test_top.env.in_agent.drv [DRV] WR_CS: 1 | WR_EN: 1 | RD_CS: 0 | RD_EN: 0 | D_IN: 'd49 | D_OUT: 'dx | FULL: x | EMPTY: x
# UVM_INFO fifo_inmonitor.sv(34) @ 5750: uvm_test_top.env.in_agent.mon [uvm_test_top.env.in_agent.mon] WRITE TX Captured:
# WR_CS: 1 | WR_EN: 1 | RD_CS: x | RD_EN: x | D_IN: 'd49 | D_OUT: 'dx | FULL: 0 | EMPTY: x
# UVM_INFO fifo_scoreboard.sv(29) @ 5750: uvm_test_top.env.scb [SCBD_WRITE] Stored Data: 'd49 | Queue Size: 5
# UVM_INFO fifo_driver.sv(44) @ 5950: uvm_test_top.env.in_agent.drv [DRV] WR_CS: 1 | WR_EN: 1 | RD_CS: 0 | RD_EN: 0 | D_IN: 'd7 | D_OUT: 'dx | FULL: x | EMPTY: x
# UVM_INFO fifo_inmonitor.sv(34) @ 5950: uvm_test_top.env.in_agent.mon [uvm_test_top.env.in_agent.mon] WRITE TX Captured:
# WR_CS: 1 | WR_EN: 1 | RD_CS: x | RD_EN: x | D_IN: 'd7 | D_OUT: 'dx | FULL: 0 | EMPTY: x
# UVM_INFO fifo_scoreboard.sv(29) @ 5950: uvm_test_top.env.scb [SCBD_WRITE] Stored Data: 'd7 | Queue Size: 6
# UVM_INFO fifo_driver.sv(44) @ 6150: uvm_test_top.env.in_agent.drv [DRV] WR_CS: 1 | WR_EN: 1 | RD_CS: 0 | RD_EN: 0 | D_IN: 'd32 | D_OUT: 'dx | FULL: x | EMPTY: x
# UVM_INFO fifo_inmonitor.sv(34) @ 6150: uvm_test_top.env.in_agent.mon [uvm_test_top.env.in_agent.mon] WRITE TX Captured:
# WR_CS: 1 | WR_EN: 1 | RD_CS: x | RD_EN: x | D_IN: 'd32 | D_OUT: 'dx | FULL: 0 | EMPTY: x
# UVM_INFO fifo_scoreboard.sv(29) @ 6150: uvm_test_top.env.scb [SCBD_WRITE] Stored Data: 'd32 | Queue Size: 7
# UVM_INFO fifo_driver.sv(44) @ 6350: uvm_test_top.env.in_agent.drv [DRV] WR_CS: 1 | WR_EN: 1 | RD_CS: 0 | RD_EN: 0 | D_IN: 'd80 | D_OUT: 'dx | FULL: x | EMPTY: x
# UVM_INFO fifo_inmonitor.sv(34) @ 6350: uvm_test_top.env.in_agent.mon [uvm_test_top.env.in_agent.mon] WRITE TX Captured:
# WR_CS: 1 | WR_EN: 1 | RD_CS: x | RD_EN: x | D_IN: 'd80 | D_OUT: 'dx | FULL: 0 | EMPTY: x
# UVM_INFO fifo_scoreboard.sv(29) @ 6350: uvm_test_top.env.scb [SCBD_WRITE] Stored Data: 'd80 | Queue Size: 8
# UVM_INFO fifo_driver.sv(44) @ 6550: uvm_test_top.env.in_agent.drv [DRV] WR_CS: 1 | WR_EN: 1 | RD_CS: 0 | RD_EN: 0 | D_IN: 'd47 | D_OUT: 'dx | FULL: x | EMPTY: x
# UVM_INFO fifo_inmonitor.sv(34) @ 6550: uvm_test_top.env.in_agent.mon [uvm_test_top.env.in_agent.mon] WRITE TX Captured:
# WR_CS: 1 | WR_EN: 1 | RD_CS: x | RD_EN: x | D_IN: 'd47 | D_OUT: 'dx | FULL: 0 | EMPTY: x
# UVM_INFO fifo_scoreboard.sv(29) @ 6550: uvm_test_top.env.scb [SCBD_WRITE] Stored Data: 'd47 | Queue Size: 9
# UVM_INFO fifo_driver.sv(44) @ 6750: uvm_test_top.env.in_agent.drv [DRV] WR_CS: 1 | WR_EN: 1 | RD_CS: 0 | RD_EN: 0 | D_IN: 'd199 | D_OUT: 'dx | FULL: x | EMPTY: x
# UVM_INFO fifo_inmonitor.sv(34) @ 6750: uvm_test_top.env.in_agent.mon [uvm_test_top.env.in_agent.mon] WRITE TX Captured:
# WR_CS: 1 | WR_EN: 1 | RD_CS: x | RD_EN: x | D_IN: 'd199 | D_OUT: 'dx | FULL: 0 | EMPTY: x
# UVM_INFO fifo_scoreboard.sv(29) @ 6750: uvm_test_top.env.scb [SCBD_WRITE] Stored Data: 'd199 | Queue Size: 10
# UVM_INFO fifo_driver.sv(44) @ 6950: uvm_test_top.env.in_agent.drv [DRV] WR_CS: 1 | WR_EN: 1 | RD_CS: 0 | RD_EN: 0 | D_IN: 'd21 | D_OUT: 'dx | FULL: x | EMPTY: x
# UVM_INFO fifo_inmonitor.sv(34) @ 6950: uvm_test_top.env.in_agent.mon [uvm_test_top.env.in_agent.mon] WRITE TX Captured:
# WR_CS: 1 | WR_EN: 1 | RD_CS: x | RD_EN: x | D_IN: 'd21 | D_OUT: 'dx | FULL: 0 | EMPTY: x
# UVM_INFO fifo_scoreboard.sv(29) @ 6950: uvm_test_top.env.scb [SCBD_WRITE] Stored Data: 'd21 | Queue Size: 11
# UVM_INFO fifo_driver.sv(44) @ 7150: uvm_test_top.env.in_agent.drv [DRV] WR_CS: 1 | WR_EN: 1 | RD_CS: 0 | RD_EN: 0 | D_IN: 'd225 | D_OUT: 'dx | FULL: x | EMPTY: x
# UVM_INFO fifo_inmonitor.sv(34) @ 7150: uvm_test_top.env.in_agent.mon [uvm_test_top.env.in_agent.mon] WRITE TX Captured:
# WR_CS: 1 | WR_EN: 1 | RD_CS: x | RD_EN: x | D_IN: 'd225 | D_OUT: 'dx | FULL: 0 | EMPTY: x
# UVM_INFO fifo_scoreboard.sv(29) @ 7150: uvm_test_top.env.scb [SCBD_WRITE] Stored Data: 'd225 | Queue Size: 12
# UVM_INFO fifo_driver.sv(44) @ 7350: uvm_test_top.env.in_agent.drv [DRV] WR_CS: 1 | WR_EN: 1 | RD_CS: 0 | RD_EN: 0 | D_IN: 'd129 | D_OUT: 'dx | FULL: x | EMPTY: x
# UVM_INFO fifo_inmonitor.sv(34) @ 7350: uvm_test_top.env.in_agent.mon [uvm_test_top.env.in_agent.mon] WRITE TX Captured:
# WR_CS: 1 | WR_EN: 1 | RD_CS: x | RD_EN: x | D_IN: 'd129 | D_OUT: 'dx | FULL: 0 | EMPTY: x
# UVM_INFO fifo_scoreboard.sv(29) @ 7350: uvm_test_top.env.scb [SCBD_WRITE] Stored Data: 'd129 | Queue Size: 13
# UVM_INFO fifo_driver.sv(44) @ 7550: uvm_test_top.env.in_agent.drv [DRV] WR_CS: 1 | WR_EN: 1 | RD_CS: 0 | RD_EN: 0 | D_IN: 'd166 | D_OUT: 'dx | FULL: x | EMPTY: x
# UVM_INFO fifo_inmonitor.sv(34) @ 7550: uvm_test_top.env.in_agent.mon [uvm_test_top.env.in_agent.mon] WRITE TX Captured:
# WR_CS: 1 | WR_EN: 1 | RD_CS: x | RD_EN: x | D_IN: 'd166 | D_OUT: 'dx | FULL: 0 | EMPTY: x
# UVM_INFO fifo_scoreboard.sv(29) @ 7550: uvm_test_top.env.scb [SCBD_WRITE] Stored Data: 'd166 | Queue Size: 14
# UVM_INFO fifo_driver.sv(44) @ 7750: uvm_test_top.env.in_agent.drv [DRV] WR_CS: 1 | WR_EN: 1 | RD_CS: 0 | RD_EN: 0 | D_IN: 'd140 | D_OUT: 'dx | FULL: x | EMPTY: x
# UVM_INFO fifo_inmonitor.sv(34) @ 7750: uvm_test_top.env.in_agent.mon [uvm_test_top.env.in_agent.mon] WRITE TX Captured:
# WR_CS: 1 | WR_EN: 1 | RD_CS: x | RD_EN: x | D_IN: 'd140 | D_OUT: 'dx | FULL: 0 | EMPTY: x
# UVM_INFO fifo_scoreboard.sv(29) @ 7750: uvm_test_top.env.scb [SCBD_WRITE] Stored Data: 'd140 | Queue Size: 15
# UVM_INFO fifo_driver.sv(44) @ 7950: uvm_test_top.env.in_agent.drv [DRV] WR_CS: 1 | WR_EN: 1 | RD_CS: 0 | RD_EN: 0 | D_IN: 'd7 | D_OUT: 'dx | FULL: x | EMPTY: x
# UVM_INFO fifo_inmonitor.sv(34) @ 7950: uvm_test_top.env.in_agent.mon [uvm_test_top.env.in_agent.mon] WRITE TX Captured:
# WR_CS: 1 | WR_EN: 1 | RD_CS: x | RD_EN: x | D_IN: 'd7 | D_OUT: 'dx | FULL: 0 | EMPTY: x
# UVM_INFO fifo_scoreboard.sv(29) @ 7950: uvm_test_top.env.scb [SCBD_WRITE] Stored Data: 'd7 | Queue Size: 16
# UVM_INFO fifo_driver.sv(44) @ 8150: uvm_test_top.env.in_agent.drv [DRV] WR_CS: 1 | WR_EN: 1 | RD_CS: 0 | RD_EN: 0 | D_IN: 'd129 | D_OUT: 'dx | FULL: x | EMPTY: x
# UVM_INFO fifo_inmonitor.sv(34) @ 8150: uvm_test_top.env.in_agent.mon [uvm_test_top.env.in_agent.mon] WRITE TX Captured:
# WR_CS: 1 | WR_EN: 1 | RD_CS: x | RD_EN: x | D_IN: 'd129 | D_OUT: 'dx | FULL: 0 | EMPTY: x
# UVM_INFO fifo_scoreboard.sv(29) @ 8150: uvm_test_top.env.scb [SCBD_WRITE] Stored Data: 'd129 | Queue Size: 17
# UVM_INFO fifo_driver.sv(44) @ 8350: uvm_test_top.env.in_agent.drv [DRV] WR_CS: 1 | WR_EN: 1 | RD_CS: 0 | RD_EN: 0 | D_IN: 'd98 | D_OUT: 'dx | FULL: x | EMPTY: x
# UVM_INFO fifo_inmonitor.sv(34) @ 8350: uvm_test_top.env.in_agent.mon [uvm_test_top.env.in_agent.mon] WRITE TX Captured:
# WR_CS: 1 | WR_EN: 1 | RD_CS: x | RD_EN: x | D_IN: 'd98 | D_OUT: 'dx | FULL: 0 | EMPTY: x
# UVM_INFO fifo_scoreboard.sv(29) @ 8350: uvm_test_top.env.scb [SCBD_WRITE] Stored Data: 'd98 | Queue Size: 18
# UVM_INFO fifo_driver.sv(44) @ 8550: uvm_test_top.env.in_agent.drv [DRV] WR_CS: 1 | WR_EN: 1 | RD_CS: 0 | RD_EN: 0 | D_IN: 'd147 | D_OUT: 'dx | FULL: x | EMPTY: x
# UVM_INFO fifo_inmonitor.sv(34) @ 8550: uvm_test_top.env.in_agent.mon [uvm_test_top.env.in_agent.mon] WRITE TX Captured:
# WR_CS: 1 | WR_EN: 1 | RD_CS: x | RD_EN: x | D_IN: 'd147 | D_OUT: 'dx | FULL: 0 | EMPTY: x
# UVM_INFO fifo_scoreboard.sv(29) @ 8550: uvm_test_top.env.scb [SCBD_WRITE] Stored Data: 'd147 | Queue Size: 19
# UVM_INFO fifo_driver.sv(44) @ 8750: uvm_test_top.env.in_agent.drv [DRV] WR_CS: 1 | WR_EN: 1 | RD_CS: 0 | RD_EN: 0 | D_IN: 'd204 | D_OUT: 'dx | FULL: x | EMPTY: x
# UVM_INFO fifo_inmonitor.sv(34) @ 8750: uvm_test_top.env.in_agent.mon [uvm_test_top.env.in_agent.mon] WRITE TX Captured:
# WR_CS: 1 | WR_EN: 1 | RD_CS: x | RD_EN: x | D_IN: 'd204 | D_OUT: 'dx | FULL: 0 | EMPTY: x
# UVM_INFO fifo_scoreboard.sv(29) @ 8750: uvm_test_top.env.scb [SCBD_WRITE] Stored Data: 'd204 | Queue Size: 20
# UVM_INFO fifo_driver.sv(44) @ 8950: uvm_test_top.env.in_agent.drv [DRV] WR_CS: 1 | WR_EN: 1 | RD_CS: 0 | RD_EN: 0 | D_IN: 'd241 | D_OUT: 'dx | FULL: x | EMPTY: x
# UVM_INFO fifo_inmonitor.sv(34) @ 8950: uvm_test_top.env.in_agent.mon [uvm_test_top.env.in_agent.mon] WRITE TX Captured:
# WR_CS: 1 | WR_EN: 1 | RD_CS: x | RD_EN: x | D_IN: 'd241 | D_OUT: 'dx | FULL: 0 | EMPTY: x
# UVM_INFO fifo_scoreboard.sv(29) @ 8950: uvm_test_top.env.scb [SCBD_WRITE] Stored Data: 'd241 | Queue Size: 21
# UVM_INFO fifo_driver.sv(44) @ 9150: uvm_test_top.env.in_agent.drv [DRV] WR_CS: 1 | WR_EN: 1 | RD_CS: 0 | RD_EN: 0 | D_IN: 'd172 | D_OUT: 'dx | FULL: x | EMPTY: x
# UVM_INFO fifo_inmonitor.sv(34) @ 9150: uvm_test_top.env.in_agent.mon [uvm_test_top.env.in_agent.mon] WRITE TX Captured:
# WR_CS: 1 | WR_EN: 1 | RD_CS: x | RD_EN: x | D_IN: 'd172 | D_OUT: 'dx | FULL: 0 | EMPTY: x
# UVM_INFO fifo_scoreboard.sv(29) @ 9150: uvm_test_top.env.scb [SCBD_WRITE] Stored Data: 'd172 | Queue Size: 22
# UVM_INFO fifo_driver.sv(44) @ 9350: uvm_test_top.env.in_agent.drv [DRV] WR_CS: 1 | WR_EN: 1 | RD_CS: 0 | RD_EN: 0 | D_IN: 'd82 | D_OUT: 'dx | FULL: x | EMPTY: x
# UVM_INFO fifo_inmonitor.sv(34) @ 9350: uvm_test_top.env.in_agent.mon [uvm_test_top.env.in_agent.mon] WRITE TX Captured:
# WR_CS: 1 | WR_EN: 1 | RD_CS: x | RD_EN: x | D_IN: 'd82 | D_OUT: 'dx | FULL: 0 | EMPTY: x
# UVM_INFO fifo_scoreboard.sv(29) @ 9350: uvm_test_top.env.scb [SCBD_WRITE] Stored Data: 'd82 | Queue Size: 23
# UVM_INFO fifo_driver.sv(44) @ 9550: uvm_test_top.env.in_agent.drv [DRV] WR_CS: 1 | WR_EN: 1 | RD_CS: 0 | RD_EN: 0 | D_IN: 'd23 | D_OUT: 'dx | FULL: x | EMPTY: x
# UVM_INFO fifo_inmonitor.sv(34) @ 9550: uvm_test_top.env.in_agent.mon [uvm_test_top.env.in_agent.mon] WRITE TX Captured:
# WR_CS: 1 | WR_EN: 1 | RD_CS: x | RD_EN: x | D_IN: 'd23 | D_OUT: 'dx | FULL: 0 | EMPTY: x
# UVM_INFO fifo_scoreboard.sv(29) @ 9550: uvm_test_top.env.scb [SCBD_WRITE] Stored Data: 'd23 | Queue Size: 24
# UVM_INFO fifo_driver.sv(44) @ 9750: uvm_test_top.env.in_agent.drv [DRV] WR_CS: 1 | WR_EN: 1 | RD_CS: 0 | RD_EN: 0 | D_IN: 'd243 | D_OUT: 'dx | FULL: x | EMPTY: x
# UVM_INFO fifo_inmonitor.sv(34) @ 9750: uvm_test_top.env.in_agent.mon [uvm_test_top.env.in_agent.mon] WRITE TX Captured:
# WR_CS: 1 | WR_EN: 1 | RD_CS: x | RD_EN: x | D_IN: 'd243 | D_OUT: 'dx | FULL: 0 | EMPTY: x
# UVM_INFO fifo_scoreboard.sv(29) @ 9750: uvm_test_top.env.scb [SCBD_WRITE] Stored Data: 'd243 | Queue Size: 25
# UVM_INFO fifo_driver.sv(44) @ 9950: uvm_test_top.env.in_agent.drv [DRV] WR_CS: 1 | WR_EN: 1 | RD_CS: 0 | RD_EN: 0 | D_IN: 'd42 | D_OUT: 'dx | FULL: x | EMPTY: x
# UVM_INFO fifo_inmonitor.sv(34) @ 9950: uvm_test_top.env.in_agent.mon [uvm_test_top.env.in_agent.mon] WRITE TX Captured:
# WR_CS: 1 | WR_EN: 1 | RD_CS: x | RD_EN: x | D_IN: 'd42 | D_OUT: 'dx | FULL: 0 | EMPTY: x
# UVM_INFO fifo_scoreboard.sv(29) @ 9950: uvm_test_top.env.scb [SCBD_WRITE] Stored Data: 'd42 | Queue Size: 26
# UVM_INFO fifo_driver.sv(44) @ 10150: uvm_test_top.env.in_agent.drv [DRV] WR_CS: 1 | WR_EN: 1 | RD_CS: 0 | RD_EN: 0 | D_IN: 'd173 | D_OUT: 'dx | FULL: x | EMPTY: x
# UVM_INFO fifo_inmonitor.sv(34) @ 10150: uvm_test_top.env.in_agent.mon [uvm_test_top.env.in_agent.mon] WRITE TX Captured:
# WR_CS: 1 | WR_EN: 1 | RD_CS: x | RD_EN: x | D_IN: 'd173 | D_OUT: 'dx | FULL: 0 | EMPTY: x
# UVM_INFO fifo_scoreboard.sv(29) @ 10150: uvm_test_top.env.scb [SCBD_WRITE] Stored Data: 'd173 | Queue Size: 27
# UVM_INFO fifo_driver.sv(44) @ 10350: uvm_test_top.env.in_agent.drv [DRV] WR_CS: 1 | WR_EN: 1 | RD_CS: 0 | RD_EN: 0 | D_IN: 'd158 | D_OUT: 'dx | FULL: x | EMPTY: x
# UVM_INFO fifo_inmonitor.sv(34) @ 10350: uvm_test_top.env.in_agent.mon [uvm_test_top.env.in_agent.mon] WRITE TX Captured:
# WR_CS: 1 | WR_EN: 1 | RD_CS: x | RD_EN: x | D_IN: 'd158 | D_OUT: 'dx | FULL: 0 | EMPTY: x
# UVM_INFO fifo_scoreboard.sv(29) @ 10350: uvm_test_top.env.scb [SCBD_WRITE] Stored Data: 'd158 | Queue Size: 28
# UVM_INFO fifo_driver.sv(44) @ 10550: uvm_test_top.env.in_agent.drv [DRV] WR_CS: 1 | WR_EN: 1 | RD_CS: 0 | RD_EN: 0 | D_IN: 'd144 | D_OUT: 'dx | FULL: x | EMPTY: x
# UVM_INFO fifo_inmonitor.sv(34) @ 10550: uvm_test_top.env.in_agent.mon [uvm_test_top.env.in_agent.mon] WRITE TX Captured:
# WR_CS: 1 | WR_EN: 1 | RD_CS: x | RD_EN: x | D_IN: 'd144 | D_OUT: 'dx | FULL: 0 | EMPTY: x
# UVM_INFO fifo_scoreboard.sv(29) @ 10550: uvm_test_top.env.scb [SCBD_WRITE] Stored Data: 'd144 | Queue Size: 29
# UVM_INFO fifo_driver.sv(44) @ 10750: uvm_test_top.env.in_agent.drv [DRV] WR_CS: 1 | WR_EN: 1 | RD_CS: 0 | RD_EN: 0 | D_IN: 'd80 | D_OUT: 'dx | FULL: x | EMPTY: x
# UVM_INFO fifo_inmonitor.sv(34) @ 10750: uvm_test_top.env.in_agent.mon [uvm_test_top.env.in_agent.mon] WRITE TX Captured:
# WR_CS: 1 | WR_EN: 1 | RD_CS: x | RD_EN: x | D_IN: 'd80 | D_OUT: 'dx | FULL: 0 | EMPTY: x
# UVM_INFO fifo_scoreboard.sv(29) @ 10750: uvm_test_top.env.scb [SCBD_WRITE] Stored Data: 'd80 | Queue Size: 30
# UVM_INFO fifo_driver.sv(44) @ 10950: uvm_test_top.env.in_agent.drv [DRV] WR_CS: 1 | WR_EN: 1 | RD_CS: 0 | RD_EN: 0 | D_IN: 'd196 | D_OUT: 'dx | FULL: x | EMPTY: x
# UVM_INFO fifo_inmonitor.sv(34) @ 10950: uvm_test_top.env.in_agent.mon [uvm_test_top.env.in_agent.mon] WRITE TX Captured:
# WR_CS: 1 | WR_EN: 1 | RD_CS: x | RD_EN: x | D_IN: 'd196 | D_OUT: 'dx | FULL: 0 | EMPTY: x
# UVM_INFO fifo_scoreboard.sv(29) @ 10950: uvm_test_top.env.scb [SCBD_WRITE] Stored Data: 'd196 | Queue Size: 31
# UVM_INFO fifo_driver.sv(44) @ 11150: uvm_test_top.env.in_agent.drv [DRV] WR_CS: 1 | WR_EN: 1 | RD_CS: 0 | RD_EN: 0 | D_IN: 'd223 | D_OUT: 'dx | FULL: x | EMPTY: x
# UVM_INFO fifo_inmonitor.sv(34) @ 11150: uvm_test_top.env.in_agent.mon [uvm_test_top.env.in_agent.mon] WRITE TX Captured:
# WR_CS: 1 | WR_EN: 1 | RD_CS: x | RD_EN: x | D_IN: 'd223 | D_OUT: 'dx | FULL: 0 | EMPTY: x
# UVM_INFO fifo_scoreboard.sv(29) @ 11150: uvm_test_top.env.scb [SCBD_WRITE] Stored Data: 'd223 | Queue Size: 32
# UVM_INFO fifo_driver.sv(44) @ 11350: uvm_test_top.env.in_agent.drv [DRV] WR_CS: 1 | WR_EN: 1 | RD_CS: 0 | RD_EN: 0 | D_IN: 'd103 | D_OUT: 'dx | FULL: x | EMPTY: x
# UVM_INFO fifo_inmonitor.sv(34) @ 11350: uvm_test_top.env.in_agent.mon [uvm_test_top.env.in_agent.mon] WRITE TX Captured:
# WR_CS: 1 | WR_EN: 1 | RD_CS: x | RD_EN: x | D_IN: 'd103 | D_OUT: 'dx | FULL: 0 | EMPTY: x
# UVM_INFO fifo_scoreboard.sv(29) @ 11350: uvm_test_top.env.scb [SCBD_WRITE] Stored Data: 'd103 | Queue Size: 33
# UVM_INFO fifo_driver.sv(44) @ 11550: uvm_test_top.env.in_agent.drv [DRV] WR_CS: 1 | WR_EN: 1 | RD_CS: 0 | RD_EN: 0 | D_IN: 'd115 | D_OUT: 'dx | FULL: x | EMPTY: x
# UVM_INFO fifo_inmonitor.sv(34) @ 11550: uvm_test_top.env.in_agent.mon [uvm_test_top.env.in_agent.mon] WRITE TX Captured:
# WR_CS: 1 | WR_EN: 1 | RD_CS: x | RD_EN: x | D_IN: 'd115 | D_OUT: 'dx | FULL: 0 | EMPTY: x
# UVM_INFO fifo_scoreboard.sv(29) @ 11550: uvm_test_top.env.scb [SCBD_WRITE] Stored Data: 'd115 | Queue Size: 34
# UVM_INFO fifo_driver.sv(44) @ 11750: uvm_test_top.env.in_agent.drv [DRV] WR_CS: 1 | WR_EN: 1 | RD_CS: 0 | RD_EN: 0 | D_IN: 'd17 | D_OUT: 'dx | FULL: x | EMPTY: x
# UVM_INFO fifo_inmonitor.sv(34) @ 11750: uvm_test_top.env.in_agent.mon [uvm_test_top.env.in_agent.mon] WRITE TX Captured:
# WR_CS: 1 | WR_EN: 1 | RD_CS: x | RD_EN: x | D_IN: 'd17 | D_OUT: 'dx | FULL: 0 | EMPTY: x
# UVM_INFO fifo_scoreboard.sv(29) @ 11750: uvm_test_top.env.scb [SCBD_WRITE] Stored Data: 'd17 | Queue Size: 35
# UVM_INFO fifo_driver.sv(44) @ 11950: uvm_test_top.env.in_agent.drv [DRV] WR_CS: 1 | WR_EN: 1 | RD_CS: 0 | RD_EN: 0 | D_IN: 'd204 | D_OUT: 'dx | FULL: x | EMPTY: x
# UVM_INFO fifo_inmonitor.sv(34) @ 11950: uvm_test_top.env.in_agent.mon [uvm_test_top.env.in_agent.mon] WRITE TX Captured:
# WR_CS: 1 | WR_EN: 1 | RD_CS: x | RD_EN: x | D_IN: 'd204 | D_OUT: 'dx | FULL: 0 | EMPTY: x
# UVM_INFO fifo_scoreboard.sv(29) @ 11950: uvm_test_top.env.scb [SCBD_WRITE] Stored Data: 'd204 | Queue Size: 36
# UVM_INFO fifo_driver.sv(44) @ 12150: uvm_test_top.env.in_agent.drv [DRV] WR_CS: 1 | WR_EN: 1 | RD_CS: 0 | RD_EN: 0 | D_IN: 'd52 | D_OUT: 'dx | FULL: x | EMPTY: x
# UVM_INFO fifo_inmonitor.sv(34) @ 12150: uvm_test_top.env.in_agent.mon [uvm_test_top.env.in_agent.mon] WRITE TX Captured:
# WR_CS: 1 | WR_EN: 1 | RD_CS: x | RD_EN: x | D_IN: 'd52 | D_OUT: 'dx | FULL: 0 | EMPTY: x
# UVM_INFO fifo_scoreboard.sv(29) @ 12150: uvm_test_top.env.scb [SCBD_WRITE] Stored Data: 'd52 | Queue Size: 37
# UVM_INFO fifo_driver.sv(44) @ 12350: uvm_test_top.env.in_agent.drv [DRV] WR_CS: 1 | WR_EN: 1 | RD_CS: 0 | RD_EN: 0 | D_IN: 'd169 | D_OUT: 'dx | FULL: x | EMPTY: x
# UVM_INFO fifo_inmonitor.sv(34) @ 12350: uvm_test_top.env.in_agent.mon [uvm_test_top.env.in_agent.mon] WRITE TX Captured:
# WR_CS: 1 | WR_EN: 1 | RD_CS: x | RD_EN: x | D_IN: 'd169 | D_OUT: 'dx | FULL: 0 | EMPTY: x
# UVM_INFO fifo_scoreboard.sv(29) @ 12350: uvm_test_top.env.scb [SCBD_WRITE] Stored Data: 'd169 | Queue Size: 38
# UVM_INFO fifo_driver.sv(44) @ 12550: uvm_test_top.env.in_agent.drv [DRV] WR_CS: 1 | WR_EN: 1 | RD_CS: 0 | RD_EN: 0 | D_IN: 'd11 | D_OUT: 'dx | FULL: x | EMPTY: x
# UVM_INFO fifo_inmonitor.sv(34) @ 12550: uvm_test_top.env.in_agent.mon [uvm_test_top.env.in_agent.mon] WRITE TX Captured:
# WR_CS: 1 | WR_EN: 1 | RD_CS: x | RD_EN: x | D_IN: 'd11 | D_OUT: 'dx | FULL: 0 | EMPTY: x
# UVM_INFO fifo_scoreboard.sv(29) @ 12550: uvm_test_top.env.scb [SCBD_WRITE] Stored Data: 'd11 | Queue Size: 39
# UVM_INFO fifo_driver.sv(44) @ 12750: uvm_test_top.env.in_agent.drv [DRV] WR_CS: 1 | WR_EN: 1 | RD_CS: 0 | RD_EN: 0 | D_IN: 'd246 | D_OUT: 'dx | FULL: x | EMPTY: x
# UVM_INFO fifo_inmonitor.sv(34) @ 12750: uvm_test_top.env.in_agent.mon [uvm_test_top.env.in_agent.mon] WRITE TX Captured:
# WR_CS: 1 | WR_EN: 1 | RD_CS: x | RD_EN: x | D_IN: 'd246 | D_OUT: 'dx | FULL: 0 | EMPTY: x
# UVM_INFO fifo_scoreboard.sv(29) @ 12750: uvm_test_top.env.scb [SCBD_WRITE] Stored Data: 'd246 | Queue Size: 40
# UVM_INFO fifo_driver.sv(44) @ 12950: uvm_test_top.env.in_agent.drv [DRV] WR_CS: 1 | WR_EN: 1 | RD_CS: 0 | RD_EN: 0 | D_IN: 'd163 | D_OUT: 'dx | FULL: x | EMPTY: x
# UVM_INFO fifo_inmonitor.sv(34) @ 12950: uvm_test_top.env.in_agent.mon [uvm_test_top.env.in_agent.mon] WRITE TX Captured:
# WR_CS: 1 | WR_EN: 1 | RD_CS: x | RD_EN: x | D_IN: 'd163 | D_OUT: 'dx | FULL: 0 | EMPTY: x
# UVM_INFO fifo_scoreboard.sv(29) @ 12950: uvm_test_top.env.scb [SCBD_WRITE] Stored Data: 'd163 | Queue Size: 41
# UVM_INFO fifo_driver.sv(44) @ 13150: uvm_test_top.env.in_agent.drv [DRV] WR_CS: 1 | WR_EN: 1 | RD_CS: 0 | RD_EN: 0 | D_IN: 'd201 | D_OUT: 'dx | FULL: x | EMPTY: x
# UVM_INFO fifo_inmonitor.sv(34) @ 13150: uvm_test_top.env.in_agent.mon [uvm_test_top.env.in_agent.mon] WRITE TX Captured:
# WR_CS: 1 | WR_EN: 1 | RD_CS: x | RD_EN: x | D_IN: 'd201 | D_OUT: 'dx | FULL: 0 | EMPTY: x
# UVM_INFO fifo_scoreboard.sv(29) @ 13150: uvm_test_top.env.scb [SCBD_WRITE] Stored Data: 'd201 | Queue Size: 42
# UVM_INFO fifo_driver.sv(44) @ 13350: uvm_test_top.env.in_agent.drv [DRV] WR_CS: 1 | WR_EN: 1 | RD_CS: 0 | RD_EN: 0 | D_IN: 'd61 | D_OUT: 'dx | FULL: x | EMPTY: x
# UVM_INFO fifo_inmonitor.sv(34) @ 13350: uvm_test_top.env.in_agent.mon [uvm_test_top.env.in_agent.mon] WRITE TX Captured:
# WR_CS: 1 | WR_EN: 1 | RD_CS: x | RD_EN: x | D_IN: 'd61 | D_OUT: 'dx | FULL: 0 | EMPTY: x
# UVM_INFO fifo_scoreboard.sv(29) @ 13350: uvm_test_top.env.scb [SCBD_WRITE] Stored Data: 'd61 | Queue Size: 43
# UVM_INFO fifo_driver.sv(44) @ 13550: uvm_test_top.env.in_agent.drv [DRV] WR_CS: 1 | WR_EN: 1 | RD_CS: 0 | RD_EN: 0 | D_IN: 'd218 | D_OUT: 'dx | FULL: x | EMPTY: x
# UVM_INFO fifo_inmonitor.sv(34) @ 13550: uvm_test_top.env.in_agent.mon [uvm_test_top.env.in_agent.mon] WRITE TX Captured:
# WR_CS: 1 | WR_EN: 1 | RD_CS: x | RD_EN: x | D_IN: 'd218 | D_OUT: 'dx | FULL: 0 | EMPTY: x
# UVM_INFO fifo_scoreboard.sv(29) @ 13550: uvm_test_top.env.scb [SCBD_WRITE] Stored Data: 'd218 | Queue Size: 44
# UVM_INFO fifo_driver.sv(44) @ 13750: uvm_test_top.env.in_agent.drv [DRV] WR_CS: 1 | WR_EN: 1 | RD_CS: 0 | RD_EN: 0 | D_IN: 'd211 | D_OUT: 'dx | FULL: x | EMPTY: x
# UVM_INFO fifo_inmonitor.sv(34) @ 13750: uvm_test_top.env.in_agent.mon [uvm_test_top.env.in_agent.mon] WRITE TX Captured:
# WR_CS: 1 | WR_EN: 1 | RD_CS: x | RD_EN: x | D_IN: 'd211 | D_OUT: 'dx | FULL: 0 | EMPTY: x
# UVM_INFO fifo_scoreboard.sv(29) @ 13750: uvm_test_top.env.scb [SCBD_WRITE] Stored Data: 'd211 | Queue Size: 45
# UVM_INFO fifo_driver.sv(44) @ 13950: uvm_test_top.env.in_agent.drv [DRV] WR_CS: 1 | WR_EN: 1 | RD_CS: 0 | RD_EN: 0 | D_IN: 'd126 | D_OUT: 'dx | FULL: x | EMPTY: x
# UVM_INFO fifo_inmonitor.sv(34) @ 13950: uvm_test_top.env.in_agent.mon [uvm_test_top.env.in_agent.mon] WRITE TX Captured:
# WR_CS: 1 | WR_EN: 1 | RD_CS: x | RD_EN: x | D_IN: 'd126 | D_OUT: 'dx | FULL: 0 | EMPTY: x
# UVM_INFO fifo_scoreboard.sv(29) @ 13950: uvm_test_top.env.scb [SCBD_WRITE] Stored Data: 'd126 | Queue Size: 46
# UVM_INFO fifo_driver.sv(44) @ 14150: uvm_test_top.env.in_agent.drv [DRV] WR_CS: 1 | WR_EN: 1 | RD_CS: 0 | RD_EN: 0 | D_IN: 'd121 | D_OUT: 'dx | FULL: x | EMPTY: x
# UVM_INFO fifo_inmonitor.sv(34) @ 14150: uvm_test_top.env.in_agent.mon [uvm_test_top.env.in_agent.mon] WRITE TX Captured:
# WR_CS: 1 | WR_EN: 1 | RD_CS: x | RD_EN: x | D_IN: 'd121 | D_OUT: 'dx | FULL: 0 | EMPTY: x
# UVM_INFO fifo_scoreboard.sv(29) @ 14150: uvm_test_top.env.scb [SCBD_WRITE] Stored Data: 'd121 | Queue Size: 47
# UVM_INFO fifo_driver.sv(44) @ 14350: uvm_test_top.env.in_agent.drv [DRV] WR_CS: 1 | WR_EN: 1 | RD_CS: 0 | RD_EN: 0 | D_IN: 'd247 | D_OUT: 'dx | FULL: x | EMPTY: x
# UVM_INFO fifo_inmonitor.sv(34) @ 14350: uvm_test_top.env.in_agent.mon [uvm_test_top.env.in_agent.mon] WRITE TX Captured:
# WR_CS: 1 | WR_EN: 1 | RD_CS: x | RD_EN: x | D_IN: 'd247 | D_OUT: 'dx | FULL: 0 | EMPTY: x
# UVM_INFO fifo_scoreboard.sv(29) @ 14350: uvm_test_top.env.scb [SCBD_WRITE] Stored Data: 'd247 | Queue Size: 48
# UVM_INFO fifo_driver.sv(44) @ 14550: uvm_test_top.env.in_agent.drv [DRV] WR_CS: 1 | WR_EN: 1 | RD_CS: 0 | RD_EN: 0 | D_IN: 'd9 | D_OUT: 'dx | FULL: x | EMPTY: x
# UVM_INFO fifo_inmonitor.sv(34) @ 14550: uvm_test_top.env.in_agent.mon [uvm_test_top.env.in_agent.mon] WRITE TX Captured:
# WR_CS: 1 | WR_EN: 1 | RD_CS: x | RD_EN: x | D_IN: 'd9 | D_OUT: 'dx | FULL: 0 | EMPTY: x
# UVM_INFO fifo_scoreboard.sv(29) @ 14550: uvm_test_top.env.scb [SCBD_WRITE] Stored Data: 'd9 | Queue Size: 49
# UVM_INFO fifo_driver.sv(44) @ 14750: uvm_test_top.env.in_agent.drv [DRV] WR_CS: 1 | WR_EN: 1 | RD_CS: 0 | RD_EN: 0 | D_IN: 'd5 | D_OUT: 'dx | FULL: x | EMPTY: x
# UVM_INFO fifo_inmonitor.sv(34) @ 14750: uvm_test_top.env.in_agent.mon [uvm_test_top.env.in_agent.mon] WRITE TX Captured:
# WR_CS: 1 | WR_EN: 1 | RD_CS: x | RD_EN: x | D_IN: 'd5 | D_OUT: 'dx | FULL: 0 | EMPTY: x
# UVM_INFO fifo_scoreboard.sv(29) @ 14750: uvm_test_top.env.scb [SCBD_WRITE] Stored Data: 'd5 | Queue Size: 50
# UVM_INFO fifo_driver.sv(44) @ 14950: uvm_test_top.env.in_agent.drv [DRV] WR_CS: 1 | WR_EN: 1 | RD_CS: 0 | RD_EN: 0 | D_IN: 'd180 | D_OUT: 'dx | FULL: x | EMPTY: x
# UVM_INFO fifo_inmonitor.sv(34) @ 14950: uvm_test_top.env.in_agent.mon [uvm_test_top.env.in_agent.mon] WRITE TX Captured:
# WR_CS: 1 | WR_EN: 1 | RD_CS: x | RD_EN: x | D_IN: 'd180 | D_OUT: 'dx | FULL: 0 | EMPTY: x
# UVM_INFO fifo_scoreboard.sv(29) @ 14950: uvm_test_top.env.scb [SCBD_WRITE] Stored Data: 'd180 | Queue Size: 51
# UVM_INFO fifo_driver.sv(44) @ 15150: uvm_test_top.env.in_agent.drv [DRV] WR_CS: 1 | WR_EN: 1 | RD_CS: 0 | RD_EN: 0 | D_IN: 'd117 | D_OUT: 'dx | FULL: x | EMPTY: x
# UVM_INFO fifo_inmonitor.sv(34) @ 15150: uvm_test_top.env.in_agent.mon [uvm_test_top.env.in_agent.mon] WRITE TX Captured:
# WR_CS: 1 | WR_EN: 1 | RD_CS: x | RD_EN: x | D_IN: 'd117 | D_OUT: 'dx | FULL: 0 | EMPTY: x
# UVM_INFO fifo_scoreboard.sv(29) @ 15150: uvm_test_top.env.scb [SCBD_WRITE] Stored Data: 'd117 | Queue Size: 52
# UVM_INFO fifo_driver.sv(44) @ 15350: uvm_test_top.env.in_agent.drv [DRV] WR_CS: 1 | WR_EN: 1 | RD_CS: 0 | RD_EN: 0 | D_IN: 'd234 | D_OUT: 'dx | FULL: x | EMPTY: x
# UVM_INFO fifo_inmonitor.sv(34) @ 15350: uvm_test_top.env.in_agent.mon [uvm_test_top.env.in_agent.mon] WRITE TX Captured:
# WR_CS: 1 | WR_EN: 1 | RD_CS: x | RD_EN: x | D_IN: 'd234 | D_OUT: 'dx | FULL: 0 | EMPTY: x
# UVM_INFO fifo_scoreboard.sv(29) @ 15350: uvm_test_top.env.scb [SCBD_WRITE] Stored Data: 'd234 | Queue Size: 53
# UVM_INFO fifo_driver.sv(44) @ 15550: uvm_test_top.env.in_agent.drv [DRV] WR_CS: 1 | WR_EN: 1 | RD_CS: 0 | RD_EN: 0 | D_IN: 'd68 | D_OUT: 'dx | FULL: x | EMPTY: x
# UVM_INFO fifo_inmonitor.sv(34) @ 15550: uvm_test_top.env.in_agent.mon [uvm_test_top.env.in_agent.mon] WRITE TX Captured:
# WR_CS: 1 | WR_EN: 1 | RD_CS: x | RD_EN: x | D_IN: 'd68 | D_OUT: 'dx | FULL: 0 | EMPTY: x
# UVM_INFO fifo_scoreboard.sv(29) @ 15550: uvm_test_top.env.scb [SCBD_WRITE] Stored Data: 'd68 | Queue Size: 54
# UVM_INFO fifo_driver.sv(44) @ 15750: uvm_test_top.env.in_agent.drv [DRV] WR_CS: 1 | WR_EN: 1 | RD_CS: 0 | RD_EN: 0 | D_IN: 'd44 | D_OUT: 'dx | FULL: x | EMPTY: x
# UVM_INFO fifo_inmonitor.sv(34) @ 15750: uvm_test_top.env.in_agent.mon [uvm_test_top.env.in_agent.mon] WRITE TX Captured:
# WR_CS: 1 | WR_EN: 1 | RD_CS: x | RD_EN: x | D_IN: 'd44 | D_OUT: 'dx | FULL: 0 | EMPTY: x
# UVM_INFO fifo_scoreboard.sv(29) @ 15750: uvm_test_top.env.scb [SCBD_WRITE] Stored Data: 'd44 | Queue Size: 55
# UVM_INFO fifo_driver.sv(44) @ 15950: uvm_test_top.env.in_agent.drv [DRV] WR_CS: 1 | WR_EN: 1 | RD_CS: 0 | RD_EN: 0 | D_IN: 'd146 | D_OUT: 'dx | FULL: x | EMPTY: x
# UVM_INFO fifo_inmonitor.sv(34) @ 15950: uvm_test_top.env.in_agent.mon [uvm_test_top.env.in_agent.mon] WRITE TX Captured:
# WR_CS: 1 | WR_EN: 1 | RD_CS: x | RD_EN: x | D_IN: 'd146 | D_OUT: 'dx | FULL: 0 | EMPTY: x
# UVM_INFO fifo_scoreboard.sv(29) @ 15950: uvm_test_top.env.scb [SCBD_WRITE] Stored Data: 'd146 | Queue Size: 56
# UVM_INFO fifo_driver.sv(44) @ 16150: uvm_test_top.env.in_agent.drv [DRV] WR_CS: 1 | WR_EN: 1 | RD_CS: 0 | RD_EN: 0 | D_IN: 'd239 | D_OUT: 'dx | FULL: x | EMPTY: x
# UVM_INFO fifo_inmonitor.sv(34) @ 16150: uvm_test_top.env.in_agent.mon [uvm_test_top.env.in_agent.mon] WRITE TX Captured:
# WR_CS: 1 | WR_EN: 1 | RD_CS: x | RD_EN: x | D_IN: 'd239 | D_OUT: 'dx | FULL: 0 | EMPTY: x
# UVM_INFO fifo_scoreboard.sv(29) @ 16150: uvm_test_top.env.scb [SCBD_WRITE] Stored Data: 'd239 | Queue Size: 57
# UVM_INFO fifo_driver.sv(44) @ 16350: uvm_test_top.env.in_agent.drv [DRV] WR_CS: 1 | WR_EN: 1 | RD_CS: 0 | RD_EN: 0 | D_IN: 'd146 | D_OUT: 'dx | FULL: x | EMPTY: x
# UVM_INFO fifo_inmonitor.sv(34) @ 16350: uvm_test_top.env.in_agent.mon [uvm_test_top.env.in_agent.mon] WRITE TX Captured:
# WR_CS: 1 | WR_EN: 1 | RD_CS: x | RD_EN: x | D_IN: 'd146 | D_OUT: 'dx | FULL: 0 | EMPTY: x
# UVM_INFO fifo_scoreboard.sv(29) @ 16350: uvm_test_top.env.scb [SCBD_WRITE] Stored Data: 'd146 | Queue Size: 58
# UVM_INFO fifo_driver.sv(44) @ 16550: uvm_test_top.env.in_agent.drv [DRV] WR_CS: 1 | WR_EN: 1 | RD_CS: 0 | RD_EN: 0 | D_IN: 'd247 | D_OUT: 'dx | FULL: x | EMPTY: x
# UVM_INFO fifo_inmonitor.sv(34) @ 16550: uvm_test_top.env.in_agent.mon [uvm_test_top.env.in_agent.mon] WRITE TX Captured:
# WR_CS: 1 | WR_EN: 1 | RD_CS: x | RD_EN: x | D_IN: 'd247 | D_OUT: 'dx | FULL: 0 | EMPTY: x
# UVM_INFO fifo_scoreboard.sv(29) @ 16550: uvm_test_top.env.scb [SCBD_WRITE] Stored Data: 'd247 | Queue Size: 59
# UVM_INFO fifo_driver.sv(44) @ 16750: uvm_test_top.env.in_agent.drv [DRV] WR_CS: 1 | WR_EN: 1 | RD_CS: 0 | RD_EN: 0 | D_IN: 'd89 | D_OUT: 'dx | FULL: x | EMPTY: x
# UVM_INFO fifo_inmonitor.sv(34) @ 16750: uvm_test_top.env.in_agent.mon [uvm_test_top.env.in_agent.mon] WRITE TX Captured:
# WR_CS: 1 | WR_EN: 1 | RD_CS: x | RD_EN: x | D_IN: 'd89 | D_OUT: 'dx | FULL: 0 | EMPTY: x
# UVM_INFO fifo_scoreboard.sv(29) @ 16750: uvm_test_top.env.scb [SCBD_WRITE] Stored Data: 'd89 | Queue Size: 60
# UVM_INFO fifo_driver.sv(44) @ 16950: uvm_test_top.env.in_agent.drv [DRV] WR_CS: 1 | WR_EN: 1 | RD_CS: 0 | RD_EN: 0 | D_IN: 'd177 | D_OUT: 'dx | FULL: x | EMPTY: x
# UVM_INFO fifo_inmonitor.sv(34) @ 16950: uvm_test_top.env.in_agent.mon [uvm_test_top.env.in_agent.mon] WRITE TX Captured:
# WR_CS: 1 | WR_EN: 1 | RD_CS: x | RD_EN: x | D_IN: 'd177 | D_OUT: 'dx | FULL: 0 | EMPTY: x
# UVM_INFO fifo_scoreboard.sv(29) @ 16950: uvm_test_top.env.scb [SCBD_WRITE] Stored Data: 'd177 | Queue Size: 61
# UVM_INFO fifo_driver.sv(44) @ 17150: uvm_test_top.env.in_agent.drv [DRV] WR_CS: 1 | WR_EN: 1 | RD_CS: 0 | RD_EN: 0 | D_IN: 'd16 | D_OUT: 'dx | FULL: x | EMPTY: x
# UVM_INFO fifo_inmonitor.sv(34) @ 17150: uvm_test_top.env.in_agent.mon [uvm_test_top.env.in_agent.mon] WRITE TX Captured:
# WR_CS: 1 | WR_EN: 1 | RD_CS: x | RD_EN: x | D_IN: 'd16 | D_OUT: 'dx | FULL: 0 | EMPTY: x
# UVM_INFO fifo_scoreboard.sv(29) @ 17150: uvm_test_top.env.scb [SCBD_WRITE] Stored Data: 'd16 | Queue Size: 62
# UVM_INFO fifo_driver.sv(44) @ 17350: uvm_test_top.env.in_agent.drv [DRV] WR_CS: 1 | WR_EN: 1 | RD_CS: 0 | RD_EN: 0 | D_IN: 'd188 | D_OUT: 'dx | FULL: x | EMPTY: x
# UVM_INFO fifo_inmonitor.sv(34) @ 17350: uvm_test_top.env.in_agent.mon [uvm_test_top.env.in_agent.mon] WRITE TX Captured:
# WR_CS: 1 | WR_EN: 1 | RD_CS: x | RD_EN: x | D_IN: 'd188 | D_OUT: 'dx | FULL: 0 | EMPTY: x
# UVM_INFO fifo_scoreboard.sv(29) @ 17350: uvm_test_top.env.scb [SCBD_WRITE] Stored Data: 'd188 | Queue Size: 63
# UVM_INFO fifo_driver.sv(44) @ 17550: uvm_test_top.env.in_agent.drv [DRV] WR_CS: 1 | WR_EN: 1 | RD_CS: 0 | RD_EN: 0 | D_IN: 'd43 | D_OUT: 'dx | FULL: x | EMPTY: x
# UVM_INFO fifo_inmonitor.sv(34) @ 17550: uvm_test_top.env.in_agent.mon [uvm_test_top.env.in_agent.mon] WRITE TX Captured:
# WR_CS: 1 | WR_EN: 1 | RD_CS: x | RD_EN: x | D_IN: 'd43 | D_OUT: 'dx | FULL: 0 | EMPTY: x
# UVM_INFO fifo_scoreboard.sv(29) @ 17550: uvm_test_top.env.scb [SCBD_WRITE] Stored Data: 'd43 | Queue Size: 64
# UVM_INFO fifo_driver.sv(44) @ 17750: uvm_test_top.env.in_agent.drv [DRV] WR_CS: 1 | WR_EN: 1 | RD_CS: 0 | RD_EN: 0 | D_IN: 'd81 | D_OUT: 'dx | FULL: x | EMPTY: x
# UVM_INFO fifo_inmonitor.sv(34) @ 17750: uvm_test_top.env.in_agent.mon [uvm_test_top.env.in_agent.mon] WRITE TX Captured:
# WR_CS: 1 | WR_EN: 1 | RD_CS: x | RD_EN: x | D_IN: 'd81 | D_OUT: 'dx | FULL: 0 | EMPTY: x
# UVM_INFO fifo_scoreboard.sv(29) @ 17750: uvm_test_top.env.scb [SCBD_WRITE] Stored Data: 'd81 | Queue Size: 65
# UVM_INFO fifo_driver.sv(44) @ 17950: uvm_test_top.env.in_agent.drv [DRV] WR_CS: 1 | WR_EN: 1 | RD_CS: 0 | RD_EN: 0 | D_IN: 'd121 | D_OUT: 'dx | FULL: x | EMPTY: x
# UVM_INFO fifo_inmonitor.sv(34) @ 17950: uvm_test_top.env.in_agent.mon [uvm_test_top.env.in_agent.mon] WRITE TX Captured:
# WR_CS: 1 | WR_EN: 1 | RD_CS: x | RD_EN: x | D_IN: 'd121 | D_OUT: 'dx | FULL: 0 | EMPTY: x
# UVM_INFO fifo_scoreboard.sv(29) @ 17950: uvm_test_top.env.scb [SCBD_WRITE] Stored Data: 'd121 | Queue Size: 66
# UVM_INFO fifo_driver.sv(44) @ 18150: uvm_test_top.env.in_agent.drv [DRV] WR_CS: 1 | WR_EN: 1 | RD_CS: 0 | RD_EN: 0 | D_IN: 'd159 | D_OUT: 'dx | FULL: x | EMPTY: x
# UVM_INFO fifo_inmonitor.sv(34) @ 18150: uvm_test_top.env.in_agent.mon [uvm_test_top.env.in_agent.mon] WRITE TX Captured:
# WR_CS: 1 | WR_EN: 1 | RD_CS: x | RD_EN: x | D_IN: 'd159 | D_OUT: 'dx | FULL: 0 | EMPTY: x
# UVM_INFO fifo_scoreboard.sv(29) @ 18150: uvm_test_top.env.scb [SCBD_WRITE] Stored Data: 'd159 | Queue Size: 67
# UVM_INFO fifo_driver.sv(44) @ 18350: uvm_test_top.env.in_agent.drv [DRV] WR_CS: 1 | WR_EN: 1 | RD_CS: 0 | RD_EN: 0 | D_IN: 'd6 | D_OUT: 'dx | FULL: x | EMPTY: x
# UVM_INFO fifo_inmonitor.sv(34) @ 18350: uvm_test_top.env.in_agent.mon [uvm_test_top.env.in_agent.mon] WRITE TX Captured:
# WR_CS: 1 | WR_EN: 1 | RD_CS: x | RD_EN: x | D_IN: 'd6 | D_OUT: 'dx | FULL: 0 | EMPTY: x
# UVM_INFO fifo_scoreboard.sv(29) @ 18350: uvm_test_top.env.scb [SCBD_WRITE] Stored Data: 'd6 | Queue Size: 68
# UVM_INFO fifo_driver.sv(44) @ 18550: uvm_test_top.env.in_agent.drv [DRV] WR_CS: 1 | WR_EN: 1 | RD_CS: 0 | RD_EN: 0 | D_IN: 'd184 | D_OUT: 'dx | FULL: x | EMPTY: x
# UVM_INFO fifo_inmonitor.sv(34) @ 18550: uvm_test_top.env.in_agent.mon [uvm_test_top.env.in_agent.mon] WRITE TX Captured:
# WR_CS: 1 | WR_EN: 1 | RD_CS: x | RD_EN: x | D_IN: 'd184 | D_OUT: 'dx | FULL: 0 | EMPTY: x
# UVM_INFO fifo_scoreboard.sv(29) @ 18550: uvm_test_top.env.scb [SCBD_WRITE] Stored Data: 'd184 | Queue Size: 69
# UVM_INFO fifo_driver.sv(44) @ 18750: uvm_test_top.env.in_agent.drv [DRV] WR_CS: 1 | WR_EN: 1 | RD_CS: 0 | RD_EN: 0 | D_IN: 'd229 | D_OUT: 'dx | FULL: x | EMPTY: x
# UVM_INFO fifo_inmonitor.sv(34) @ 18750: uvm_test_top.env.in_agent.mon [uvm_test_top.env.in_agent.mon] WRITE TX Captured:
# WR_CS: 1 | WR_EN: 1 | RD_CS: x | RD_EN: x | D_IN: 'd229 | D_OUT: 'dx | FULL: 0 | EMPTY: x
# UVM_INFO fifo_scoreboard.sv(29) @ 18750: uvm_test_top.env.scb [SCBD_WRITE] Stored Data: 'd229 | Queue Size: 70
# UVM_INFO fifo_driver.sv(44) @ 18950: uvm_test_top.env.in_agent.drv [DRV] WR_CS: 1 | WR_EN: 1 | RD_CS: 0 | RD_EN: 0 | D_IN: 'd182 | D_OUT: 'dx | FULL: x | EMPTY: x
# UVM_INFO fifo_inmonitor.sv(34) @ 18950: uvm_test_top.env.in_agent.mon [uvm_test_top.env.in_agent.mon] WRITE TX Captured:
# WR_CS: 1 | WR_EN: 1 | RD_CS: x | RD_EN: x | D_IN: 'd182 | D_OUT: 'dx | FULL: 0 | EMPTY: x
# UVM_INFO fifo_scoreboard.sv(29) @ 18950: uvm_test_top.env.scb [SCBD_WRITE] Stored Data: 'd182 | Queue Size: 71
# UVM_INFO fifo_driver.sv(44) @ 19150: uvm_test_top.env.in_agent.drv [DRV] WR_CS: 1 | WR_EN: 1 | RD_CS: 0 | RD_EN: 0 | D_IN: 'd101 | D_OUT: 'dx | FULL: x | EMPTY: x
# UVM_INFO fifo_inmonitor.sv(34) @ 19150: uvm_test_top.env.in_agent.mon [uvm_test_top.env.in_agent.mon] WRITE TX Captured:
# WR_CS: 1 | WR_EN: 1 | RD_CS: x | RD_EN: x | D_IN: 'd101 | D_OUT: 'dx | FULL: 0 | EMPTY: x
# UVM_INFO fifo_scoreboard.sv(29) @ 19150: uvm_test_top.env.scb [SCBD_WRITE] Stored Data: 'd101 | Queue Size: 72
# UVM_INFO fifo_driver.sv(44) @ 19350: uvm_test_top.env.in_agent.drv [DRV] WR_CS: 1 | WR_EN: 1 | RD_CS: 0 | RD_EN: 0 | D_IN: 'd106 | D_OUT: 'dx | FULL: x | EMPTY: x
# UVM_INFO fifo_inmonitor.sv(34) @ 19350: uvm_test_top.env.in_agent.mon [uvm_test_top.env.in_agent.mon] WRITE TX Captured:
# WR_CS: 1 | WR_EN: 1 | RD_CS: x | RD_EN: x | D_IN: 'd106 | D_OUT: 'dx | FULL: 0 | EMPTY: x
# UVM_INFO fifo_scoreboard.sv(29) @ 19350: uvm_test_top.env.scb [SCBD_WRITE] Stored Data: 'd106 | Queue Size: 73
# UVM_INFO fifo_driver.sv(44) @ 19550: uvm_test_top.env.in_agent.drv [DRV] WR_CS: 1 | WR_EN: 1 | RD_CS: 0 | RD_EN: 0 | D_IN: 'd246 | D_OUT: 'dx | FULL: x | EMPTY: x
# UVM_INFO fifo_inmonitor.sv(34) @ 19550: uvm_test_top.env.in_agent.mon [uvm_test_top.env.in_agent.mon] WRITE TX Captured:
# WR_CS: 1 | WR_EN: 1 | RD_CS: x | RD_EN: x | D_IN: 'd246 | D_OUT: 'dx | FULL: 0 | EMPTY: x
# UVM_INFO fifo_scoreboard.sv(29) @ 19550: uvm_test_top.env.scb [SCBD_WRITE] Stored Data: 'd246 | Queue Size: 74
# UVM_INFO fifo_driver.sv(44) @ 19750: uvm_test_top.env.in_agent.drv [DRV] WR_CS: 1 | WR_EN: 1 | RD_CS: 0 | RD_EN: 0 | D_IN: 'd64 | D_OUT: 'dx | FULL: x | EMPTY: x
# UVM_INFO fifo_inmonitor.sv(34) @ 19750: uvm_test_top.env.in_agent.mon [uvm_test_top.env.in_agent.mon] WRITE TX Captured:
# WR_CS: 1 | WR_EN: 1 | RD_CS: x | RD_EN: x | D_IN: 'd64 | D_OUT: 'dx | FULL: 0 | EMPTY: x
# UVM_INFO fifo_scoreboard.sv(29) @ 19750: uvm_test_top.env.scb [SCBD_WRITE] Stored Data: 'd64 | Queue Size: 75
# UVM_INFO fifo_driver.sv(44) @ 19950: uvm_test_top.env.in_agent.drv [DRV] WR_CS: 1 | WR_EN: 1 | RD_CS: 0 | RD_EN: 0 | D_IN: 'd121 | D_OUT: 'dx | FULL: x | EMPTY: x
# UVM_INFO fifo_inmonitor.sv(34) @ 19950: uvm_test_top.env.in_agent.mon [uvm_test_top.env.in_agent.mon] WRITE TX Captured:
# WR_CS: 1 | WR_EN: 1 | RD_CS: x | RD_EN: x | D_IN: 'd121 | D_OUT: 'dx | FULL: 0 | EMPTY: x
# UVM_INFO fifo_scoreboard.sv(29) @ 19950: uvm_test_top.env.scb [SCBD_WRITE] Stored Data: 'd121 | Queue Size: 76
# UVM_INFO fifo_driver.sv(44) @ 20150: uvm_test_top.env.in_agent.drv [DRV] WR_CS: 1 | WR_EN: 1 | RD_CS: 0 | RD_EN: 0 | D_IN: 'd176 | D_OUT: 'dx | FULL: x | EMPTY: x
# UVM_INFO fifo_inmonitor.sv(34) @ 20150: uvm_test_top.env.in_agent.mon [uvm_test_top.env.in_agent.mon] WRITE TX Captured:
# WR_CS: 1 | WR_EN: 1 | RD_CS: x | RD_EN: x | D_IN: 'd176 | D_OUT: 'dx | FULL: 0 | EMPTY: x
# UVM_INFO fifo_scoreboard.sv(29) @ 20150: uvm_test_top.env.scb [SCBD_WRITE] Stored Data: 'd176 | Queue Size: 77
# UVM_INFO fifo_driver.sv(44) @ 20350: uvm_test_top.env.in_agent.drv [DRV] WR_CS: 1 | WR_EN: 1 | RD_CS: 0 | RD_EN: 0 | D_IN: 'd241 | D_OUT: 'dx | FULL: x | EMPTY: x
# UVM_INFO fifo_inmonitor.sv(34) @ 20350: uvm_test_top.env.in_agent.mon [uvm_test_top.env.in_agent.mon] WRITE TX Captured:
# WR_CS: 1 | WR_EN: 1 | RD_CS: x | RD_EN: x | D_IN: 'd241 | D_OUT: 'dx | FULL: 0 | EMPTY: x
# UVM_INFO fifo_scoreboard.sv(29) @ 20350: uvm_test_top.env.scb [SCBD_WRITE] Stored Data: 'd241 | Queue Size: 78
# UVM_INFO fifo_driver.sv(44) @ 20550: uvm_test_top.env.in_agent.drv [DRV] WR_CS: 1 | WR_EN: 1 | RD_CS: 0 | RD_EN: 0 | D_IN: 'd115 | D_OUT: 'dx | FULL: x | EMPTY: x
# UVM_INFO fifo_inmonitor.sv(34) @ 20550: uvm_test_top.env.in_agent.mon [uvm_test_top.env.in_agent.mon] WRITE TX Captured:
# WR_CS: 1 | WR_EN: 1 | RD_CS: x | RD_EN: x | D_IN: 'd115 | D_OUT: 'dx | FULL: 0 | EMPTY: x
# UVM_INFO fifo_scoreboard.sv(29) @ 20550: uvm_test_top.env.scb [SCBD_WRITE] Stored Data: 'd115 | Queue Size: 79
# UVM_INFO fifo_driver.sv(44) @ 20750: uvm_test_top.env.in_agent.drv [DRV] WR_CS: 1 | WR_EN: 1 | RD_CS: 0 | RD_EN: 0 | D_IN: 'd136 | D_OUT: 'dx | FULL: x | EMPTY: x
# UVM_INFO fifo_inmonitor.sv(34) @ 20750: uvm_test_top.env.in_agent.mon [uvm_test_top.env.in_agent.mon] WRITE TX Captured:
# WR_CS: 1 | WR_EN: 1 | RD_CS: x | RD_EN: x | D_IN: 'd136 | D_OUT: 'dx | FULL: 0 | EMPTY: x
# UVM_INFO fifo_scoreboard.sv(29) @ 20750: uvm_test_top.env.scb [SCBD_WRITE] Stored Data: 'd136 | Queue Size: 80
# UVM_INFO fifo_driver.sv(44) @ 20950: uvm_test_top.env.in_agent.drv [DRV] WR_CS: 1 | WR_EN: 1 | RD_CS: 0 | RD_EN: 0 | D_IN: 'd31 | D_OUT: 'dx | FULL: x | EMPTY: x
# UVM_INFO fifo_inmonitor.sv(34) @ 20950: uvm_test_top.env.in_agent.mon [uvm_test_top.env.in_agent.mon] WRITE TX Captured:
# WR_CS: 1 | WR_EN: 1 | RD_CS: x | RD_EN: x | D_IN: 'd31 | D_OUT: 'dx | FULL: 0 | EMPTY: x
# UVM_INFO fifo_scoreboard.sv(29) @ 20950: uvm_test_top.env.scb [SCBD_WRITE] Stored Data: 'd31 | Queue Size: 81
# UVM_INFO fifo_driver.sv(44) @ 21150: uvm_test_top.env.in_agent.drv [DRV] WR_CS: 1 | WR_EN: 1 | RD_CS: 0 | RD_EN: 0 | D_IN: 'd218 | D_OUT: 'dx | FULL: x | EMPTY: x
# UVM_INFO fifo_inmonitor.sv(34) @ 21150: uvm_test_top.env.in_agent.mon [uvm_test_top.env.in_agent.mon] WRITE TX Captured:
# WR_CS: 1 | WR_EN: 1 | RD_CS: x | RD_EN: x | D_IN: 'd218 | D_OUT: 'dx | FULL: 0 | EMPTY: x
# UVM_INFO fifo_scoreboard.sv(29) @ 21150: uvm_test_top.env.scb [SCBD_WRITE] Stored Data: 'd218 | Queue Size: 82
# UVM_INFO fifo_driver.sv(44) @ 21350: uvm_test_top.env.in_agent.drv [DRV] WR_CS: 1 | WR_EN: 1 | RD_CS: 0 | RD_EN: 0 | D_IN: 'd60 | D_OUT: 'dx | FULL: x | EMPTY: x
# UVM_INFO fifo_inmonitor.sv(34) @ 21350: uvm_test_top.env.in_agent.mon [uvm_test_top.env.in_agent.mon] WRITE TX Captured:
# WR_CS: 1 | WR_EN: 1 | RD_CS: x | RD_EN: x | D_IN: 'd60 | D_OUT: 'dx | FULL: 0 | EMPTY: x
# UVM_INFO fifo_scoreboard.sv(29) @ 21350: uvm_test_top.env.scb [SCBD_WRITE] Stored Data: 'd60 | Queue Size: 83
# UVM_INFO fifo_driver.sv(44) @ 21550: uvm_test_top.env.in_agent.drv [DRV] WR_CS: 1 | WR_EN: 1 | RD_CS: 0 | RD_EN: 0 | D_IN: 'd43 | D_OUT: 'dx | FULL: x | EMPTY: x
# UVM_INFO fifo_inmonitor.sv(34) @ 21550: uvm_test_top.env.in_agent.mon [uvm_test_top.env.in_agent.mon] WRITE TX Captured:
# WR_CS: 1 | WR_EN: 1 | RD_CS: x | RD_EN: x | D_IN: 'd43 | D_OUT: 'dx | FULL: 0 | EMPTY: x
# UVM_INFO fifo_scoreboard.sv(29) @ 21550: uvm_test_top.env.scb [SCBD_WRITE] Stored Data: 'd43 | Queue Size: 84
# UVM_INFO fifo_driver.sv(44) @ 21750: uvm_test_top.env.in_agent.drv [DRV] WR_CS: 1 | WR_EN: 1 | RD_CS: 0 | RD_EN: 0 | D_IN: 'd175 | D_OUT: 'dx | FULL: x | EMPTY: x
# UVM_INFO fifo_inmonitor.sv(34) @ 21750: uvm_test_top.env.in_agent.mon [uvm_test_top.env.in_agent.mon] WRITE TX Captured:
# WR_CS: 1 | WR_EN: 1 | RD_CS: x | RD_EN: x | D_IN: 'd175 | D_OUT: 'dx | FULL: 0 | EMPTY: x
# UVM_INFO fifo_scoreboard.sv(29) @ 21750: uvm_test_top.env.scb [SCBD_WRITE] Stored Data: 'd175 | Queue Size: 85
# UVM_INFO fifo_driver.sv(44) @ 21950: uvm_test_top.env.in_agent.drv [DRV] WR_CS: 1 | WR_EN: 1 | RD_CS: 0 | RD_EN: 0 | D_IN: 'd120 | D_OUT: 'dx | FULL: x | EMPTY: x
# UVM_INFO fifo_inmonitor.sv(34) @ 21950: uvm_test_top.env.in_agent.mon [uvm_test_top.env.in_agent.mon] WRITE TX Captured:
# WR_CS: 1 | WR_EN: 1 | RD_CS: x | RD_EN: x | D_IN: 'd120 | D_OUT: 'dx | FULL: 0 | EMPTY: x
# UVM_INFO fifo_scoreboard.sv(29) @ 21950: uvm_test_top.env.scb [SCBD_WRITE] Stored Data: 'd120 | Queue Size: 86
# UVM_INFO fifo_driver.sv(44) @ 22150: uvm_test_top.env.in_agent.drv [DRV] WR_CS: 1 | WR_EN: 1 | RD_CS: 0 | RD_EN: 0 | D_IN: 'd53 | D_OUT: 'dx | FULL: x | EMPTY: x
# UVM_INFO fifo_inmonitor.sv(34) @ 22150: uvm_test_top.env.in_agent.mon [uvm_test_top.env.in_agent.mon] WRITE TX Captured:
# WR_CS: 1 | WR_EN: 1 | RD_CS: x | RD_EN: x | D_IN: 'd53 | D_OUT: 'dx | FULL: 0 | EMPTY: x
# UVM_INFO fifo_scoreboard.sv(29) @ 22150: uvm_test_top.env.scb [SCBD_WRITE] Stored Data: 'd53 | Queue Size: 87
# UVM_INFO fifo_driver.sv(44) @ 22350: uvm_test_top.env.in_agent.drv [DRV] WR_CS: 1 | WR_EN: 1 | RD_CS: 0 | RD_EN: 0 | D_IN: 'd218 | D_OUT: 'dx | FULL: x | EMPTY: x
# UVM_INFO fifo_inmonitor.sv(34) @ 22350: uvm_test_top.env.in_agent.mon [uvm_test_top.env.in_agent.mon] WRITE TX Captured:
# WR_CS: 1 | WR_EN: 1 | RD_CS: x | RD_EN: x | D_IN: 'd218 | D_OUT: 'dx | FULL: 0 | EMPTY: x
# UVM_INFO fifo_scoreboard.sv(29) @ 22350: uvm_test_top.env.scb [SCBD_WRITE] Stored Data: 'd218 | Queue Size: 88
# UVM_INFO fifo_driver.sv(44) @ 22550: uvm_test_top.env.in_agent.drv [DRV] WR_CS: 1 | WR_EN: 1 | RD_CS: 0 | RD_EN: 0 | D_IN: 'd142 | D_OUT: 'dx | FULL: x | EMPTY: x
# UVM_INFO fifo_inmonitor.sv(34) @ 22550: uvm_test_top.env.in_agent.mon [uvm_test_top.env.in_agent.mon] WRITE TX Captured:
# WR_CS: 1 | WR_EN: 1 | RD_CS: x | RD_EN: x | D_IN: 'd142 | D_OUT: 'dx | FULL: 0 | EMPTY: x
# UVM_INFO fifo_scoreboard.sv(29) @ 22550: uvm_test_top.env.scb [SCBD_WRITE] Stored Data: 'd142 | Queue Size: 89
# UVM_INFO fifo_driver.sv(44) @ 22750: uvm_test_top.env.in_agent.drv [DRV] WR_CS: 1 | WR_EN: 1 | RD_CS: 0 | RD_EN: 0 | D_IN: 'd110 | D_OUT: 'dx | FULL: x | EMPTY: x
# UVM_INFO fifo_inmonitor.sv(34) @ 22750: uvm_test_top.env.in_agent.mon [uvm_test_top.env.in_agent.mon] WRITE TX Captured:
# WR_CS: 1 | WR_EN: 1 | RD_CS: x | RD_EN: x | D_IN: 'd110 | D_OUT: 'dx | FULL: 0 | EMPTY: x
# UVM_INFO fifo_scoreboard.sv(29) @ 22750: uvm_test_top.env.scb [SCBD_WRITE] Stored Data: 'd110 | Queue Size: 90
# UVM_INFO fifo_driver.sv(44) @ 22950: uvm_test_top.env.in_agent.drv [DRV] WR_CS: 1 | WR_EN: 1 | RD_CS: 0 | RD_EN: 0 | D_IN: 'd10 | D_OUT: 'dx | FULL: x | EMPTY: x
# UVM_INFO fifo_inmonitor.sv(34) @ 22950: uvm_test_top.env.in_agent.mon [uvm_test_top.env.in_agent.mon] WRITE TX Captured:
# WR_CS: 1 | WR_EN: 1 | RD_CS: x | RD_EN: x | D_IN: 'd10 | D_OUT: 'dx | FULL: 0 | EMPTY: x
# UVM_INFO fifo_scoreboard.sv(29) @ 22950: uvm_test_top.env.scb [SCBD_WRITE] Stored Data: 'd10 | Queue Size: 91
# UVM_INFO fifo_driver.sv(44) @ 23150: uvm_test_top.env.in_agent.drv [DRV] WR_CS: 1 | WR_EN: 1 | RD_CS: 0 | RD_EN: 0 | D_IN: 'd56 | D_OUT: 'dx | FULL: x | EMPTY: x
# UVM_INFO fifo_inmonitor.sv(34) @ 23150: uvm_test_top.env.in_agent.mon [uvm_test_top.env.in_agent.mon] WRITE TX Captured:
# WR_CS: 1 | WR_EN: 1 | RD_CS: x | RD_EN: x | D_IN: 'd56 | D_OUT: 'dx | FULL: 0 | EMPTY: x
# UVM_INFO fifo_scoreboard.sv(29) @ 23150: uvm_test_top.env.scb [SCBD_WRITE] Stored Data: 'd56 | Queue Size: 92
# UVM_INFO fifo_driver.sv(44) @ 23350: uvm_test_top.env.in_agent.drv [DRV] WR_CS: 1 | WR_EN: 1 | RD_CS: 0 | RD_EN: 0 | D_IN: 'd166 | D_OUT: 'dx | FULL: x | EMPTY: x
# UVM_INFO fifo_inmonitor.sv(34) @ 23350: uvm_test_top.env.in_agent.mon [uvm_test_top.env.in_agent.mon] WRITE TX Captured:
# WR_CS: 1 | WR_EN: 1 | RD_CS: x | RD_EN: x | D_IN: 'd166 | D_OUT: 'dx | FULL: 0 | EMPTY: x
# UVM_INFO fifo_scoreboard.sv(29) @ 23350: uvm_test_top.env.scb [SCBD_WRITE] Stored Data: 'd166 | Queue Size: 93
# UVM_INFO fifo_driver.sv(44) @ 23550: uvm_test_top.env.in_agent.drv [DRV] WR_CS: 1 | WR_EN: 1 | RD_CS: 0 | RD_EN: 0 | D_IN: 'd128 | D_OUT: 'dx | FULL: x | EMPTY: x
# UVM_INFO fifo_inmonitor.sv(34) @ 23550: uvm_test_top.env.in_agent.mon [uvm_test_top.env.in_agent.mon] WRITE TX Captured:
# WR_CS: 1 | WR_EN: 1 | RD_CS: x | RD_EN: x | D_IN: 'd128 | D_OUT: 'dx | FULL: 0 | EMPTY: x
# UVM_INFO fifo_scoreboard.sv(29) @ 23550: uvm_test_top.env.scb [SCBD_WRITE] Stored Data: 'd128 | Queue Size: 94
# UVM_INFO fifo_driver.sv(44) @ 23750: uvm_test_top.env.in_agent.drv [DRV] WR_CS: 1 | WR_EN: 1 | RD_CS: 0 | RD_EN: 0 | D_IN: 'd139 | D_OUT: 'dx | FULL: x | EMPTY: x
# UVM_INFO fifo_inmonitor.sv(34) @ 23750: uvm_test_top.env.in_agent.mon [uvm_test_top.env.in_agent.mon] WRITE TX Captured:
# WR_CS: 1 | WR_EN: 1 | RD_CS: x | RD_EN: x | D_IN: 'd139 | D_OUT: 'dx | FULL: 0 | EMPTY: x
# UVM_INFO fifo_scoreboard.sv(29) @ 23750: uvm_test_top.env.scb [SCBD_WRITE] Stored Data: 'd139 | Queue Size: 95
# UVM_INFO fifo_driver.sv(44) @ 23950: uvm_test_top.env.in_agent.drv [DRV] WR_CS: 1 | WR_EN: 1 | RD_CS: 0 | RD_EN: 0 | D_IN: 'd212 | D_OUT: 'dx | FULL: x | EMPTY: x
# UVM_INFO fifo_inmonitor.sv(34) @ 23950: uvm_test_top.env.in_agent.mon [uvm_test_top.env.in_agent.mon] WRITE TX Captured:
# WR_CS: 1 | WR_EN: 1 | RD_CS: x | RD_EN: x | D_IN: 'd212 | D_OUT: 'dx | FULL: 0 | EMPTY: x
# UVM_INFO fifo_scoreboard.sv(29) @ 23950: uvm_test_top.env.scb [SCBD_WRITE] Stored Data: 'd212 | Queue Size: 96
# UVM_INFO fifo_driver.sv(44) @ 24150: uvm_test_top.env.in_agent.drv [DRV] WR_CS: 1 | WR_EN: 1 | RD_CS: 0 | RD_EN: 0 | D_IN: 'd60 | D_OUT: 'dx | FULL: x | EMPTY: x
# UVM_INFO fifo_inmonitor.sv(34) @ 24150: uvm_test_top.env.in_agent.mon [uvm_test_top.env.in_agent.mon] WRITE TX Captured:
# WR_CS: 1 | WR_EN: 1 | RD_CS: x | RD_EN: x | D_IN: 'd60 | D_OUT: 'dx | FULL: 0 | EMPTY: x
# UVM_INFO fifo_scoreboard.sv(29) @ 24150: uvm_test_top.env.scb [SCBD_WRITE] Stored Data: 'd60 | Queue Size: 97
# UVM_INFO fifo_driver.sv(44) @ 24350: uvm_test_top.env.in_agent.drv [DRV] WR_CS: 1 | WR_EN: 1 | RD_CS: 0 | RD_EN: 0 | D_IN: 'd174 | D_OUT: 'dx | FULL: x | EMPTY: x
# UVM_INFO fifo_inmonitor.sv(34) @ 24350: uvm_test_top.env.in_agent.mon [uvm_test_top.env.in_agent.mon] WRITE TX Captured:
# WR_CS: 1 | WR_EN: 1 | RD_CS: x | RD_EN: x | D_IN: 'd174 | D_OUT: 'dx | FULL: 0 | EMPTY: x
# UVM_INFO fifo_scoreboard.sv(29) @ 24350: uvm_test_top.env.scb [SCBD_WRITE] Stored Data: 'd174 | Queue Size: 98
# UVM_INFO fifo_driver.sv(44) @ 24550: uvm_test_top.env.in_agent.drv [DRV] WR_CS: 1 | WR_EN: 1 | RD_CS: 0 | RD_EN: 0 | D_IN: 'd179 | D_OUT: 'dx | FULL: x | EMPTY: x
# UVM_INFO fifo_inmonitor.sv(34) @ 24550: uvm_test_top.env.in_agent.mon [uvm_test_top.env.in_agent.mon] WRITE TX Captured:
# WR_CS: 1 | WR_EN: 1 | RD_CS: x | RD_EN: x | D_IN: 'd179 | D_OUT: 'dx | FULL: 0 | EMPTY: x
# UVM_INFO fifo_scoreboard.sv(29) @ 24550: uvm_test_top.env.scb [SCBD_WRITE] Stored Data: 'd179 | Queue Size: 99
# UVM_INFO fifo_driver.sv(44) @ 24750: uvm_test_top.env.in_agent.drv [DRV] WR_CS: 1 | WR_EN: 1 | RD_CS: 0 | RD_EN: 0 | D_IN: 'd184 | D_OUT: 'dx | FULL: x | EMPTY: x
# UVM_INFO fifo_inmonitor.sv(34) @ 24750: uvm_test_top.env.in_agent.mon [uvm_test_top.env.in_agent.mon] WRITE TX Captured:
# WR_CS: 1 | WR_EN: 1 | RD_CS: x | RD_EN: x | D_IN: 'd184 | D_OUT: 'dx | FULL: 0 | EMPTY: x
# UVM_INFO fifo_scoreboard.sv(29) @ 24750: uvm_test_top.env.scb [SCBD_WRITE] Stored Data: 'd184 | Queue Size: 100
# UVM_INFO fifo_driver.sv(44) @ 24950: uvm_test_top.env.in_agent.drv [DRV] WR_CS: 1 | WR_EN: 1 | RD_CS: 0 | RD_EN: 0 | D_IN: 'd55 | D_OUT: 'dx | FULL: x | EMPTY: x
# UVM_INFO fifo_inmonitor.sv(34) @ 24950: uvm_test_top.env.in_agent.mon [uvm_test_top.env.in_agent.mon] WRITE TX Captured:
# WR_CS: 1 | WR_EN: 1 | RD_CS: x | RD_EN: x | D_IN: 'd55 | D_OUT: 'dx | FULL: 0 | EMPTY: x
# UVM_INFO fifo_scoreboard.sv(29) @ 24950: uvm_test_top.env.scb [SCBD_WRITE] Stored Data: 'd55 | Queue Size: 101
# UVM_INFO fifo_driver.sv(44) @ 25150: uvm_test_top.env.in_agent.drv [DRV] WR_CS: 1 | WR_EN: 1 | RD_CS: 0 | RD_EN: 0 | D_IN: 'd31 | D_OUT: 'dx | FULL: x | EMPTY: x
# UVM_INFO fifo_inmonitor.sv(34) @ 25150: uvm_test_top.env.in_agent.mon [uvm_test_top.env.in_agent.mon] WRITE TX Captured:
# WR_CS: 1 | WR_EN: 1 | RD_CS: x | RD_EN: x | D_IN: 'd31 | D_OUT: 'dx | FULL: 0 | EMPTY: x
# UVM_INFO fifo_scoreboard.sv(29) @ 25150: uvm_test_top.env.scb [SCBD_WRITE] Stored Data: 'd31 | Queue Size: 102
# UVM_INFO fifo_driver.sv(44) @ 25350: uvm_test_top.env.in_agent.drv [DRV] WR_CS: 1 | WR_EN: 1 | RD_CS: 0 | RD_EN: 0 | D_IN: 'd18 | D_OUT: 'dx | FULL: x | EMPTY: x
# UVM_INFO fifo_inmonitor.sv(34) @ 25350: uvm_test_top.env.in_agent.mon [uvm_test_top.env.in_agent.mon] WRITE TX Captured:
# WR_CS: 1 | WR_EN: 1 | RD_CS: x | RD_EN: x | D_IN: 'd18 | D_OUT: 'dx | FULL: 0 | EMPTY: x
# UVM_INFO fifo_scoreboard.sv(29) @ 25350: uvm_test_top.env.scb [SCBD_WRITE] Stored Data: 'd18 | Queue Size: 103
# UVM_INFO fifo_driver.sv(44) @ 25550: uvm_test_top.env.in_agent.drv [DRV] WR_CS: 1 | WR_EN: 1 | RD_CS: 0 | RD_EN: 0 | D_IN: 'd242 | D_OUT: 'dx | FULL: x | EMPTY: x
# UVM_INFO fifo_inmonitor.sv(34) @ 25550: uvm_test_top.env.in_agent.mon [uvm_test_top.env.in_agent.mon] WRITE TX Captured:
# WR_CS: 1 | WR_EN: 1 | RD_CS: x | RD_EN: x | D_IN: 'd242 | D_OUT: 'dx | FULL: 0 | EMPTY: x
# UVM_INFO fifo_scoreboard.sv(29) @ 25550: uvm_test_top.env.scb [SCBD_WRITE] Stored Data: 'd242 | Queue Size: 104
# UVM_INFO fifo_driver.sv(44) @ 25750: uvm_test_top.env.in_agent.drv [DRV] WR_CS: 1 | WR_EN: 1 | RD_CS: 0 | RD_EN: 0 | D_IN: 'd156 | D_OUT: 'dx | FULL: x | EMPTY: x
# UVM_INFO fifo_inmonitor.sv(34) @ 25750: uvm_test_top.env.in_agent.mon [uvm_test_top.env.in_agent.mon] WRITE TX Captured:
# WR_CS: 1 | WR_EN: 1 | RD_CS: x | RD_EN: x | D_IN: 'd156 | D_OUT: 'dx | FULL: 0 | EMPTY: x
# UVM_INFO fifo_scoreboard.sv(29) @ 25750: uvm_test_top.env.scb [SCBD_WRITE] Stored Data: 'd156 | Queue Size: 105
# UVM_INFO fifo_driver.sv(44) @ 25950: uvm_test_top.env.in_agent.drv [DRV] WR_CS: 1 | WR_EN: 1 | RD_CS: 0 | RD_EN: 0 | D_IN: 'd66 | D_OUT: 'dx | FULL: x | EMPTY: x
# UVM_INFO fifo_inmonitor.sv(34) @ 25950: uvm_test_top.env.in_agent.mon [uvm_test_top.env.in_agent.mon] WRITE TX Captured:
# WR_CS: 1 | WR_EN: 1 | RD_CS: x | RD_EN: x | D_IN: 'd66 | D_OUT: 'dx | FULL: 0 | EMPTY: x
# UVM_INFO fifo_scoreboard.sv(29) @ 25950: uvm_test_top.env.scb [SCBD_WRITE] Stored Data: 'd66 | Queue Size: 106
# UVM_INFO fifo_driver.sv(44) @ 26150: uvm_test_top.env.in_agent.drv [DRV] WR_CS: 1 | WR_EN: 1 | RD_CS: 0 | RD_EN: 0 | D_IN: 'd220 | D_OUT: 'dx | FULL: x | EMPTY: x
# UVM_INFO fifo_inmonitor.sv(34) @ 26150: uvm_test_top.env.in_agent.mon [uvm_test_top.env.in_agent.mon] WRITE TX Captured:
# WR_CS: 1 | WR_EN: 1 | RD_CS: x | RD_EN: x | D_IN: 'd220 | D_OUT: 'dx | FULL: 0 | EMPTY: x
# UVM_INFO fifo_scoreboard.sv(29) @ 26150: uvm_test_top.env.scb [SCBD_WRITE] Stored Data: 'd220 | Queue Size: 107
# UVM_INFO fifo_driver.sv(44) @ 26350: uvm_test_top.env.in_agent.drv [DRV] WR_CS: 1 | WR_EN: 1 | RD_CS: 0 | RD_EN: 0 | D_IN: 'd90 | D_OUT: 'dx | FULL: x | EMPTY: x
# UVM_INFO fifo_inmonitor.sv(34) @ 26350: uvm_test_top.env.in_agent.mon [uvm_test_top.env.in_agent.mon] WRITE TX Captured:
# WR_CS: 1 | WR_EN: 1 | RD_CS: x | RD_EN: x | D_IN: 'd90 | D_OUT: 'dx | FULL: 0 | EMPTY: x
# UVM_INFO fifo_scoreboard.sv(29) @ 26350: uvm_test_top.env.scb [SCBD_WRITE] Stored Data: 'd90 | Queue Size: 108
# UVM_INFO fifo_driver.sv(44) @ 26550: uvm_test_top.env.in_agent.drv [DRV] WR_CS: 1 | WR_EN: 1 | RD_CS: 0 | RD_EN: 0 | D_IN: 'd152 | D_OUT: 'dx | FULL: x | EMPTY: x
# UVM_INFO fifo_inmonitor.sv(34) @ 26550: uvm_test_top.env.in_agent.mon [uvm_test_top.env.in_agent.mon] WRITE TX Captured:
# WR_CS: 1 | WR_EN: 1 | RD_CS: x | RD_EN: x | D_IN: 'd152 | D_OUT: 'dx | FULL: 0 | EMPTY: x
# UVM_INFO fifo_scoreboard.sv(29) @ 26550: uvm_test_top.env.scb [SCBD_WRITE] Stored Data: 'd152 | Queue Size: 109
# UVM_INFO fifo_driver.sv(44) @ 26750: uvm_test_top.env.in_agent.drv [DRV] WR_CS: 1 | WR_EN: 1 | RD_CS: 0 | RD_EN: 0 | D_IN: 'd69 | D_OUT: 'dx | FULL: x | EMPTY: x
# UVM_INFO fifo_inmonitor.sv(34) @ 26750: uvm_test_top.env.in_agent.mon [uvm_test_top.env.in_agent.mon] WRITE TX Captured:
# WR_CS: 1 | WR_EN: 1 | RD_CS: x | RD_EN: x | D_IN: 'd69 | D_OUT: 'dx | FULL: 0 | EMPTY: x
# UVM_INFO fifo_scoreboard.sv(29) @ 26750: uvm_test_top.env.scb [SCBD_WRITE] Stored Data: 'd69 | Queue Size: 110
# UVM_INFO fifo_driver.sv(44) @ 26950: uvm_test_top.env.in_agent.drv [DRV] WR_CS: 1 | WR_EN: 1 | RD_CS: 0 | RD_EN: 0 | D_IN: 'd97 | D_OUT: 'dx | FULL: x | EMPTY: x
# UVM_INFO fifo_inmonitor.sv(34) @ 26950: uvm_test_top.env.in_agent.mon [uvm_test_top.env.in_agent.mon] WRITE TX Captured:
# WR_CS: 1 | WR_EN: 1 | RD_CS: x | RD_EN: x | D_IN: 'd97 | D_OUT: 'dx | FULL: 0 | EMPTY: x
# UVM_INFO fifo_scoreboard.sv(29) @ 26950: uvm_test_top.env.scb [SCBD_WRITE] Stored Data: 'd97 | Queue Size: 111
# UVM_INFO fifo_driver.sv(44) @ 27150: uvm_test_top.env.in_agent.drv [DRV] WR_CS: 1 | WR_EN: 1 | RD_CS: 0 | RD_EN: 0 | D_IN: 'd251 | D_OUT: 'dx | FULL: x | EMPTY: x
# UVM_INFO fifo_inmonitor.sv(34) @ 27150: uvm_test_top.env.in_agent.mon [uvm_test_top.env.in_agent.mon] WRITE TX Captured:
# WR_CS: 1 | WR_EN: 1 | RD_CS: x | RD_EN: x | D_IN: 'd251 | D_OUT: 'dx | FULL: 0 | EMPTY: x
# UVM_INFO fifo_scoreboard.sv(29) @ 27150: uvm_test_top.env.scb [SCBD_WRITE] Stored Data: 'd251 | Queue Size: 112
# UVM_INFO fifo_driver.sv(44) @ 27350: uvm_test_top.env.in_agent.drv [DRV] WR_CS: 1 | WR_EN: 1 | RD_CS: 0 | RD_EN: 0 | D_IN: 'd27 | D_OUT: 'dx | FULL: x | EMPTY: x
# UVM_INFO fifo_inmonitor.sv(34) @ 27350: uvm_test_top.env.in_agent.mon [uvm_test_top.env.in_agent.mon] WRITE TX Captured:
# WR_CS: 1 | WR_EN: 1 | RD_CS: x | RD_EN: x | D_IN: 'd27 | D_OUT: 'dx | FULL: 0 | EMPTY: x
# UVM_INFO fifo_scoreboard.sv(29) @ 27350: uvm_test_top.env.scb [SCBD_WRITE] Stored Data: 'd27 | Queue Size: 113
# UVM_INFO fifo_driver.sv(44) @ 27550: uvm_test_top.env.in_agent.drv [DRV] WR_CS: 1 | WR_EN: 1 | RD_CS: 0 | RD_EN: 0 | D_IN: 'd58 | D_OUT: 'dx | FULL: x | EMPTY: x
# UVM_INFO fifo_inmonitor.sv(34) @ 27550: uvm_test_top.env.in_agent.mon [uvm_test_top.env.in_agent.mon] WRITE TX Captured:
# WR_CS: 1 | WR_EN: 1 | RD_CS: x | RD_EN: x | D_IN: 'd58 | D_OUT: 'dx | FULL: 0 | EMPTY: x
# UVM_INFO fifo_scoreboard.sv(29) @ 27550: uvm_test_top.env.scb [SCBD_WRITE] Stored Data: 'd58 | Queue Size: 114
# UVM_INFO fifo_driver.sv(44) @ 27750: uvm_test_top.env.in_agent.drv [DRV] WR_CS: 1 | WR_EN: 1 | RD_CS: 0 | RD_EN: 0 | D_IN: 'd96 | D_OUT: 'dx | FULL: x | EMPTY: x
# UVM_INFO fifo_inmonitor.sv(34) @ 27750: uvm_test_top.env.in_agent.mon [uvm_test_top.env.in_agent.mon] WRITE TX Captured:
# WR_CS: 1 | WR_EN: 1 | RD_CS: x | RD_EN: x | D_IN: 'd96 | D_OUT: 'dx | FULL: 0 | EMPTY: x
# UVM_INFO fifo_scoreboard.sv(29) @ 27750: uvm_test_top.env.scb [SCBD_WRITE] Stored Data: 'd96 | Queue Size: 115
# UVM_INFO fifo_driver.sv(44) @ 27950: uvm_test_top.env.in_agent.drv [DRV] WR_CS: 1 | WR_EN: 1 | RD_CS: 0 | RD_EN: 0 | D_IN: 'd14 | D_OUT: 'dx | FULL: x | EMPTY: x
# UVM_INFO fifo_inmonitor.sv(34) @ 27950: uvm_test_top.env.in_agent.mon [uvm_test_top.env.in_agent.mon] WRITE TX Captured:
# WR_CS: 1 | WR_EN: 1 | RD_CS: x | RD_EN: x | D_IN: 'd14 | D_OUT: 'dx | FULL: 0 | EMPTY: x
# UVM_INFO fifo_scoreboard.sv(29) @ 27950: uvm_test_top.env.scb [SCBD_WRITE] Stored Data: 'd14 | Queue Size: 116
# UVM_INFO fifo_driver.sv(44) @ 28150: uvm_test_top.env.in_agent.drv [DRV] WR_CS: 1 | WR_EN: 1 | RD_CS: 0 | RD_EN: 0 | D_IN: 'd251 | D_OUT: 'dx | FULL: x | EMPTY: x
# UVM_INFO fifo_inmonitor.sv(34) @ 28150: uvm_test_top.env.in_agent.mon [uvm_test_top.env.in_agent.mon] WRITE TX Captured:
# WR_CS: 1 | WR_EN: 1 | RD_CS: x | RD_EN: x | D_IN: 'd251 | D_OUT: 'dx | FULL: 0 | EMPTY: x
# UVM_INFO fifo_scoreboard.sv(29) @ 28150: uvm_test_top.env.scb [SCBD_WRITE] Stored Data: 'd251 | Queue Size: 117
# UVM_INFO fifo_driver.sv(44) @ 28350: uvm_test_top.env.in_agent.drv [DRV] WR_CS: 1 | WR_EN: 1 | RD_CS: 0 | RD_EN: 0 | D_IN: 'd40 | D_OUT: 'dx | FULL: x | EMPTY: x
# UVM_INFO fifo_inmonitor.sv(34) @ 28350: uvm_test_top.env.in_agent.mon [uvm_test_top.env.in_agent.mon] WRITE TX Captured:
# WR_CS: 1 | WR_EN: 1 | RD_CS: x | RD_EN: x | D_IN: 'd40 | D_OUT: 'dx | FULL: 0 | EMPTY: x
# UVM_INFO fifo_scoreboard.sv(29) @ 28350: uvm_test_top.env.scb [SCBD_WRITE] Stored Data: 'd40 | Queue Size: 118
# UVM_INFO fifo_driver.sv(44) @ 28550: uvm_test_top.env.in_agent.drv [DRV] WR_CS: 1 | WR_EN: 1 | RD_CS: 0 | RD_EN: 0 | D_IN: 'd68 | D_OUT: 'dx | FULL: x | EMPTY: x
# UVM_INFO fifo_inmonitor.sv(34) @ 28550: uvm_test_top.env.in_agent.mon [uvm_test_top.env.in_agent.mon] WRITE TX Captured:
# WR_CS: 1 | WR_EN: 1 | RD_CS: x | RD_EN: x | D_IN: 'd68 | D_OUT: 'dx | FULL: 0 | EMPTY: x
# UVM_INFO fifo_scoreboard.sv(29) @ 28550: uvm_test_top.env.scb [SCBD_WRITE] Stored Data: 'd68 | Queue Size: 119
# UVM_INFO fifo_driver.sv(44) @ 28750: uvm_test_top.env.in_agent.drv [DRV] WR_CS: 1 | WR_EN: 1 | RD_CS: 0 | RD_EN: 0 | D_IN: 'd135 | D_OUT: 'dx | FULL: x | EMPTY: x
# UVM_INFO fifo_inmonitor.sv(34) @ 28750: uvm_test_top.env.in_agent.mon [uvm_test_top.env.in_agent.mon] WRITE TX Captured:
# WR_CS: 1 | WR_EN: 1 | RD_CS: x | RD_EN: x | D_IN: 'd135 | D_OUT: 'dx | FULL: 0 | EMPTY: x
# UVM_INFO fifo_scoreboard.sv(29) @ 28750: uvm_test_top.env.scb [SCBD_WRITE] Stored Data: 'd135 | Queue Size: 120
# UVM_INFO fifo_driver.sv(44) @ 28950: uvm_test_top.env.in_agent.drv [DRV] WR_CS: 1 | WR_EN: 1 | RD_CS: 0 | RD_EN: 0 | D_IN: 'd33 | D_OUT: 'dx | FULL: x | EMPTY: x
# UVM_INFO fifo_inmonitor.sv(34) @ 28950: uvm_test_top.env.in_agent.mon [uvm_test_top.env.in_agent.mon] WRITE TX Captured:
# WR_CS: 1 | WR_EN: 1 | RD_CS: x | RD_EN: x | D_IN: 'd33 | D_OUT: 'dx | FULL: 0 | EMPTY: x
# UVM_INFO fifo_scoreboard.sv(29) @ 28950: uvm_test_top.env.scb [SCBD_WRITE] Stored Data: 'd33 | Queue Size: 121
# UVM_INFO fifo_driver.sv(44) @ 29150: uvm_test_top.env.in_agent.drv [DRV] WR_CS: 1 | WR_EN: 1 | RD_CS: 0 | RD_EN: 0 | D_IN: 'd38 | D_OUT: 'dx | FULL: x | EMPTY: x
# UVM_INFO fifo_inmonitor.sv(34) @ 29150: uvm_test_top.env.in_agent.mon [uvm_test_top.env.in_agent.mon] WRITE TX Captured:
# WR_CS: 1 | WR_EN: 1 | RD_CS: x | RD_EN: x | D_IN: 'd38 | D_OUT: 'dx | FULL: 0 | EMPTY: x
# UVM_INFO fifo_scoreboard.sv(29) @ 29150: uvm_test_top.env.scb [SCBD_WRITE] Stored Data: 'd38 | Queue Size: 122
# UVM_INFO fifo_driver.sv(44) @ 29350: uvm_test_top.env.in_agent.drv [DRV] WR_CS: 1 | WR_EN: 1 | RD_CS: 0 | RD_EN: 0 | D_IN: 'd53 | D_OUT: 'dx | FULL: x | EMPTY: x
# UVM_INFO fifo_inmonitor.sv(34) @ 29350: uvm_test_top.env.in_agent.mon [uvm_test_top.env.in_agent.mon] WRITE TX Captured:
# WR_CS: 1 | WR_EN: 1 | RD_CS: x | RD_EN: x | D_IN: 'd53 | D_OUT: 'dx | FULL: 0 | EMPTY: x
# UVM_INFO fifo_scoreboard.sv(29) @ 29350: uvm_test_top.env.scb [SCBD_WRITE] Stored Data: 'd53 | Queue Size: 123
# UVM_INFO fifo_driver.sv(44) @ 29550: uvm_test_top.env.in_agent.drv [DRV] WR_CS: 1 | WR_EN: 1 | RD_CS: 0 | RD_EN: 0 | D_IN: 'd182 | D_OUT: 'dx | FULL: x | EMPTY: x
# UVM_INFO fifo_inmonitor.sv(34) @ 29550: uvm_test_top.env.in_agent.mon [uvm_test_top.env.in_agent.mon] WRITE TX Captured:
# WR_CS: 1 | WR_EN: 1 | RD_CS: x | RD_EN: x | D_IN: 'd182 | D_OUT: 'dx | FULL: 0 | EMPTY: x
# UVM_INFO fifo_scoreboard.sv(29) @ 29550: uvm_test_top.env.scb [SCBD_WRITE] Stored Data: 'd182 | Queue Size: 124
# UVM_INFO fifo_driver.sv(44) @ 29750: uvm_test_top.env.in_agent.drv [DRV] WR_CS: 1 | WR_EN: 1 | RD_CS: 0 | RD_EN: 0 | D_IN: 'd196 | D_OUT: 'dx | FULL: x | EMPTY: x
# UVM_INFO fifo_inmonitor.sv(34) @ 29750: uvm_test_top.env.in_agent.mon [uvm_test_top.env.in_agent.mon] WRITE TX Captured:
# WR_CS: 1 | WR_EN: 1 | RD_CS: x | RD_EN: x | D_IN: 'd196 | D_OUT: 'dx | FULL: 0 | EMPTY: x
# UVM_INFO fifo_scoreboard.sv(29) @ 29750: uvm_test_top.env.scb [SCBD_WRITE] Stored Data: 'd196 | Queue Size: 125
# UVM_INFO fifo_driver.sv(44) @ 29950: uvm_test_top.env.in_agent.drv [DRV] WR_CS: 1 | WR_EN: 1 | RD_CS: 0 | RD_EN: 0 | D_IN: 'd97 | D_OUT: 'dx | FULL: x | EMPTY: x
# UVM_INFO fifo_inmonitor.sv(34) @ 29950: uvm_test_top.env.in_agent.mon [uvm_test_top.env.in_agent.mon] WRITE TX Captured:
# WR_CS: 1 | WR_EN: 1 | RD_CS: x | RD_EN: x | D_IN: 'd97 | D_OUT: 'dx | FULL: 0 | EMPTY: x
# UVM_INFO fifo_scoreboard.sv(29) @ 29950: uvm_test_top.env.scb [SCBD_WRITE] Stored Data: 'd97 | Queue Size: 126
# UVM_INFO fifo_driver.sv(44) @ 30150: uvm_test_top.env.in_agent.drv [DRV] WR_CS: 1 | WR_EN: 1 | RD_CS: 0 | RD_EN: 0 | D_IN: 'd64 | D_OUT: 'dx | FULL: x | EMPTY: x
# UVM_INFO fifo_inmonitor.sv(34) @ 30150: uvm_test_top.env.in_agent.mon [uvm_test_top.env.in_agent.mon] WRITE TX Captured:
# WR_CS: 1 | WR_EN: 1 | RD_CS: x | RD_EN: x | D_IN: 'd64 | D_OUT: 'dx | FULL: 0 | EMPTY: x
# UVM_INFO fifo_scoreboard.sv(29) @ 30150: uvm_test_top.env.scb [SCBD_WRITE] Stored Data: 'd64 | Queue Size: 127
# UVM_INFO fifo_driver.sv(44) @ 30350: uvm_test_top.env.in_agent.drv [DRV] WR_CS: 1 | WR_EN: 1 | RD_CS: 0 | RD_EN: 0 | D_IN: 'd6 | D_OUT: 'dx | FULL: x | EMPTY: x
# UVM_INFO fifo_inmonitor.sv(34) @ 30350: uvm_test_top.env.in_agent.mon [uvm_test_top.env.in_agent.mon] WRITE TX Captured:
# WR_CS: 1 | WR_EN: 1 | RD_CS: x | RD_EN: x | D_IN: 'd6 | D_OUT: 'dx | FULL: 0 | EMPTY: x
# UVM_INFO fifo_scoreboard.sv(29) @ 30350: uvm_test_top.env.scb [SCBD_WRITE] Stored Data: 'd6 | Queue Size: 128
# UVM_INFO fifo_driver.sv(44) @ 30550: uvm_test_top.env.in_agent.drv [DRV] WR_CS: 1 | WR_EN: 1 | RD_CS: 0 | RD_EN: 0 | D_IN: 'd200 | D_OUT: 'dx | FULL: x | EMPTY: x
# UVM_INFO fifo_inmonitor.sv(34) @ 30550: uvm_test_top.env.in_agent.mon [uvm_test_top.env.in_agent.mon] WRITE TX Captured:
# WR_CS: 1 | WR_EN: 1 | RD_CS: x | RD_EN: x | D_IN: 'd200 | D_OUT: 'dx | FULL: 0 | EMPTY: x
# UVM_INFO fifo_scoreboard.sv(29) @ 30550: uvm_test_top.env.scb [SCBD_WRITE] Stored Data: 'd200 | Queue Size: 129
# UVM_INFO fifo_driver.sv(44) @ 30750: uvm_test_top.env.in_agent.drv [DRV] WR_CS: 1 | WR_EN: 1 | RD_CS: 0 | RD_EN: 0 | D_IN: 'd73 | D_OUT: 'dx | FULL: x | EMPTY: x
# UVM_INFO fifo_inmonitor.sv(34) @ 30750: uvm_test_top.env.in_agent.mon [uvm_test_top.env.in_agent.mon] WRITE TX Captured:
# WR_CS: 1 | WR_EN: 1 | RD_CS: x | RD_EN: x | D_IN: 'd73 | D_OUT: 'dx | FULL: 0 | EMPTY: x
# UVM_INFO fifo_scoreboard.sv(29) @ 30750: uvm_test_top.env.scb [SCBD_WRITE] Stored Data: 'd73 | Queue Size: 130
# UVM_INFO fifo_driver.sv(44) @ 30950: uvm_test_top.env.in_agent.drv [DRV] WR_CS: 1 | WR_EN: 1 | RD_CS: 0 | RD_EN: 0 | D_IN: 'd230 | D_OUT: 'dx | FULL: x | EMPTY: x
# UVM_INFO fifo_inmonitor.sv(34) @ 30950: uvm_test_top.env.in_agent.mon [uvm_test_top.env.in_agent.mon] WRITE TX Captured:
# WR_CS: 1 | WR_EN: 1 | RD_CS: x | RD_EN: x | D_IN: 'd230 | D_OUT: 'dx | FULL: 0 | EMPTY: x
# UVM_INFO fifo_scoreboard.sv(29) @ 30950: uvm_test_top.env.scb [SCBD_WRITE] Stored Data: 'd230 | Queue Size: 131
# UVM_INFO fifo_driver.sv(44) @ 31150: uvm_test_top.env.in_agent.drv [DRV] WR_CS: 1 | WR_EN: 1 | RD_CS: 0 | RD_EN: 0 | D_IN: 'd74 | D_OUT: 'dx | FULL: x | EMPTY: x
# UVM_INFO fifo_inmonitor.sv(34) @ 31150: uvm_test_top.env.in_agent.mon [uvm_test_top.env.in_agent.mon] WRITE TX Captured:
# WR_CS: 1 | WR_EN: 1 | RD_CS: x | RD_EN: x | D_IN: 'd74 | D_OUT: 'dx | FULL: 0 | EMPTY: x
# UVM_INFO fifo_scoreboard.sv(29) @ 31150: uvm_test_top.env.scb [SCBD_WRITE] Stored Data: 'd74 | Queue Size: 132
# UVM_INFO fifo_driver.sv(44) @ 31350: uvm_test_top.env.in_agent.drv [DRV] WR_CS: 1 | WR_EN: 1 | RD_CS: 0 | RD_EN: 0 | D_IN: 'd230 | D_OUT: 'dx | FULL: x | EMPTY: x
# UVM_INFO fifo_inmonitor.sv(34) @ 31350: uvm_test_top.env.in_agent.mon [uvm_test_top.env.in_agent.mon] WRITE TX Captured:
# WR_CS: 1 | WR_EN: 1 | RD_CS: x | RD_EN: x | D_IN: 'd230 | D_OUT: 'dx | FULL: 0 | EMPTY: x
# UVM_INFO fifo_scoreboard.sv(29) @ 31350: uvm_test_top.env.scb [SCBD_WRITE] Stored Data: 'd230 | Queue Size: 133
# UVM_INFO fifo_driver.sv(44) @ 31550: uvm_test_top.env.in_agent.drv [DRV] WR_CS: 1 | WR_EN: 1 | RD_CS: 0 | RD_EN: 0 | D_IN: 'd191 | D_OUT: 'dx | FULL: x | EMPTY: x
# UVM_INFO fifo_inmonitor.sv(34) @ 31550: uvm_test_top.env.in_agent.mon [uvm_test_top.env.in_agent.mon] WRITE TX Captured:
# WR_CS: 1 | WR_EN: 1 | RD_CS: x | RD_EN: x | D_IN: 'd191 | D_OUT: 'dx | FULL: 0 | EMPTY: x
# UVM_INFO fifo_scoreboard.sv(29) @ 31550: uvm_test_top.env.scb [SCBD_WRITE] Stored Data: 'd191 | Queue Size: 134
# UVM_INFO fifo_driver.sv(44) @ 31750: uvm_test_top.env.in_agent.drv [DRV] WR_CS: 1 | WR_EN: 1 | RD_CS: 0 | RD_EN: 0 | D_IN: 'd79 | D_OUT: 'dx | FULL: x | EMPTY: x
# UVM_INFO fifo_inmonitor.sv(34) @ 31750: uvm_test_top.env.in_agent.mon [uvm_test_top.env.in_agent.mon] WRITE TX Captured:
# WR_CS: 1 | WR_EN: 1 | RD_CS: x | RD_EN: x | D_IN: 'd79 | D_OUT: 'dx | FULL: 0 | EMPTY: x
# UVM_INFO fifo_scoreboard.sv(29) @ 31750: uvm_test_top.env.scb [SCBD_WRITE] Stored Data: 'd79 | Queue Size: 135
# UVM_INFO fifo_driver.sv(44) @ 31950: uvm_test_top.env.in_agent.drv [DRV] WR_CS: 1 | WR_EN: 1 | RD_CS: 0 | RD_EN: 0 | D_IN: 'd148 | D_OUT: 'dx | FULL: x | EMPTY: x
# UVM_INFO fifo_inmonitor.sv(34) @ 31950: uvm_test_top.env.in_agent.mon [uvm_test_top.env.in_agent.mon] WRITE TX Captured:
# WR_CS: 1 | WR_EN: 1 | RD_CS: x | RD_EN: x | D_IN: 'd148 | D_OUT: 'dx | FULL: 0 | EMPTY: x
# UVM_INFO fifo_scoreboard.sv(29) @ 31950: uvm_test_top.env.scb [SCBD_WRITE] Stored Data: 'd148 | Queue Size: 136
# UVM_INFO fifo_driver.sv(44) @ 32150: uvm_test_top.env.in_agent.drv [DRV] WR_CS: 1 | WR_EN: 1 | RD_CS: 0 | RD_EN: 0 | D_IN: 'd246 | D_OUT: 'dx | FULL: x | EMPTY: x
# UVM_INFO fifo_inmonitor.sv(34) @ 32150: uvm_test_top.env.in_agent.mon [uvm_test_top.env.in_agent.mon] WRITE TX Captured:
# WR_CS: 1 | WR_EN: 1 | RD_CS: x | RD_EN: x | D_IN: 'd246 | D_OUT: 'dx | FULL: 0 | EMPTY: x
# UVM_INFO fifo_scoreboard.sv(29) @ 32150: uvm_test_top.env.scb [SCBD_WRITE] Stored Data: 'd246 | Queue Size: 137
# UVM_INFO fifo_driver.sv(44) @ 32350: uvm_test_top.env.in_agent.drv [DRV] WR_CS: 1 | WR_EN: 1 | RD_CS: 0 | RD_EN: 0 | D_IN: 'd244 | D_OUT: 'dx | FULL: x | EMPTY: x
# UVM_INFO fifo_inmonitor.sv(34) @ 32350: uvm_test_top.env.in_agent.mon [uvm_test_top.env.in_agent.mon] WRITE TX Captured:
# WR_CS: 1 | WR_EN: 1 | RD_CS: x | RD_EN: x | D_IN: 'd244 | D_OUT: 'dx | FULL: 0 | EMPTY: x
# UVM_INFO fifo_scoreboard.sv(29) @ 32350: uvm_test_top.env.scb [SCBD_WRITE] Stored Data: 'd244 | Queue Size: 138
# UVM_INFO fifo_driver.sv(44) @ 32550: uvm_test_top.env.in_agent.drv [DRV] WR_CS: 1 | WR_EN: 1 | RD_CS: 0 | RD_EN: 0 | D_IN: 'd49 | D_OUT: 'dx | FULL: x | EMPTY: x
# UVM_INFO fifo_inmonitor.sv(34) @ 32550: uvm_test_top.env.in_agent.mon [uvm_test_top.env.in_agent.mon] WRITE TX Captured:
# WR_CS: 1 | WR_EN: 1 | RD_CS: x | RD_EN: x | D_IN: 'd49 | D_OUT: 'dx | FULL: 0 | EMPTY: x
# UVM_INFO fifo_scoreboard.sv(29) @ 32550: uvm_test_top.env.scb [SCBD_WRITE] Stored Data: 'd49 | Queue Size: 139
# UVM_INFO fifo_driver.sv(44) @ 32750: uvm_test_top.env.in_agent.drv [DRV] WR_CS: 1 | WR_EN: 1 | RD_CS: 0 | RD_EN: 0 | D_IN: 'd194 | D_OUT: 'dx | FULL: x | EMPTY: x
# UVM_INFO fifo_inmonitor.sv(34) @ 32750: uvm_test_top.env.in_agent.mon [uvm_test_top.env.in_agent.mon] WRITE TX Captured:
# WR_CS: 1 | WR_EN: 1 | RD_CS: x | RD_EN: x | D_IN: 'd194 | D_OUT: 'dx | FULL: 0 | EMPTY: x
# UVM_INFO fifo_scoreboard.sv(29) @ 32750: uvm_test_top.env.scb [SCBD_WRITE] Stored Data: 'd194 | Queue Size: 140
# UVM_INFO fifo_driver.sv(44) @ 32950: uvm_test_top.env.in_agent.drv [DRV] WR_CS: 1 | WR_EN: 1 | RD_CS: 0 | RD_EN: 0 | D_IN: 'd62 | D_OUT: 'dx | FULL: x | EMPTY: x
# UVM_INFO fifo_inmonitor.sv(34) @ 32950: uvm_test_top.env.in_agent.mon [uvm_test_top.env.in_agent.mon] WRITE TX Captured:
# WR_CS: 1 | WR_EN: 1 | RD_CS: x | RD_EN: x | D_IN: 'd62 | D_OUT: 'dx | FULL: 0 | EMPTY: x
# UVM_INFO fifo_scoreboard.sv(29) @ 32950: uvm_test_top.env.scb [SCBD_WRITE] Stored Data: 'd62 | Queue Size: 141
# UVM_INFO fifo_driver.sv(44) @ 33150: uvm_test_top.env.in_agent.drv [DRV] WR_CS: 1 | WR_EN: 1 | RD_CS: 0 | RD_EN: 0 | D_IN: 'd13 | D_OUT: 'dx | FULL: x | EMPTY: x
# UVM_INFO fifo_inmonitor.sv(34) @ 33150: uvm_test_top.env.in_agent.mon [uvm_test_top.env.in_agent.mon] WRITE TX Captured:
# WR_CS: 1 | WR_EN: 1 | RD_CS: x | RD_EN: x | D_IN: 'd13 | D_OUT: 'dx | FULL: 0 | EMPTY: x
# UVM_INFO fifo_scoreboard.sv(29) @ 33150: uvm_test_top.env.scb [SCBD_WRITE] Stored Data: 'd13 | Queue Size: 142
# UVM_INFO fifo_driver.sv(44) @ 33350: uvm_test_top.env.in_agent.drv [DRV] WR_CS: 1 | WR_EN: 1 | RD_CS: 0 | RD_EN: 0 | D_IN: 'd105 | D_OUT: 'dx | FULL: x | EMPTY: x
# UVM_INFO fifo_inmonitor.sv(34) @ 33350: uvm_test_top.env.in_agent.mon [uvm_test_top.env.in_agent.mon] WRITE TX Captured:
# WR_CS: 1 | WR_EN: 1 | RD_CS: x | RD_EN: x | D_IN: 'd105 | D_OUT: 'dx | FULL: 0 | EMPTY: x
# UVM_INFO fifo_scoreboard.sv(29) @ 33350: uvm_test_top.env.scb [SCBD_WRITE] Stored Data: 'd105 | Queue Size: 143
# UVM_INFO fifo_driver.sv(44) @ 33550: uvm_test_top.env.in_agent.drv [DRV] WR_CS: 1 | WR_EN: 1 | RD_CS: 0 | RD_EN: 0 | D_IN: 'd59 | D_OUT: 'dx | FULL: x | EMPTY: x
# UVM_INFO fifo_inmonitor.sv(34) @ 33550: uvm_test_top.env.in_agent.mon [uvm_test_top.env.in_agent.mon] WRITE TX Captured:
# WR_CS: 1 | WR_EN: 1 | RD_CS: x | RD_EN: x | D_IN: 'd59 | D_OUT: 'dx | FULL: 0 | EMPTY: x
# UVM_INFO fifo_scoreboard.sv(29) @ 33550: uvm_test_top.env.scb [SCBD_WRITE] Stored Data: 'd59 | Queue Size: 144
# UVM_INFO fifo_driver.sv(44) @ 33750: uvm_test_top.env.in_agent.drv [DRV] WR_CS: 1 | WR_EN: 1 | RD_CS: 0 | RD_EN: 0 | D_IN: 'd162 | D_OUT: 'dx | FULL: x | EMPTY: x
# UVM_INFO fifo_inmonitor.sv(34) @ 33750: uvm_test_top.env.in_agent.mon [uvm_test_top.env.in_agent.mon] WRITE TX Captured:
# WR_CS: 1 | WR_EN: 1 | RD_CS: x | RD_EN: x | D_IN: 'd162 | D_OUT: 'dx | FULL: 0 | EMPTY: x
# UVM_INFO fifo_scoreboard.sv(29) @ 33750: uvm_test_top.env.scb [SCBD_WRITE] Stored Data: 'd162 | Queue Size: 145
# UVM_INFO fifo_driver.sv(44) @ 33950: uvm_test_top.env.in_agent.drv [DRV] WR_CS: 1 | WR_EN: 1 | RD_CS: 0 | RD_EN: 0 | D_IN: 'd251 | D_OUT: 'dx | FULL: x | EMPTY: x
# UVM_INFO fifo_inmonitor.sv(34) @ 33950: uvm_test_top.env.in_agent.mon [uvm_test_top.env.in_agent.mon] WRITE TX Captured:
# WR_CS: 1 | WR_EN: 1 | RD_CS: x | RD_EN: x | D_IN: 'd251 | D_OUT: 'dx | FULL: 0 | EMPTY: x
# UVM_INFO fifo_scoreboard.sv(29) @ 33950: uvm_test_top.env.scb [SCBD_WRITE] Stored Data: 'd251 | Queue Size: 146
# UVM_INFO fifo_driver.sv(44) @ 34150: uvm_test_top.env.in_agent.drv [DRV] WR_CS: 1 | WR_EN: 1 | RD_CS: 0 | RD_EN: 0 | D_IN: 'd205 | D_OUT: 'dx | FULL: x | EMPTY: x
# UVM_INFO fifo_inmonitor.sv(34) @ 34150: uvm_test_top.env.in_agent.mon [uvm_test_top.env.in_agent.mon] WRITE TX Captured:
# WR_CS: 1 | WR_EN: 1 | RD_CS: x | RD_EN: x | D_IN: 'd205 | D_OUT: 'dx | FULL: 0 | EMPTY: x
# UVM_INFO fifo_scoreboard.sv(29) @ 34150: uvm_test_top.env.scb [SCBD_WRITE] Stored Data: 'd205 | Queue Size: 147
# UVM_INFO fifo_driver.sv(44) @ 34350: uvm_test_top.env.in_agent.drv [DRV] WR_CS: 1 | WR_EN: 1 | RD_CS: 0 | RD_EN: 0 | D_IN: 'd65 | D_OUT: 'dx | FULL: x | EMPTY: x
# UVM_INFO fifo_inmonitor.sv(34) @ 34350: uvm_test_top.env.in_agent.mon [uvm_test_top.env.in_agent.mon] WRITE TX Captured:
# WR_CS: 1 | WR_EN: 1 | RD_CS: x | RD_EN: x | D_IN: 'd65 | D_OUT: 'dx | FULL: 0 | EMPTY: x
# UVM_INFO fifo_scoreboard.sv(29) @ 34350: uvm_test_top.env.scb [SCBD_WRITE] Stored Data: 'd65 | Queue Size: 148
# UVM_INFO fifo_driver.sv(44) @ 34550: uvm_test_top.env.in_agent.drv [DRV] WR_CS: 1 | WR_EN: 1 | RD_CS: 0 | RD_EN: 0 | D_IN: 'd198 | D_OUT: 'dx | FULL: x | EMPTY: x
# UVM_INFO fifo_inmonitor.sv(34) @ 34550: uvm_test_top.env.in_agent.mon [uvm_test_top.env.in_agent.mon] WRITE TX Captured:
# WR_CS: 1 | WR_EN: 1 | RD_CS: x | RD_EN: x | D_IN: 'd198 | D_OUT: 'dx | FULL: 0 | EMPTY: x
# UVM_INFO fifo_scoreboard.sv(29) @ 34550: uvm_test_top.env.scb [SCBD_WRITE] Stored Data: 'd198 | Queue Size: 149
# UVM_INFO fifo_driver.sv(44) @ 34750: uvm_test_top.env.in_agent.drv [DRV] WR_CS: 1 | WR_EN: 1 | RD_CS: 0 | RD_EN: 0 | D_IN: 'd57 | D_OUT: 'dx | FULL: x | EMPTY: x
# UVM_INFO fifo_inmonitor.sv(34) @ 34750: uvm_test_top.env.in_agent.mon [uvm_test_top.env.in_agent.mon] WRITE TX Captured:
# WR_CS: 1 | WR_EN: 1 | RD_CS: x | RD_EN: x | D_IN: 'd57 | D_OUT: 'dx | FULL: 0 | EMPTY: x
# UVM_INFO fifo_scoreboard.sv(29) @ 34750: uvm_test_top.env.scb [SCBD_WRITE] Stored Data: 'd57 | Queue Size: 150
# UVM_INFO fifo_driver.sv(44) @ 34950: uvm_test_top.env.in_agent.drv [DRV] WR_CS: 1 | WR_EN: 1 | RD_CS: 0 | RD_EN: 0 | D_IN: 'd52 | D_OUT: 'dx | FULL: x | EMPTY: x
# UVM_INFO fifo_inmonitor.sv(34) @ 34950: uvm_test_top.env.in_agent.mon [uvm_test_top.env.in_agent.mon] WRITE TX Captured:
# WR_CS: 1 | WR_EN: 1 | RD_CS: x | RD_EN: x | D_IN: 'd52 | D_OUT: 'dx | FULL: 0 | EMPTY: x
# UVM_INFO fifo_scoreboard.sv(29) @ 34950: uvm_test_top.env.scb [SCBD_WRITE] Stored Data: 'd52 | Queue Size: 151
# UVM_INFO fifo_driver.sv(44) @ 35150: uvm_test_top.env.in_agent.drv [DRV] WR_CS: 1 | WR_EN: 1 | RD_CS: 0 | RD_EN: 0 | D_IN: 'd135 | D_OUT: 'dx | FULL: x | EMPTY: x
# UVM_INFO fifo_inmonitor.sv(34) @ 35150: uvm_test_top.env.in_agent.mon [uvm_test_top.env.in_agent.mon] WRITE TX Captured:
# WR_CS: 1 | WR_EN: 1 | RD_CS: x | RD_EN: x | D_IN: 'd135 | D_OUT: 'dx | FULL: 0 | EMPTY: x
# UVM_INFO fifo_scoreboard.sv(29) @ 35150: uvm_test_top.env.scb [SCBD_WRITE] Stored Data: 'd135 | Queue Size: 152
# UVM_INFO fifo_driver.sv(44) @ 35350: uvm_test_top.env.in_agent.drv [DRV] WR_CS: 1 | WR_EN: 1 | RD_CS: 0 | RD_EN: 0 | D_IN: 'd88 | D_OUT: 'dx | FULL: x | EMPTY: x
# UVM_INFO fifo_inmonitor.sv(34) @ 35350: uvm_test_top.env.in_agent.mon [uvm_test_top.env.in_agent.mon] WRITE TX Captured:
# WR_CS: 1 | WR_EN: 1 | RD_CS: x | RD_EN: x | D_IN: 'd88 | D_OUT: 'dx | FULL: 0 | EMPTY: x
# UVM_INFO fifo_scoreboard.sv(29) @ 35350: uvm_test_top.env.scb [SCBD_WRITE] Stored Data: 'd88 | Queue Size: 153
# UVM_INFO fifo_driver.sv(44) @ 35550: uvm_test_top.env.in_agent.drv [DRV] WR_CS: 1 | WR_EN: 1 | RD_CS: 0 | RD_EN: 0 | D_IN: 'd145 | D_OUT: 'dx | FULL: x | EMPTY: x
# UVM_INFO fifo_inmonitor.sv(34) @ 35550: uvm_test_top.env.in_agent.mon [uvm_test_top.env.in_agent.mon] WRITE TX Captured:
# WR_CS: 1 | WR_EN: 1 | RD_CS: x | RD_EN: x | D_IN: 'd145 | D_OUT: 'dx | FULL: 0 | EMPTY: x
# UVM_INFO fifo_scoreboard.sv(29) @ 35550: uvm_test_top.env.scb [SCBD_WRITE] Stored Data: 'd145 | Queue Size: 154
# UVM_INFO fifo_driver.sv(44) @ 35750: uvm_test_top.env.in_agent.drv [DRV] WR_CS: 1 | WR_EN: 1 | RD_CS: 0 | RD_EN: 0 | D_IN: 'd214 | D_OUT: 'dx | FULL: x | EMPTY: x
# UVM_INFO fifo_inmonitor.sv(34) @ 35750: uvm_test_top.env.in_agent.mon [uvm_test_top.env.in_agent.mon] WRITE TX Captured:
# WR_CS: 1 | WR_EN: 1 | RD_CS: x | RD_EN: x | D_IN: 'd214 | D_OUT: 'dx | FULL: 0 | EMPTY: x
# UVM_INFO fifo_scoreboard.sv(29) @ 35750: uvm_test_top.env.scb [SCBD_WRITE] Stored Data: 'd214 | Queue Size: 155
# UVM_INFO fifo_driver.sv(44) @ 35950: uvm_test_top.env.in_agent.drv [DRV] WR_CS: 1 | WR_EN: 1 | RD_CS: 0 | RD_EN: 0 | D_IN: 'd122 | D_OUT: 'dx | FULL: x | EMPTY: x
# UVM_INFO fifo_inmonitor.sv(34) @ 35950: uvm_test_top.env.in_agent.mon [uvm_test_top.env.in_agent.mon] WRITE TX Captured:
# WR_CS: 1 | WR_EN: 1 | RD_CS: x | RD_EN: x | D_IN: 'd122 | D_OUT: 'dx | FULL: 0 | EMPTY: x
# UVM_INFO fifo_scoreboard.sv(29) @ 35950: uvm_test_top.env.scb [SCBD_WRITE] Stored Data: 'd122 | Queue Size: 156
# UVM_INFO fifo_driver.sv(44) @ 36150: uvm_test_top.env.in_agent.drv [DRV] WR_CS: 1 | WR_EN: 1 | RD_CS: 0 | RD_EN: 0 | D_IN: 'd155 | D_OUT: 'dx | FULL: x | EMPTY: x
# UVM_INFO fifo_inmonitor.sv(34) @ 36150: uvm_test_top.env.in_agent.mon [uvm_test_top.env.in_agent.mon] WRITE TX Captured:
# WR_CS: 1 | WR_EN: 1 | RD_CS: x | RD_EN: x | D_IN: 'd155 | D_OUT: 'dx | FULL: 0 | EMPTY: x
# UVM_INFO fifo_scoreboard.sv(29) @ 36150: uvm_test_top.env.scb [SCBD_WRITE] Stored Data: 'd155 | Queue Size: 157
# UVM_INFO fifo_driver.sv(44) @ 36350: uvm_test_top.env.in_agent.drv [DRV] WR_CS: 1 | WR_EN: 1 | RD_CS: 0 | RD_EN: 0 | D_IN: 'd50 | D_OUT: 'dx | FULL: x | EMPTY: x
# UVM_INFO fifo_inmonitor.sv(34) @ 36350: uvm_test_top.env.in_agent.mon [uvm_test_top.env.in_agent.mon] WRITE TX Captured:
# WR_CS: 1 | WR_EN: 1 | RD_CS: x | RD_EN: x | D_IN: 'd50 | D_OUT: 'dx | FULL: 0 | EMPTY: x
# UVM_INFO fifo_scoreboard.sv(29) @ 36350: uvm_test_top.env.scb [SCBD_WRITE] Stored Data: 'd50 | Queue Size: 158
# UVM_INFO fifo_driver.sv(44) @ 36550: uvm_test_top.env.in_agent.drv [DRV] WR_CS: 1 | WR_EN: 1 | RD_CS: 0 | RD_EN: 0 | D_IN: 'd197 | D_OUT: 'dx | FULL: x | EMPTY: x
# UVM_INFO fifo_inmonitor.sv(34) @ 36550: uvm_test_top.env.in_agent.mon [uvm_test_top.env.in_agent.mon] WRITE TX Captured:
# WR_CS: 1 | WR_EN: 1 | RD_CS: x | RD_EN: x | D_IN: 'd197 | D_OUT: 'dx | FULL: 0 | EMPTY: x
# UVM_INFO fifo_scoreboard.sv(29) @ 36550: uvm_test_top.env.scb [SCBD_WRITE] Stored Data: 'd197 | Queue Size: 159
# UVM_INFO fifo_driver.sv(44) @ 36750: uvm_test_top.env.in_agent.drv [DRV] WR_CS: 1 | WR_EN: 1 | RD_CS: 0 | RD_EN: 0 | D_IN: 'd197 | D_OUT: 'dx | FULL: x | EMPTY: x
# UVM_INFO fifo_inmonitor.sv(34) @ 36750: uvm_test_top.env.in_agent.mon [uvm_test_top.env.in_agent.mon] WRITE TX Captured:
# WR_CS: 1 | WR_EN: 1 | RD_CS: x | RD_EN: x | D_IN: 'd197 | D_OUT: 'dx | FULL: 0 | EMPTY: x
# UVM_INFO fifo_scoreboard.sv(29) @ 36750: uvm_test_top.env.scb [SCBD_WRITE] Stored Data: 'd197 | Queue Size: 160
# UVM_INFO fifo_driver.sv(44) @ 36950: uvm_test_top.env.in_agent.drv [DRV] WR_CS: 1 | WR_EN: 1 | RD_CS: 0 | RD_EN: 0 | D_IN: 'd30 | D_OUT: 'dx | FULL: x | EMPTY: x
# UVM_INFO fifo_inmonitor.sv(34) @ 36950: uvm_test_top.env.in_agent.mon [uvm_test_top.env.in_agent.mon] WRITE TX Captured:
# WR_CS: 1 | WR_EN: 1 | RD_CS: x | RD_EN: x | D_IN: 'd30 | D_OUT: 'dx | FULL: 0 | EMPTY: x
# UVM_INFO fifo_scoreboard.sv(29) @ 36950: uvm_test_top.env.scb [SCBD_WRITE] Stored Data: 'd30 | Queue Size: 161
# UVM_INFO fifo_driver.sv(44) @ 37150: uvm_test_top.env.in_agent.drv [DRV] WR_CS: 1 | WR_EN: 1 | RD_CS: 0 | RD_EN: 0 | D_IN: 'd144 | D_OUT: 'dx | FULL: x | EMPTY: x
# UVM_INFO fifo_inmonitor.sv(34) @ 37150: uvm_test_top.env.in_agent.mon [uvm_test_top.env.in_agent.mon] WRITE TX Captured:
# WR_CS: 1 | WR_EN: 1 | RD_CS: x | RD_EN: x | D_IN: 'd144 | D_OUT: 'dx | FULL: 0 | EMPTY: x
# UVM_INFO fifo_scoreboard.sv(29) @ 37150: uvm_test_top.env.scb [SCBD_WRITE] Stored Data: 'd144 | Queue Size: 162
# UVM_INFO fifo_driver.sv(44) @ 37350: uvm_test_top.env.in_agent.drv [DRV] WR_CS: 1 | WR_EN: 1 | RD_CS: 0 | RD_EN: 0 | D_IN: 'd189 | D_OUT: 'dx | FULL: x | EMPTY: x
# UVM_INFO fifo_inmonitor.sv(34) @ 37350: uvm_test_top.env.in_agent.mon [uvm_test_top.env.in_agent.mon] WRITE TX Captured:
# WR_CS: 1 | WR_EN: 1 | RD_CS: x | RD_EN: x | D_IN: 'd189 | D_OUT: 'dx | FULL: 0 | EMPTY: x
# UVM_INFO fifo_scoreboard.sv(29) @ 37350: uvm_test_top.env.scb [SCBD_WRITE] Stored Data: 'd189 | Queue Size: 163
# UVM_INFO fifo_driver.sv(44) @ 37550: uvm_test_top.env.in_agent.drv [DRV] WR_CS: 1 | WR_EN: 1 | RD_CS: 0 | RD_EN: 0 | D_IN: 'd58 | D_OUT: 'dx | FULL: x | EMPTY: x
# UVM_INFO fifo_inmonitor.sv(34) @ 37550: uvm_test_top.env.in_agent.mon [uvm_test_top.env.in_agent.mon] WRITE TX Captured:
# WR_CS: 1 | WR_EN: 1 | RD_CS: x | RD_EN: x | D_IN: 'd58 | D_OUT: 'dx | FULL: 0 | EMPTY: x
# UVM_INFO fifo_scoreboard.sv(29) @ 37550: uvm_test_top.env.scb [SCBD_WRITE] Stored Data: 'd58 | Queue Size: 164
# UVM_INFO fifo_driver.sv(44) @ 37750: uvm_test_top.env.in_agent.drv [DRV] WR_CS: 1 | WR_EN: 1 | RD_CS: 0 | RD_EN: 0 | D_IN: 'd98 | D_OUT: 'dx | FULL: x | EMPTY: x
# UVM_INFO fifo_inmonitor.sv(34) @ 37750: uvm_test_top.env.in_agent.mon [uvm_test_top.env.in_agent.mon] WRITE TX Captured:
# WR_CS: 1 | WR_EN: 1 | RD_CS: x | RD_EN: x | D_IN: 'd98 | D_OUT: 'dx | FULL: 0 | EMPTY: x
# UVM_INFO fifo_scoreboard.sv(29) @ 37750: uvm_test_top.env.scb [SCBD_WRITE] Stored Data: 'd98 | Queue Size: 165
# UVM_INFO fifo_driver.sv(44) @ 37950: uvm_test_top.env.in_agent.drv [DRV] WR_CS: 1 | WR_EN: 1 | RD_CS: 0 | RD_EN: 0 | D_IN: 'd114 | D_OUT: 'dx | FULL: x | EMPTY: x
# UVM_INFO fifo_inmonitor.sv(34) @ 37950: uvm_test_top.env.in_agent.mon [uvm_test_top.env.in_agent.mon] WRITE TX Captured:
# WR_CS: 1 | WR_EN: 1 | RD_CS: x | RD_EN: x | D_IN: 'd114 | D_OUT: 'dx | FULL: 0 | EMPTY: x
# UVM_INFO fifo_scoreboard.sv(29) @ 37950: uvm_test_top.env.scb [SCBD_WRITE] Stored Data: 'd114 | Queue Size: 166
# UVM_INFO fifo_driver.sv(44) @ 38150: uvm_test_top.env.in_agent.drv [DRV] WR_CS: 1 | WR_EN: 1 | RD_CS: 0 | RD_EN: 0 | D_IN: 'd67 | D_OUT: 'dx | FULL: x | EMPTY: x
# UVM_INFO fifo_inmonitor.sv(34) @ 38150: uvm_test_top.env.in_agent.mon [uvm_test_top.env.in_agent.mon] WRITE TX Captured:
# WR_CS: 1 | WR_EN: 1 | RD_CS: x | RD_EN: x | D_IN: 'd67 | D_OUT: 'dx | FULL: 0 | EMPTY: x
# UVM_INFO fifo_scoreboard.sv(29) @ 38150: uvm_test_top.env.scb [SCBD_WRITE] Stored Data: 'd67 | Queue Size: 167
# UVM_INFO fifo_driver.sv(44) @ 38350: uvm_test_top.env.in_agent.drv [DRV] WR_CS: 1 | WR_EN: 1 | RD_CS: 0 | RD_EN: 0 | D_IN: 'd144 | D_OUT: 'dx | FULL: x | EMPTY: x
# UVM_INFO fifo_inmonitor.sv(34) @ 38350: uvm_test_top.env.in_agent.mon [uvm_test_top.env.in_agent.mon] WRITE TX Captured:
# WR_CS: 1 | WR_EN: 1 | RD_CS: x | RD_EN: x | D_IN: 'd144 | D_OUT: 'dx | FULL: 0 | EMPTY: x
# UVM_INFO fifo_scoreboard.sv(29) @ 38350: uvm_test_top.env.scb [SCBD_WRITE] Stored Data: 'd144 | Queue Size: 168
# UVM_INFO fifo_driver.sv(44) @ 38550: uvm_test_top.env.in_agent.drv [DRV] WR_CS: 1 | WR_EN: 1 | RD_CS: 0 | RD_EN: 0 | D_IN: 'd111 | D_OUT: 'dx | FULL: x | EMPTY: x
# UVM_INFO fifo_inmonitor.sv(34) @ 38550: uvm_test_top.env.in_agent.mon [uvm_test_top.env.in_agent.mon] WRITE TX Captured:
# WR_CS: 1 | WR_EN: 1 | RD_CS: x | RD_EN: x | D_IN: 'd111 | D_OUT: 'dx | FULL: 0 | EMPTY: x
# UVM_INFO fifo_scoreboard.sv(29) @ 38550: uvm_test_top.env.scb [SCBD_WRITE] Stored Data: 'd111 | Queue Size: 169
# UVM_INFO fifo_driver.sv(44) @ 38750: uvm_test_top.env.in_agent.drv [DRV] WR_CS: 1 | WR_EN: 1 | RD_CS: 0 | RD_EN: 0 | D_IN: 'd139 | D_OUT: 'dx | FULL: x | EMPTY: x
# UVM_INFO fifo_inmonitor.sv(34) @ 38750: uvm_test_top.env.in_agent.mon [uvm_test_top.env.in_agent.mon] WRITE TX Captured:
# WR_CS: 1 | WR_EN: 1 | RD_CS: x | RD_EN: x | D_IN: 'd139 | D_OUT: 'dx | FULL: 0 | EMPTY: x
# UVM_INFO fifo_scoreboard.sv(29) @ 38750: uvm_test_top.env.scb [SCBD_WRITE] Stored Data: 'd139 | Queue Size: 170
# UVM_INFO fifo_driver.sv(44) @ 38950: uvm_test_top.env.in_agent.drv [DRV] WR_CS: 1 | WR_EN: 1 | RD_CS: 0 | RD_EN: 0 | D_IN: 'd134 | D_OUT: 'dx | FULL: x | EMPTY: x
# UVM_INFO fifo_inmonitor.sv(34) @ 38950: uvm_test_top.env.in_agent.mon [uvm_test_top.env.in_agent.mon] WRITE TX Captured:
# WR_CS: 1 | WR_EN: 1 | RD_CS: x | RD_EN: x | D_IN: 'd134 | D_OUT: 'dx | FULL: 0 | EMPTY: x
# UVM_INFO fifo_scoreboard.sv(29) @ 38950: uvm_test_top.env.scb [SCBD_WRITE] Stored Data: 'd134 | Queue Size: 171
# UVM_INFO fifo_driver.sv(44) @ 39150: uvm_test_top.env.in_agent.drv [DRV] WR_CS: 1 | WR_EN: 1 | RD_CS: 0 | RD_EN: 0 | D_IN: 'd98 | D_OUT: 'dx | FULL: x | EMPTY: x
# UVM_INFO fifo_inmonitor.sv(34) @ 39150: uvm_test_top.env.in_agent.mon [uvm_test_top.env.in_agent.mon] WRITE TX Captured:
# WR_CS: 1 | WR_EN: 1 | RD_CS: x | RD_EN: x | D_IN: 'd98 | D_OUT: 'dx | FULL: 0 | EMPTY: x
# UVM_INFO fifo_scoreboard.sv(29) @ 39150: uvm_test_top.env.scb [SCBD_WRITE] Stored Data: 'd98 | Queue Size: 172
# UVM_INFO fifo_driver.sv(44) @ 39350: uvm_test_top.env.in_agent.drv [DRV] WR_CS: 1 | WR_EN: 1 | RD_CS: 0 | RD_EN: 0 | D_IN: 'd168 | D_OUT: 'dx | FULL: x | EMPTY: x
# UVM_INFO fifo_inmonitor.sv(34) @ 39350: uvm_test_top.env.in_agent.mon [uvm_test_top.env.in_agent.mon] WRITE TX Captured:
# WR_CS: 1 | WR_EN: 1 | RD_CS: x | RD_EN: x | D_IN: 'd168 | D_OUT: 'dx | FULL: 0 | EMPTY: x
# UVM_INFO fifo_scoreboard.sv(29) @ 39350: uvm_test_top.env.scb [SCBD_WRITE] Stored Data: 'd168 | Queue Size: 173
# UVM_INFO fifo_driver.sv(44) @ 39550: uvm_test_top.env.in_agent.drv [DRV] WR_CS: 1 | WR_EN: 1 | RD_CS: 0 | RD_EN: 0 | D_IN: 'd72 | D_OUT: 'dx | FULL: x | EMPTY: x
# UVM_INFO fifo_inmonitor.sv(34) @ 39550: uvm_test_top.env.in_agent.mon [uvm_test_top.env.in_agent.mon] WRITE TX Captured:
# WR_CS: 1 | WR_EN: 1 | RD_CS: x | RD_EN: x | D_IN: 'd72 | D_OUT: 'dx | FULL: 0 | EMPTY: x
# UVM_INFO fifo_scoreboard.sv(29) @ 39550: uvm_test_top.env.scb [SCBD_WRITE] Stored Data: 'd72 | Queue Size: 174
# UVM_INFO fifo_driver.sv(44) @ 39750: uvm_test_top.env.in_agent.drv [DRV] WR_CS: 1 | WR_EN: 1 | RD_CS: 0 | RD_EN: 0 | D_IN: 'd237 | D_OUT: 'dx | FULL: x | EMPTY: x
# UVM_INFO fifo_inmonitor.sv(34) @ 39750: uvm_test_top.env.in_agent.mon [uvm_test_top.env.in_agent.mon] WRITE TX Captured:
# WR_CS: 1 | WR_EN: 1 | RD_CS: x | RD_EN: x | D_IN: 'd237 | D_OUT: 'dx | FULL: 0 | EMPTY: x
# UVM_INFO fifo_scoreboard.sv(29) @ 39750: uvm_test_top.env.scb [SCBD_WRITE] Stored Data: 'd237 | Queue Size: 175
# UVM_INFO fifo_driver.sv(44) @ 39950: uvm_test_top.env.in_agent.drv [DRV] WR_CS: 1 | WR_EN: 1 | RD_CS: 0 | RD_EN: 0 | D_IN: 'd239 | D_OUT: 'dx | FULL: x | EMPTY: x
# UVM_INFO fifo_inmonitor.sv(34) @ 39950: uvm_test_top.env.in_agent.mon [uvm_test_top.env.in_agent.mon] WRITE TX Captured:
# WR_CS: 1 | WR_EN: 1 | RD_CS: x | RD_EN: x | D_IN: 'd239 | D_OUT: 'dx | FULL: 0 | EMPTY: x
# UVM_INFO fifo_scoreboard.sv(29) @ 39950: uvm_test_top.env.scb [SCBD_WRITE] Stored Data: 'd239 | Queue Size: 176
# UVM_INFO fifo_driver.sv(44) @ 40150: uvm_test_top.env.in_agent.drv [DRV] WR_CS: 1 | WR_EN: 1 | RD_CS: 0 | RD_EN: 0 | D_IN: 'd196 | D_OUT: 'dx | FULL: x | EMPTY: x
# UVM_INFO fifo_inmonitor.sv(34) @ 40150: uvm_test_top.env.in_agent.mon [uvm_test_top.env.in_agent.mon] WRITE TX Captured:
# WR_CS: 1 | WR_EN: 1 | RD_CS: x | RD_EN: x | D_IN: 'd196 | D_OUT: 'dx | FULL: 0 | EMPTY: x
# UVM_INFO fifo_scoreboard.sv(29) @ 40150: uvm_test_top.env.scb [SCBD_WRITE] Stored Data: 'd196 | Queue Size: 177
# UVM_INFO fifo_driver.sv(44) @ 40350: uvm_test_top.env.in_agent.drv [DRV] WR_CS: 1 | WR_EN: 1 | RD_CS: 0 | RD_EN: 0 | D_IN: 'd252 | D_OUT: 'dx | FULL: x | EMPTY: x
# UVM_INFO fifo_inmonitor.sv(34) @ 40350: uvm_test_top.env.in_agent.mon [uvm_test_top.env.in_agent.mon] WRITE TX Captured:
# WR_CS: 1 | WR_EN: 1 | RD_CS: x | RD_EN: x | D_IN: 'd252 | D_OUT: 'dx | FULL: 0 | EMPTY: x
# UVM_INFO fifo_scoreboard.sv(29) @ 40350: uvm_test_top.env.scb [SCBD_WRITE] Stored Data: 'd252 | Queue Size: 178
# UVM_INFO fifo_driver.sv(44) @ 40550: uvm_test_top.env.in_agent.drv [DRV] WR_CS: 1 | WR_EN: 1 | RD_CS: 0 | RD_EN: 0 | D_IN: 'd76 | D_OUT: 'dx | FULL: x | EMPTY: x
# UVM_INFO fifo_inmonitor.sv(34) @ 40550: uvm_test_top.env.in_agent.mon [uvm_test_top.env.in_agent.mon] WRITE TX Captured:
# WR_CS: 1 | WR_EN: 1 | RD_CS: x | RD_EN: x | D_IN: 'd76 | D_OUT: 'dx | FULL: 0 | EMPTY: x
# UVM_INFO fifo_scoreboard.sv(29) @ 40550: uvm_test_top.env.scb [SCBD_WRITE] Stored Data: 'd76 | Queue Size: 179
# UVM_INFO fifo_driver.sv(44) @ 40750: uvm_test_top.env.in_agent.drv [DRV] WR_CS: 1 | WR_EN: 1 | RD_CS: 0 | RD_EN: 0 | D_IN: 'd88 | D_OUT: 'dx | FULL: x | EMPTY: x
# UVM_INFO fifo_inmonitor.sv(34) @ 40750: uvm_test_top.env.in_agent.mon [uvm_test_top.env.in_agent.mon] WRITE TX Captured:
# WR_CS: 1 | WR_EN: 1 | RD_CS: x | RD_EN: x | D_IN: 'd88 | D_OUT: 'dx | FULL: 0 | EMPTY: x
# UVM_INFO fifo_scoreboard.sv(29) @ 40750: uvm_test_top.env.scb [SCBD_WRITE] Stored Data: 'd88 | Queue Size: 180
# UVM_INFO fifo_driver.sv(44) @ 40950: uvm_test_top.env.in_agent.drv [DRV] WR_CS: 1 | WR_EN: 1 | RD_CS: 0 | RD_EN: 0 | D_IN: 'd161 | D_OUT: 'dx | FULL: x | EMPTY: x
# UVM_INFO fifo_inmonitor.sv(34) @ 40950: uvm_test_top.env.in_agent.mon [uvm_test_top.env.in_agent.mon] WRITE TX Captured:
# WR_CS: 1 | WR_EN: 1 | RD_CS: x | RD_EN: x | D_IN: 'd161 | D_OUT: 'dx | FULL: 0 | EMPTY: x
# UVM_INFO fifo_scoreboard.sv(29) @ 40950: uvm_test_top.env.scb [SCBD_WRITE] Stored Data: 'd161 | Queue Size: 181
# UVM_INFO fifo_driver.sv(44) @ 41150: uvm_test_top.env.in_agent.drv [DRV] WR_CS: 1 | WR_EN: 1 | RD_CS: 0 | RD_EN: 0 | D_IN: 'd37 | D_OUT: 'dx | FULL: x | EMPTY: x
# UVM_INFO fifo_inmonitor.sv(34) @ 41150: uvm_test_top.env.in_agent.mon [uvm_test_top.env.in_agent.mon] WRITE TX Captured:
# WR_CS: 1 | WR_EN: 1 | RD_CS: x | RD_EN: x | D_IN: 'd37 | D_OUT: 'dx | FULL: 0 | EMPTY: x
# UVM_INFO fifo_scoreboard.sv(29) @ 41150: uvm_test_top.env.scb [SCBD_WRITE] Stored Data: 'd37 | Queue Size: 182
# UVM_INFO fifo_driver.sv(44) @ 41350: uvm_test_top.env.in_agent.drv [DRV] WR_CS: 1 | WR_EN: 1 | RD_CS: 0 | RD_EN: 0 | D_IN: 'd101 | D_OUT: 'dx | FULL: x | EMPTY: x
# UVM_INFO fifo_inmonitor.sv(34) @ 41350: uvm_test_top.env.in_agent.mon [uvm_test_top.env.in_agent.mon] WRITE TX Captured:
# WR_CS: 1 | WR_EN: 1 | RD_CS: x | RD_EN: x | D_IN: 'd101 | D_OUT: 'dx | FULL: 0 | EMPTY: x
# UVM_INFO fifo_scoreboard.sv(29) @ 41350: uvm_test_top.env.scb [SCBD_WRITE] Stored Data: 'd101 | Queue Size: 183
# UVM_INFO fifo_driver.sv(44) @ 41550: uvm_test_top.env.in_agent.drv [DRV] WR_CS: 1 | WR_EN: 1 | RD_CS: 0 | RD_EN: 0 | D_IN: 'd237 | D_OUT: 'dx | FULL: x | EMPTY: x
# UVM_INFO fifo_inmonitor.sv(34) @ 41550: uvm_test_top.env.in_agent.mon [uvm_test_top.env.in_agent.mon] WRITE TX Captured:
# WR_CS: 1 | WR_EN: 1 | RD_CS: x | RD_EN: x | D_IN: 'd237 | D_OUT: 'dx | FULL: 0 | EMPTY: x
# UVM_INFO fifo_scoreboard.sv(29) @ 41550: uvm_test_top.env.scb [SCBD_WRITE] Stored Data: 'd237 | Queue Size: 184
# UVM_INFO fifo_driver.sv(44) @ 41750: uvm_test_top.env.in_agent.drv [DRV] WR_CS: 1 | WR_EN: 1 | RD_CS: 0 | RD_EN: 0 | D_IN: 'd85 | D_OUT: 'dx | FULL: x | EMPTY: x
# UVM_INFO fifo_inmonitor.sv(34) @ 41750: uvm_test_top.env.in_agent.mon [uvm_test_top.env.in_agent.mon] WRITE TX Captured:
# WR_CS: 1 | WR_EN: 1 | RD_CS: x | RD_EN: x | D_IN: 'd85 | D_OUT: 'dx | FULL: 0 | EMPTY: x
# UVM_INFO fifo_scoreboard.sv(29) @ 41750: uvm_test_top.env.scb [SCBD_WRITE] Stored Data: 'd85 | Queue Size: 185
# UVM_INFO fifo_driver.sv(44) @ 41950: uvm_test_top.env.in_agent.drv [DRV] WR_CS: 1 | WR_EN: 1 | RD_CS: 0 | RD_EN: 0 | D_IN: 'd108 | D_OUT: 'dx | FULL: x | EMPTY: x
# UVM_INFO fifo_inmonitor.sv(34) @ 41950: uvm_test_top.env.in_agent.mon [uvm_test_top.env.in_agent.mon] WRITE TX Captured:
# WR_CS: 1 | WR_EN: 1 | RD_CS: x | RD_EN: x | D_IN: 'd108 | D_OUT: 'dx | FULL: 0 | EMPTY: x
# UVM_INFO fifo_scoreboard.sv(29) @ 41950: uvm_test_top.env.scb [SCBD_WRITE] Stored Data: 'd108 | Queue Size: 186
# UVM_INFO fifo_driver.sv(44) @ 42150: uvm_test_top.env.in_agent.drv [DRV] WR_CS: 1 | WR_EN: 1 | RD_CS: 0 | RD_EN: 0 | D_IN: 'd88 | D_OUT: 'dx | FULL: x | EMPTY: x
# UVM_INFO fifo_inmonitor.sv(34) @ 42150: uvm_test_top.env.in_agent.mon [uvm_test_top.env.in_agent.mon] WRITE TX Captured:
# WR_CS: 1 | WR_EN: 1 | RD_CS: x | RD_EN: x | D_IN: 'd88 | D_OUT: 'dx | FULL: 0 | EMPTY: x
# UVM_INFO fifo_scoreboard.sv(29) @ 42150: uvm_test_top.env.scb [SCBD_WRITE] Stored Data: 'd88 | Queue Size: 187
# UVM_INFO fifo_driver.sv(44) @ 42350: uvm_test_top.env.in_agent.drv [DRV] WR_CS: 1 | WR_EN: 1 | RD_CS: 0 | RD_EN: 0 | D_IN: 'd34 | D_OUT: 'dx | FULL: x | EMPTY: x
# UVM_INFO fifo_inmonitor.sv(34) @ 42350: uvm_test_top.env.in_agent.mon [uvm_test_top.env.in_agent.mon] WRITE TX Captured:
# WR_CS: 1 | WR_EN: 1 | RD_CS: x | RD_EN: x | D_IN: 'd34 | D_OUT: 'dx | FULL: 0 | EMPTY: x
# UVM_INFO fifo_scoreboard.sv(29) @ 42350: uvm_test_top.env.scb [SCBD_WRITE] Stored Data: 'd34 | Queue Size: 188
# UVM_INFO fifo_driver.sv(44) @ 42550: uvm_test_top.env.in_agent.drv [DRV] WR_CS: 1 | WR_EN: 1 | RD_CS: 0 | RD_EN: 0 | D_IN: 'd215 | D_OUT: 'dx | FULL: x | EMPTY: x
# UVM_INFO fifo_inmonitor.sv(34) @ 42550: uvm_test_top.env.in_agent.mon [uvm_test_top.env.in_agent.mon] WRITE TX Captured:
# WR_CS: 1 | WR_EN: 1 | RD_CS: x | RD_EN: x | D_IN: 'd215 | D_OUT: 'dx | FULL: 0 | EMPTY: x
# UVM_INFO fifo_scoreboard.sv(29) @ 42550: uvm_test_top.env.scb [SCBD_WRITE] Stored Data: 'd215 | Queue Size: 189
# UVM_INFO fifo_driver.sv(44) @ 42750: uvm_test_top.env.in_agent.drv [DRV] WR_CS: 1 | WR_EN: 1 | RD_CS: 0 | RD_EN: 0 | D_IN: 'd21 | D_OUT: 'dx | FULL: x | EMPTY: x
# UVM_INFO fifo_inmonitor.sv(34) @ 42750: uvm_test_top.env.in_agent.mon [uvm_test_top.env.in_agent.mon] WRITE TX Captured:
# WR_CS: 1 | WR_EN: 1 | RD_CS: x | RD_EN: x | D_IN: 'd21 | D_OUT: 'dx | FULL: 0 | EMPTY: x
# UVM_INFO fifo_scoreboard.sv(29) @ 42750: uvm_test_top.env.scb [SCBD_WRITE] Stored Data: 'd21 | Queue Size: 190
# UVM_INFO fifo_driver.sv(44) @ 42950: uvm_test_top.env.in_agent.drv [DRV] WR_CS: 1 | WR_EN: 1 | RD_CS: 0 | RD_EN: 0 | D_IN: 'd240 | D_OUT: 'dx | FULL: x | EMPTY: x
# UVM_INFO fifo_inmonitor.sv(34) @ 42950: uvm_test_top.env.in_agent.mon [uvm_test_top.env.in_agent.mon] WRITE TX Captured:
# WR_CS: 1 | WR_EN: 1 | RD_CS: x | RD_EN: x | D_IN: 'd240 | D_OUT: 'dx | FULL: 0 | EMPTY: x
# UVM_INFO fifo_scoreboard.sv(29) @ 42950: uvm_test_top.env.scb [SCBD_WRITE] Stored Data: 'd240 | Queue Size: 191
# UVM_INFO fifo_driver.sv(44) @ 43150: uvm_test_top.env.in_agent.drv [DRV] WR_CS: 1 | WR_EN: 1 | RD_CS: 0 | RD_EN: 0 | D_IN: 'd226 | D_OUT: 'dx | FULL: x | EMPTY: x
# UVM_INFO fifo_inmonitor.sv(34) @ 43150: uvm_test_top.env.in_agent.mon [uvm_test_top.env.in_agent.mon] WRITE TX Captured:
# WR_CS: 1 | WR_EN: 1 | RD_CS: x | RD_EN: x | D_IN: 'd226 | D_OUT: 'dx | FULL: 0 | EMPTY: x
# UVM_INFO fifo_scoreboard.sv(29) @ 43150: uvm_test_top.env.scb [SCBD_WRITE] Stored Data: 'd226 | Queue Size: 192
# UVM_INFO fifo_driver.sv(44) @ 43350: uvm_test_top.env.in_agent.drv [DRV] WR_CS: 1 | WR_EN: 1 | RD_CS: 0 | RD_EN: 0 | D_IN: 'd246 | D_OUT: 'dx | FULL: x | EMPTY: x
# UVM_INFO fifo_inmonitor.sv(34) @ 43350: uvm_test_top.env.in_agent.mon [uvm_test_top.env.in_agent.mon] WRITE TX Captured:
# WR_CS: 1 | WR_EN: 1 | RD_CS: x | RD_EN: x | D_IN: 'd246 | D_OUT: 'dx | FULL: 0 | EMPTY: x
# UVM_INFO fifo_scoreboard.sv(29) @ 43350: uvm_test_top.env.scb [SCBD_WRITE] Stored Data: 'd246 | Queue Size: 193
# UVM_INFO fifo_driver.sv(44) @ 43550: uvm_test_top.env.in_agent.drv [DRV] WR_CS: 1 | WR_EN: 1 | RD_CS: 0 | RD_EN: 0 | D_IN: 'd33 | D_OUT: 'dx | FULL: x | EMPTY: x
# UVM_INFO fifo_inmonitor.sv(34) @ 43550: uvm_test_top.env.in_agent.mon [uvm_test_top.env.in_agent.mon] WRITE TX Captured:
# WR_CS: 1 | WR_EN: 1 | RD_CS: x | RD_EN: x | D_IN: 'd33 | D_OUT: 'dx | FULL: 0 | EMPTY: x
# UVM_INFO fifo_scoreboard.sv(29) @ 43550: uvm_test_top.env.scb [SCBD_WRITE] Stored Data: 'd33 | Queue Size: 194
# UVM_INFO fifo_driver.sv(44) @ 43750: uvm_test_top.env.in_agent.drv [DRV] WR_CS: 1 | WR_EN: 1 | RD_CS: 0 | RD_EN: 0 | D_IN: 'd209 | D_OUT: 'dx | FULL: x | EMPTY: x
# UVM_INFO fifo_inmonitor.sv(34) @ 43750: uvm_test_top.env.in_agent.mon [uvm_test_top.env.in_agent.mon] WRITE TX Captured:
# WR_CS: 1 | WR_EN: 1 | RD_CS: x | RD_EN: x | D_IN: 'd209 | D_OUT: 'dx | FULL: 0 | EMPTY: x
# UVM_INFO fifo_scoreboard.sv(29) @ 43750: uvm_test_top.env.scb [SCBD_WRITE] Stored Data: 'd209 | Queue Size: 195
# UVM_INFO fifo_driver.sv(44) @ 43950: uvm_test_top.env.in_agent.drv [DRV] WR_CS: 1 | WR_EN: 1 | RD_CS: 0 | RD_EN: 0 | D_IN: 'd63 | D_OUT: 'dx | FULL: x | EMPTY: x
# UVM_INFO fifo_inmonitor.sv(34) @ 43950: uvm_test_top.env.in_agent.mon [uvm_test_top.env.in_agent.mon] WRITE TX Captured:
# WR_CS: 1 | WR_EN: 1 | RD_CS: x | RD_EN: x | D_IN: 'd63 | D_OUT: 'dx | FULL: 0 | EMPTY: x
# UVM_INFO fifo_scoreboard.sv(29) @ 43950: uvm_test_top.env.scb [SCBD_WRITE] Stored Data: 'd63 | Queue Size: 196
# UVM_INFO fifo_driver.sv(44) @ 44150: uvm_test_top.env.in_agent.drv [DRV] WR_CS: 1 | WR_EN: 1 | RD_CS: 0 | RD_EN: 0 | D_IN: 'd15 | D_OUT: 'dx | FULL: x | EMPTY: x
# UVM_INFO fifo_inmonitor.sv(34) @ 44150: uvm_test_top.env.in_agent.mon [uvm_test_top.env.in_agent.mon] WRITE TX Captured:
# WR_CS: 1 | WR_EN: 1 | RD_CS: x | RD_EN: x | D_IN: 'd15 | D_OUT: 'dx | FULL: 0 | EMPTY: x
# UVM_INFO fifo_scoreboard.sv(29) @ 44150: uvm_test_top.env.scb [SCBD_WRITE] Stored Data: 'd15 | Queue Size: 197
# UVM_INFO fifo_driver.sv(44) @ 44350: uvm_test_top.env.in_agent.drv [DRV] WR_CS: 1 | WR_EN: 1 | RD_CS: 0 | RD_EN: 0 | D_IN: 'd248 | D_OUT: 'dx | FULL: x | EMPTY: x
# UVM_INFO fifo_inmonitor.sv(34) @ 44350: uvm_test_top.env.in_agent.mon [uvm_test_top.env.in_agent.mon] WRITE TX Captured:
# WR_CS: 1 | WR_EN: 1 | RD_CS: x | RD_EN: x | D_IN: 'd248 | D_OUT: 'dx | FULL: 0 | EMPTY: x
# UVM_INFO fifo_scoreboard.sv(29) @ 44350: uvm_test_top.env.scb [SCBD_WRITE] Stored Data: 'd248 | Queue Size: 198
# UVM_INFO fifo_driver.sv(44) @ 44550: uvm_test_top.env.in_agent.drv [DRV] WR_CS: 1 | WR_EN: 1 | RD_CS: 0 | RD_EN: 0 | D_IN: 'd74 | D_OUT: 'dx | FULL: x | EMPTY: x
# UVM_INFO fifo_inmonitor.sv(34) @ 44550: uvm_test_top.env.in_agent.mon [uvm_test_top.env.in_agent.mon] WRITE TX Captured:
# WR_CS: 1 | WR_EN: 1 | RD_CS: x | RD_EN: x | D_IN: 'd74 | D_OUT: 'dx | FULL: 0 | EMPTY: x
# UVM_INFO fifo_scoreboard.sv(29) @ 44550: uvm_test_top.env.scb [SCBD_WRITE] Stored Data: 'd74 | Queue Size: 199
# UVM_INFO fifo_driver.sv(44) @ 44750: uvm_test_top.env.in_agent.drv [DRV] WR_CS: 1 | WR_EN: 1 | RD_CS: 0 | RD_EN: 0 | D_IN: 'd76 | D_OUT: 'dx | FULL: x | EMPTY: x
# UVM_INFO fifo_inmonitor.sv(34) @ 44750: uvm_test_top.env.in_agent.mon [uvm_test_top.env.in_agent.mon] WRITE TX Captured:
# WR_CS: 1 | WR_EN: 1 | RD_CS: x | RD_EN: x | D_IN: 'd76 | D_OUT: 'dx | FULL: 0 | EMPTY: x
# UVM_INFO fifo_scoreboard.sv(29) @ 44750: uvm_test_top.env.scb [SCBD_WRITE] Stored Data: 'd76 | Queue Size: 200
# UVM_INFO fifo_driver.sv(44) @ 44950: uvm_test_top.env.in_agent.drv [DRV] WR_CS: 1 | WR_EN: 1 | RD_CS: 0 | RD_EN: 0 | D_IN: 'd51 | D_OUT: 'dx | FULL: x | EMPTY: x
# UVM_INFO fifo_inmonitor.sv(34) @ 44950: uvm_test_top.env.in_agent.mon [uvm_test_top.env.in_agent.mon] WRITE TX Captured:
# WR_CS: 1 | WR_EN: 1 | RD_CS: x | RD_EN: x | D_IN: 'd51 | D_OUT: 'dx | FULL: 0 | EMPTY: x
# UVM_INFO fifo_scoreboard.sv(29) @ 44950: uvm_test_top.env.scb [SCBD_WRITE] Stored Data: 'd51 | Queue Size: 201
# UVM_INFO fifo_driver.sv(44) @ 45150: uvm_test_top.env.in_agent.drv [DRV] WR_CS: 1 | WR_EN: 1 | RD_CS: 0 | RD_EN: 0 | D_IN: 'd72 | D_OUT: 'dx | FULL: x | EMPTY: x
# UVM_INFO fifo_inmonitor.sv(34) @ 45150: uvm_test_top.env.in_agent.mon [uvm_test_top.env.in_agent.mon] WRITE TX Captured:
# WR_CS: 1 | WR_EN: 1 | RD_CS: x | RD_EN: x | D_IN: 'd72 | D_OUT: 'dx | FULL: 0 | EMPTY: x
# UVM_INFO fifo_scoreboard.sv(29) @ 45150: uvm_test_top.env.scb [SCBD_WRITE] Stored Data: 'd72 | Queue Size: 202
# UVM_INFO fifo_driver.sv(44) @ 45350: uvm_test_top.env.in_agent.drv [DRV] WR_CS: 1 | WR_EN: 1 | RD_CS: 0 | RD_EN: 0 | D_IN: 'd26 | D_OUT: 'dx | FULL: x | EMPTY: x
# UVM_INFO fifo_inmonitor.sv(34) @ 45350: uvm_test_top.env.in_agent.mon [uvm_test_top.env.in_agent.mon] WRITE TX Captured:
# WR_CS: 1 | WR_EN: 1 | RD_CS: x | RD_EN: x | D_IN: 'd26 | D_OUT: 'dx | FULL: 0 | EMPTY: x
# UVM_INFO fifo_scoreboard.sv(29) @ 45350: uvm_test_top.env.scb [SCBD_WRITE] Stored Data: 'd26 | Queue Size: 203
# UVM_INFO fifo_driver.sv(44) @ 45550: uvm_test_top.env.in_agent.drv [DRV] WR_CS: 1 | WR_EN: 1 | RD_CS: 0 | RD_EN: 0 | D_IN: 'd107 | D_OUT: 'dx | FULL: x | EMPTY: x
# UVM_INFO fifo_inmonitor.sv(34) @ 45550: uvm_test_top.env.in_agent.mon [uvm_test_top.env.in_agent.mon] WRITE TX Captured:
# WR_CS: 1 | WR_EN: 1 | RD_CS: x | RD_EN: x | D_IN: 'd107 | D_OUT: 'dx | FULL: 0 | EMPTY: x
# UVM_INFO fifo_scoreboard.sv(29) @ 45550: uvm_test_top.env.scb [SCBD_WRITE] Stored Data: 'd107 | Queue Size: 204
# UVM_INFO fifo_driver.sv(44) @ 45750: uvm_test_top.env.in_agent.drv [DRV] WR_CS: 1 | WR_EN: 1 | RD_CS: 0 | RD_EN: 0 | D_IN: 'd140 | D_OUT: 'dx | FULL: x | EMPTY: x
# UVM_INFO fifo_inmonitor.sv(34) @ 45750: uvm_test_top.env.in_agent.mon [uvm_test_top.env.in_agent.mon] WRITE TX Captured:
# WR_CS: 1 | WR_EN: 1 | RD_CS: x | RD_EN: x | D_IN: 'd140 | D_OUT: 'dx | FULL: 0 | EMPTY: x
# UVM_INFO fifo_scoreboard.sv(29) @ 45750: uvm_test_top.env.scb [SCBD_WRITE] Stored Data: 'd140 | Queue Size: 205
# UVM_INFO fifo_driver.sv(44) @ 45950: uvm_test_top.env.in_agent.drv [DRV] WR_CS: 1 | WR_EN: 1 | RD_CS: 0 | RD_EN: 0 | D_IN: 'd105 | D_OUT: 'dx | FULL: x | EMPTY: x
# UVM_INFO fifo_inmonitor.sv(34) @ 45950: uvm_test_top.env.in_agent.mon [uvm_test_top.env.in_agent.mon] WRITE TX Captured:
# WR_CS: 1 | WR_EN: 1 | RD_CS: x | RD_EN: x | D_IN: 'd105 | D_OUT: 'dx | FULL: 0 | EMPTY: x
# UVM_INFO fifo_scoreboard.sv(29) @ 45950: uvm_test_top.env.scb [SCBD_WRITE] Stored Data: 'd105 | Queue Size: 206
# UVM_INFO fifo_driver.sv(44) @ 46150: uvm_test_top.env.in_agent.drv [DRV] WR_CS: 1 | WR_EN: 1 | RD_CS: 0 | RD_EN: 0 | D_IN: 'd129 | D_OUT: 'dx | FULL: x | EMPTY: x
# UVM_INFO fifo_inmonitor.sv(34) @ 46150: uvm_test_top.env.in_agent.mon [uvm_test_top.env.in_agent.mon] WRITE TX Captured:
# WR_CS: 1 | WR_EN: 1 | RD_CS: x | RD_EN: x | D_IN: 'd129 | D_OUT: 'dx | FULL: 0 | EMPTY: x
# UVM_INFO fifo_scoreboard.sv(29) @ 46150: uvm_test_top.env.scb [SCBD_WRITE] Stored Data: 'd129 | Queue Size: 207
# UVM_INFO fifo_driver.sv(44) @ 46350: uvm_test_top.env.in_agent.drv [DRV] WR_CS: 1 | WR_EN: 1 | RD_CS: 0 | RD_EN: 0 | D_IN: 'd21 | D_OUT: 'dx | FULL: x | EMPTY: x
# UVM_INFO fifo_inmonitor.sv(34) @ 46350: uvm_test_top.env.in_agent.mon [uvm_test_top.env.in_agent.mon] WRITE TX Captured:
# WR_CS: 1 | WR_EN: 1 | RD_CS: x | RD_EN: x | D_IN: 'd21 | D_OUT: 'dx | FULL: 0 | EMPTY: x
# UVM_INFO fifo_scoreboard.sv(29) @ 46350: uvm_test_top.env.scb [SCBD_WRITE] Stored Data: 'd21 | Queue Size: 208
# UVM_INFO fifo_driver.sv(44) @ 46550: uvm_test_top.env.in_agent.drv [DRV] WR_CS: 1 | WR_EN: 1 | RD_CS: 0 | RD_EN: 0 | D_IN: 'd185 | D_OUT: 'dx | FULL: x | EMPTY: x
# UVM_INFO fifo_inmonitor.sv(34) @ 46550: uvm_test_top.env.in_agent.mon [uvm_test_top.env.in_agent.mon] WRITE TX Captured:
# WR_CS: 1 | WR_EN: 1 | RD_CS: x | RD_EN: x | D_IN: 'd185 | D_OUT: 'dx | FULL: 0 | EMPTY: x
# UVM_INFO fifo_scoreboard.sv(29) @ 46550: uvm_test_top.env.scb [SCBD_WRITE] Stored Data: 'd185 | Queue Size: 209
# UVM_INFO fifo_driver.sv(44) @ 46750: uvm_test_top.env.in_agent.drv [DRV] WR_CS: 1 | WR_EN: 1 | RD_CS: 0 | RD_EN: 0 | D_IN: 'd192 | D_OUT: 'dx | FULL: x | EMPTY: x
# UVM_INFO fifo_inmonitor.sv(34) @ 46750: uvm_test_top.env.in_agent.mon [uvm_test_top.env.in_agent.mon] WRITE TX Captured:
# WR_CS: 1 | WR_EN: 1 | RD_CS: x | RD_EN: x | D_IN: 'd192 | D_OUT: 'dx | FULL: 0 | EMPTY: x
# UVM_INFO fifo_scoreboard.sv(29) @ 46750: uvm_test_top.env.scb [SCBD_WRITE] Stored Data: 'd192 | Queue Size: 210
# UVM_INFO fifo_driver.sv(44) @ 46950: uvm_test_top.env.in_agent.drv [DRV] WR_CS: 1 | WR_EN: 1 | RD_CS: 0 | RD_EN: 0 | D_IN: 'd95 | D_OUT: 'dx | FULL: x | EMPTY: x
# UVM_INFO fifo_inmonitor.sv(34) @ 46950: uvm_test_top.env.in_agent.mon [uvm_test_top.env.in_agent.mon] WRITE TX Captured:
# WR_CS: 1 | WR_EN: 1 | RD_CS: x | RD_EN: x | D_IN: 'd95 | D_OUT: 'dx | FULL: 0 | EMPTY: x
# UVM_INFO fifo_scoreboard.sv(29) @ 46950: uvm_test_top.env.scb [SCBD_WRITE] Stored Data: 'd95 | Queue Size: 211
# UVM_INFO fifo_driver.sv(44) @ 47150: uvm_test_top.env.in_agent.drv [DRV] WR_CS: 1 | WR_EN: 1 | RD_CS: 0 | RD_EN: 0 | D_IN: 'd186 | D_OUT: 'dx | FULL: x | EMPTY: x
# UVM_INFO fifo_inmonitor.sv(34) @ 47150: uvm_test_top.env.in_agent.mon [uvm_test_top.env.in_agent.mon] WRITE TX Captured:
# WR_CS: 1 | WR_EN: 1 | RD_CS: x | RD_EN: x | D_IN: 'd186 | D_OUT: 'dx | FULL: 0 | EMPTY: x
# UVM_INFO fifo_scoreboard.sv(29) @ 47150: uvm_test_top.env.scb [SCBD_WRITE] Stored Data: 'd186 | Queue Size: 212
# UVM_INFO fifo_driver.sv(44) @ 47350: uvm_test_top.env.in_agent.drv [DRV] WR_CS: 1 | WR_EN: 1 | RD_CS: 0 | RD_EN: 0 | D_IN: 'd128 | D_OUT: 'dx | FULL: x | EMPTY: x
# UVM_INFO fifo_inmonitor.sv(34) @ 47350: uvm_test_top.env.in_agent.mon [uvm_test_top.env.in_agent.mon] WRITE TX Captured:
# WR_CS: 1 | WR_EN: 1 | RD_CS: x | RD_EN: x | D_IN: 'd128 | D_OUT: 'dx | FULL: 0 | EMPTY: x
# UVM_INFO fifo_scoreboard.sv(29) @ 47350: uvm_test_top.env.scb [SCBD_WRITE] Stored Data: 'd128 | Queue Size: 213
# UVM_INFO fifo_driver.sv(44) @ 47550: uvm_test_top.env.in_agent.drv [DRV] WR_CS: 1 | WR_EN: 1 | RD_CS: 0 | RD_EN: 0 | D_IN: 'd125 | D_OUT: 'dx | FULL: x | EMPTY: x
# UVM_INFO fifo_inmonitor.sv(34) @ 47550: uvm_test_top.env.in_agent.mon [uvm_test_top.env.in_agent.mon] WRITE TX Captured:
# WR_CS: 1 | WR_EN: 1 | RD_CS: x | RD_EN: x | D_IN: 'd125 | D_OUT: 'dx | FULL: 0 | EMPTY: x
# UVM_INFO fifo_scoreboard.sv(29) @ 47550: uvm_test_top.env.scb [SCBD_WRITE] Stored Data: 'd125 | Queue Size: 214
# UVM_INFO fifo_driver.sv(44) @ 47750: uvm_test_top.env.in_agent.drv [DRV] WR_CS: 1 | WR_EN: 1 | RD_CS: 0 | RD_EN: 0 | D_IN: 'd81 | D_OUT: 'dx | FULL: x | EMPTY: x
# UVM_INFO fifo_inmonitor.sv(34) @ 47750: uvm_test_top.env.in_agent.mon [uvm_test_top.env.in_agent.mon] WRITE TX Captured:
# WR_CS: 1 | WR_EN: 1 | RD_CS: x | RD_EN: x | D_IN: 'd81 | D_OUT: 'dx | FULL: 0 | EMPTY: x
# UVM_INFO fifo_scoreboard.sv(29) @ 47750: uvm_test_top.env.scb [SCBD_WRITE] Stored Data: 'd81 | Queue Size: 215
# UVM_INFO fifo_driver.sv(44) @ 47950: uvm_test_top.env.in_agent.drv [DRV] WR_CS: 1 | WR_EN: 1 | RD_CS: 0 | RD_EN: 0 | D_IN: 'd63 | D_OUT: 'dx | FULL: x | EMPTY: x
# UVM_INFO fifo_inmonitor.sv(34) @ 47950: uvm_test_top.env.in_agent.mon [uvm_test_top.env.in_agent.mon] WRITE TX Captured:
# WR_CS: 1 | WR_EN: 1 | RD_CS: x | RD_EN: x | D_IN: 'd63 | D_OUT: 'dx | FULL: 0 | EMPTY: x
# UVM_INFO fifo_scoreboard.sv(29) @ 47950: uvm_test_top.env.scb [SCBD_WRITE] Stored Data: 'd63 | Queue Size: 216
# UVM_INFO fifo_driver.sv(44) @ 48150: uvm_test_top.env.in_agent.drv [DRV] WR_CS: 1 | WR_EN: 1 | RD_CS: 0 | RD_EN: 0 | D_IN: 'd114 | D_OUT: 'dx | FULL: x | EMPTY: x
# UVM_INFO fifo_inmonitor.sv(34) @ 48150: uvm_test_top.env.in_agent.mon [uvm_test_top.env.in_agent.mon] WRITE TX Captured:
# WR_CS: 1 | WR_EN: 1 | RD_CS: x | RD_EN: x | D_IN: 'd114 | D_OUT: 'dx | FULL: 0 | EMPTY: x
# UVM_INFO fifo_scoreboard.sv(29) @ 48150: uvm_test_top.env.scb [SCBD_WRITE] Stored Data: 'd114 | Queue Size: 217
# UVM_INFO fifo_driver.sv(44) @ 48350: uvm_test_top.env.in_agent.drv [DRV] WR_CS: 1 | WR_EN: 1 | RD_CS: 0 | RD_EN: 0 | D_IN: 'd60 | D_OUT: 'dx | FULL: x | EMPTY: x
# UVM_INFO fifo_inmonitor.sv(34) @ 48350: uvm_test_top.env.in_agent.mon [uvm_test_top.env.in_agent.mon] WRITE TX Captured:
# WR_CS: 1 | WR_EN: 1 | RD_CS: x | RD_EN: x | D_IN: 'd60 | D_OUT: 'dx | FULL: 0 | EMPTY: x
# UVM_INFO fifo_scoreboard.sv(29) @ 48350: uvm_test_top.env.scb [SCBD_WRITE] Stored Data: 'd60 | Queue Size: 218
# UVM_INFO fifo_driver.sv(44) @ 48550: uvm_test_top.env.in_agent.drv [DRV] WR_CS: 1 | WR_EN: 1 | RD_CS: 0 | RD_EN: 0 | D_IN: 'd192 | D_OUT: 'dx | FULL: x | EMPTY: x
# UVM_INFO fifo_inmonitor.sv(34) @ 48550: uvm_test_top.env.in_agent.mon [uvm_test_top.env.in_agent.mon] WRITE TX Captured:
# WR_CS: 1 | WR_EN: 1 | RD_CS: x | RD_EN: x | D_IN: 'd192 | D_OUT: 'dx | FULL: 0 | EMPTY: x
# UVM_INFO fifo_scoreboard.sv(29) @ 48550: uvm_test_top.env.scb [SCBD_WRITE] Stored Data: 'd192 | Queue Size: 219
# UVM_INFO fifo_driver.sv(44) @ 48750: uvm_test_top.env.in_agent.drv [DRV] WR_CS: 1 | WR_EN: 1 | RD_CS: 0 | RD_EN: 0 | D_IN: 'd100 | D_OUT: 'dx | FULL: x | EMPTY: x
# UVM_INFO fifo_inmonitor.sv(34) @ 48750: uvm_test_top.env.in_agent.mon [uvm_test_top.env.in_agent.mon] WRITE TX Captured:
# WR_CS: 1 | WR_EN: 1 | RD_CS: x | RD_EN: x | D_IN: 'd100 | D_OUT: 'dx | FULL: 0 | EMPTY: x
# UVM_INFO fifo_scoreboard.sv(29) @ 48750: uvm_test_top.env.scb [SCBD_WRITE] Stored Data: 'd100 | Queue Size: 220
# UVM_INFO fifo_driver.sv(44) @ 48950: uvm_test_top.env.in_agent.drv [DRV] WR_CS: 1 | WR_EN: 1 | RD_CS: 0 | RD_EN: 0 | D_IN: 'd209 | D_OUT: 'dx | FULL: x | EMPTY: x
# UVM_INFO fifo_inmonitor.sv(34) @ 48950: uvm_test_top.env.in_agent.mon [uvm_test_top.env.in_agent.mon] WRITE TX Captured:
# WR_CS: 1 | WR_EN: 1 | RD_CS: x | RD_EN: x | D_IN: 'd209 | D_OUT: 'dx | FULL: 0 | EMPTY: x
# UVM_INFO fifo_scoreboard.sv(29) @ 48950: uvm_test_top.env.scb [SCBD_WRITE] Stored Data: 'd209 | Queue Size: 221
# UVM_INFO fifo_driver.sv(44) @ 49150: uvm_test_top.env.in_agent.drv [DRV] WR_CS: 1 | WR_EN: 1 | RD_CS: 0 | RD_EN: 0 | D_IN: 'd106 | D_OUT: 'dx | FULL: x | EMPTY: x
# UVM_INFO fifo_inmonitor.sv(34) @ 49150: uvm_test_top.env.in_agent.mon [uvm_test_top.env.in_agent.mon] WRITE TX Captured:
# WR_CS: 1 | WR_EN: 1 | RD_CS: x | RD_EN: x | D_IN: 'd106 | D_OUT: 'dx | FULL: 0 | EMPTY: x
# UVM_INFO fifo_scoreboard.sv(29) @ 49150: uvm_test_top.env.scb [SCBD_WRITE] Stored Data: 'd106 | Queue Size: 222
# UVM_INFO fifo_driver.sv(44) @ 49350: uvm_test_top.env.in_agent.drv [DRV] WR_CS: 1 | WR_EN: 1 | RD_CS: 0 | RD_EN: 0 | D_IN: 'd209 | D_OUT: 'dx | FULL: x | EMPTY: x
# UVM_INFO fifo_inmonitor.sv(34) @ 49350: uvm_test_top.env.in_agent.mon [uvm_test_top.env.in_agent.mon] WRITE TX Captured:
# WR_CS: 1 | WR_EN: 1 | RD_CS: x | RD_EN: x | D_IN: 'd209 | D_OUT: 'dx | FULL: 0 | EMPTY: x
# UVM_INFO fifo_scoreboard.sv(29) @ 49350: uvm_test_top.env.scb [SCBD_WRITE] Stored Data: 'd209 | Queue Size: 223
# UVM_INFO fifo_driver.sv(44) @ 49550: uvm_test_top.env.in_agent.drv [DRV] WR_CS: 1 | WR_EN: 1 | RD_CS: 0 | RD_EN: 0 | D_IN: 'd207 | D_OUT: 'dx | FULL: x | EMPTY: x
# UVM_INFO fifo_inmonitor.sv(34) @ 49550: uvm_test_top.env.in_agent.mon [uvm_test_top.env.in_agent.mon] WRITE TX Captured:
# WR_CS: 1 | WR_EN: 1 | RD_CS: x | RD_EN: x | D_IN: 'd207 | D_OUT: 'dx | FULL: 0 | EMPTY: x
# UVM_INFO fifo_scoreboard.sv(29) @ 49550: uvm_test_top.env.scb [SCBD_WRITE] Stored Data: 'd207 | Queue Size: 224
# UVM_INFO fifo_driver.sv(44) @ 49750: uvm_test_top.env.in_agent.drv [DRV] WR_CS: 1 | WR_EN: 1 | RD_CS: 0 | RD_EN: 0 | D_IN: 'd179 | D_OUT: 'dx | FULL: x | EMPTY: x
# UVM_INFO fifo_inmonitor.sv(34) @ 49750: uvm_test_top.env.in_agent.mon [uvm_test_top.env.in_agent.mon] WRITE TX Captured:
# WR_CS: 1 | WR_EN: 1 | RD_CS: x | RD_EN: x | D_IN: 'd179 | D_OUT: 'dx | FULL: 0 | EMPTY: x
# UVM_INFO fifo_scoreboard.sv(29) @ 49750: uvm_test_top.env.scb [SCBD_WRITE] Stored Data: 'd179 | Queue Size: 225
# UVM_INFO fifo_driver.sv(44) @ 49950: uvm_test_top.env.in_agent.drv [DRV] WR_CS: 1 | WR_EN: 1 | RD_CS: 0 | RD_EN: 0 | D_IN: 'd127 | D_OUT: 'dx | FULL: x | EMPTY: x
# UVM_INFO fifo_inmonitor.sv(34) @ 49950: uvm_test_top.env.in_agent.mon [uvm_test_top.env.in_agent.mon] WRITE TX Captured:
# WR_CS: 1 | WR_EN: 1 | RD_CS: x | RD_EN: x | D_IN: 'd127 | D_OUT: 'dx | FULL: 0 | EMPTY: x
# UVM_INFO fifo_scoreboard.sv(29) @ 49950: uvm_test_top.env.scb [SCBD_WRITE] Stored Data: 'd127 | Queue Size: 226
# UVM_INFO fifo_driver.sv(44) @ 50150: uvm_test_top.env.in_agent.drv [DRV] WR_CS: 1 | WR_EN: 1 | RD_CS: 0 | RD_EN: 0 | D_IN: 'd164 | D_OUT: 'dx | FULL: x | EMPTY: x
# UVM_INFO fifo_inmonitor.sv(34) @ 50150: uvm_test_top.env.in_agent.mon [uvm_test_top.env.in_agent.mon] WRITE TX Captured:
# WR_CS: 1 | WR_EN: 1 | RD_CS: x | RD_EN: x | D_IN: 'd164 | D_OUT: 'dx | FULL: 0 | EMPTY: x
# UVM_INFO fifo_scoreboard.sv(29) @ 50150: uvm_test_top.env.scb [SCBD_WRITE] Stored Data: 'd164 | Queue Size: 227
# UVM_INFO fifo_driver.sv(44) @ 50350: uvm_test_top.env.in_agent.drv [DRV] WR_CS: 1 | WR_EN: 1 | RD_CS: 0 | RD_EN: 0 | D_IN: 'd161 | D_OUT: 'dx | FULL: x | EMPTY: x
# UVM_INFO fifo_inmonitor.sv(34) @ 50350: uvm_test_top.env.in_agent.mon [uvm_test_top.env.in_agent.mon] WRITE TX Captured:
# WR_CS: 1 | WR_EN: 1 | RD_CS: x | RD_EN: x | D_IN: 'd161 | D_OUT: 'dx | FULL: 0 | EMPTY: x
# UVM_INFO fifo_scoreboard.sv(29) @ 50350: uvm_test_top.env.scb [SCBD_WRITE] Stored Data: 'd161 | Queue Size: 228
# UVM_INFO fifo_driver.sv(44) @ 50550: uvm_test_top.env.in_agent.drv [DRV] WR_CS: 1 | WR_EN: 1 | RD_CS: 0 | RD_EN: 0 | D_IN: 'd200 | D_OUT: 'dx | FULL: x | EMPTY: x
# UVM_INFO fifo_inmonitor.sv(34) @ 50550: uvm_test_top.env.in_agent.mon [uvm_test_top.env.in_agent.mon] WRITE TX Captured:
# WR_CS: 1 | WR_EN: 1 | RD_CS: x | RD_EN: x | D_IN: 'd200 | D_OUT: 'dx | FULL: 0 | EMPTY: x
# UVM_INFO fifo_scoreboard.sv(29) @ 50550: uvm_test_top.env.scb [SCBD_WRITE] Stored Data: 'd200 | Queue Size: 229
# UVM_INFO fifo_driver.sv(44) @ 50750: uvm_test_top.env.in_agent.drv [DRV] WR_CS: 1 | WR_EN: 1 | RD_CS: 0 | RD_EN: 0 | D_IN: 'd5 | D_OUT: 'dx | FULL: x | EMPTY: x
# UVM_INFO fifo_inmonitor.sv(34) @ 50750: uvm_test_top.env.in_agent.mon [uvm_test_top.env.in_agent.mon] WRITE TX Captured:
# WR_CS: 1 | WR_EN: 1 | RD_CS: x | RD_EN: x | D_IN: 'd5 | D_OUT: 'dx | FULL: 0 | EMPTY: x
# UVM_INFO fifo_scoreboard.sv(29) @ 50750: uvm_test_top.env.scb [SCBD_WRITE] Stored Data: 'd5 | Queue Size: 230
# UVM_INFO fifo_driver.sv(44) @ 50950: uvm_test_top.env.in_agent.drv [DRV] WR_CS: 1 | WR_EN: 1 | RD_CS: 0 | RD_EN: 0 | D_IN: 'd68 | D_OUT: 'dx | FULL: x | EMPTY: x
# UVM_INFO fifo_inmonitor.sv(34) @ 50950: uvm_test_top.env.in_agent.mon [uvm_test_top.env.in_agent.mon] WRITE TX Captured:
# WR_CS: 1 | WR_EN: 1 | RD_CS: x | RD_EN: x | D_IN: 'd68 | D_OUT: 'dx | FULL: 0 | EMPTY: x
# UVM_INFO fifo_scoreboard.sv(29) @ 50950: uvm_test_top.env.scb [SCBD_WRITE] Stored Data: 'd68 | Queue Size: 231
# UVM_INFO fifo_driver.sv(44) @ 51150: uvm_test_top.env.in_agent.drv [DRV] WR_CS: 1 | WR_EN: 1 | RD_CS: 0 | RD_EN: 0 | D_IN: 'd108 | D_OUT: 'dx | FULL: x | EMPTY: x
# UVM_INFO fifo_inmonitor.sv(34) @ 51150: uvm_test_top.env.in_agent.mon [uvm_test_top.env.in_agent.mon] WRITE TX Captured:
# WR_CS: 1 | WR_EN: 1 | RD_CS: x | RD_EN: x | D_IN: 'd108 | D_OUT: 'dx | FULL: 0 | EMPTY: x
# UVM_INFO fifo_scoreboard.sv(29) @ 51150: uvm_test_top.env.scb [SCBD_WRITE] Stored Data: 'd108 | Queue Size: 232
# UVM_INFO fifo_driver.sv(44) @ 51350: uvm_test_top.env.in_agent.drv [DRV] WR_CS: 1 | WR_EN: 1 | RD_CS: 0 | RD_EN: 0 | D_IN: 'd220 | D_OUT: 'dx | FULL: x | EMPTY: x
# UVM_INFO fifo_inmonitor.sv(34) @ 51350: uvm_test_top.env.in_agent.mon [uvm_test_top.env.in_agent.mon] WRITE TX Captured:
# WR_CS: 1 | WR_EN: 1 | RD_CS: x | RD_EN: x | D_IN: 'd220 | D_OUT: 'dx | FULL: 0 | EMPTY: x
# UVM_INFO fifo_scoreboard.sv(29) @ 51350: uvm_test_top.env.scb [SCBD_WRITE] Stored Data: 'd220 | Queue Size: 233
# UVM_INFO fifo_driver.sv(44) @ 51550: uvm_test_top.env.in_agent.drv [DRV] WR_CS: 1 | WR_EN: 1 | RD_CS: 0 | RD_EN: 0 | D_IN: 'd223 | D_OUT: 'dx | FULL: x | EMPTY: x
# UVM_INFO fifo_inmonitor.sv(34) @ 51550: uvm_test_top.env.in_agent.mon [uvm_test_top.env.in_agent.mon] WRITE TX Captured:
# WR_CS: 1 | WR_EN: 1 | RD_CS: x | RD_EN: x | D_IN: 'd223 | D_OUT: 'dx | FULL: 0 | EMPTY: x
# UVM_INFO fifo_scoreboard.sv(29) @ 51550: uvm_test_top.env.scb [SCBD_WRITE] Stored Data: 'd223 | Queue Size: 234
# UVM_INFO fifo_driver.sv(44) @ 51750: uvm_test_top.env.in_agent.drv [DRV] WR_CS: 1 | WR_EN: 1 | RD_CS: 0 | RD_EN: 0 | D_IN: 'd134 | D_OUT: 'dx | FULL: x | EMPTY: x
# UVM_INFO fifo_inmonitor.sv(34) @ 51750: uvm_test_top.env.in_agent.mon [uvm_test_top.env.in_agent.mon] WRITE TX Captured:
# WR_CS: 1 | WR_EN: 1 | RD_CS: x | RD_EN: x | D_IN: 'd134 | D_OUT: 'dx | FULL: 0 | EMPTY: x
# UVM_INFO fifo_scoreboard.sv(29) @ 51750: uvm_test_top.env.scb [SCBD_WRITE] Stored Data: 'd134 | Queue Size: 235
# UVM_INFO fifo_driver.sv(44) @ 51950: uvm_test_top.env.in_agent.drv [DRV] WR_CS: 1 | WR_EN: 1 | RD_CS: 0 | RD_EN: 0 | D_IN: 'd240 | D_OUT: 'dx | FULL: x | EMPTY: x
# UVM_INFO fifo_inmonitor.sv(34) @ 51950: uvm_test_top.env.in_agent.mon [uvm_test_top.env.in_agent.mon] WRITE TX Captured:
# WR_CS: 1 | WR_EN: 1 | RD_CS: x | RD_EN: x | D_IN: 'd240 | D_OUT: 'dx | FULL: 0 | EMPTY: x
# UVM_INFO fifo_scoreboard.sv(29) @ 51950: uvm_test_top.env.scb [SCBD_WRITE] Stored Data: 'd240 | Queue Size: 236
# UVM_INFO fifo_driver.sv(44) @ 52150: uvm_test_top.env.in_agent.drv [DRV] WR_CS: 1 | WR_EN: 1 | RD_CS: 0 | RD_EN: 0 | D_IN: 'd39 | D_OUT: 'dx | FULL: x | EMPTY: x
# UVM_INFO fifo_inmonitor.sv(34) @ 52150: uvm_test_top.env.in_agent.mon [uvm_test_top.env.in_agent.mon] WRITE TX Captured:
# WR_CS: 1 | WR_EN: 1 | RD_CS: x | RD_EN: x | D_IN: 'd39 | D_OUT: 'dx | FULL: 0 | EMPTY: x
# UVM_INFO fifo_scoreboard.sv(29) @ 52150: uvm_test_top.env.scb [SCBD_WRITE] Stored Data: 'd39 | Queue Size: 237
# UVM_INFO fifo_driver.sv(44) @ 52350: uvm_test_top.env.in_agent.drv [DRV] WR_CS: 1 | WR_EN: 1 | RD_CS: 0 | RD_EN: 0 | D_IN: 'd193 | D_OUT: 'dx | FULL: x | EMPTY: x
# UVM_INFO fifo_inmonitor.sv(34) @ 52350: uvm_test_top.env.in_agent.mon [uvm_test_top.env.in_agent.mon] WRITE TX Captured:
# WR_CS: 1 | WR_EN: 1 | RD_CS: x | RD_EN: x | D_IN: 'd193 | D_OUT: 'dx | FULL: 0 | EMPTY: x
# UVM_INFO fifo_scoreboard.sv(29) @ 52350: uvm_test_top.env.scb [SCBD_WRITE] Stored Data: 'd193 | Queue Size: 238
# UVM_INFO fifo_driver.sv(44) @ 52550: uvm_test_top.env.in_agent.drv [DRV] WR_CS: 1 | WR_EN: 1 | RD_CS: 0 | RD_EN: 0 | D_IN: 'd147 | D_OUT: 'dx | FULL: x | EMPTY: x
# UVM_INFO fifo_inmonitor.sv(34) @ 52550: uvm_test_top.env.in_agent.mon [uvm_test_top.env.in_agent.mon] WRITE TX Captured:
# WR_CS: 1 | WR_EN: 1 | RD_CS: x | RD_EN: x | D_IN: 'd147 | D_OUT: 'dx | FULL: 0 | EMPTY: x
# UVM_INFO fifo_scoreboard.sv(29) @ 52550: uvm_test_top.env.scb [SCBD_WRITE] Stored Data: 'd147 | Queue Size: 239
# UVM_INFO fifo_driver.sv(44) @ 52750: uvm_test_top.env.in_agent.drv [DRV] WR_CS: 1 | WR_EN: 1 | RD_CS: 0 | RD_EN: 0 | D_IN: 'd89 | D_OUT: 'dx | FULL: x | EMPTY: x
# UVM_INFO fifo_inmonitor.sv(34) @ 52750: uvm_test_top.env.in_agent.mon [uvm_test_top.env.in_agent.mon] WRITE TX Captured:
# WR_CS: 1 | WR_EN: 1 | RD_CS: x | RD_EN: x | D_IN: 'd89 | D_OUT: 'dx | FULL: 0 | EMPTY: x
# UVM_INFO fifo_scoreboard.sv(29) @ 52750: uvm_test_top.env.scb [SCBD_WRITE] Stored Data: 'd89 | Queue Size: 240
# UVM_INFO fifo_driver.sv(44) @ 52950: uvm_test_top.env.in_agent.drv [DRV] WR_CS: 1 | WR_EN: 1 | RD_CS: 0 | RD_EN: 0 | D_IN: 'd109 | D_OUT: 'dx | FULL: x | EMPTY: x
# UVM_INFO fifo_inmonitor.sv(34) @ 52950: uvm_test_top.env.in_agent.mon [uvm_test_top.env.in_agent.mon] WRITE TX Captured:
# WR_CS: 1 | WR_EN: 1 | RD_CS: x | RD_EN: x | D_IN: 'd109 | D_OUT: 'dx | FULL: 0 | EMPTY: x
# UVM_INFO fifo_scoreboard.sv(29) @ 52950: uvm_test_top.env.scb [SCBD_WRITE] Stored Data: 'd109 | Queue Size: 241
# UVM_INFO fifo_driver.sv(44) @ 53150: uvm_test_top.env.in_agent.drv [DRV] WR_CS: 1 | WR_EN: 1 | RD_CS: 0 | RD_EN: 0 | D_IN: 'd218 | D_OUT: 'dx | FULL: x | EMPTY: x
# UVM_INFO fifo_inmonitor.sv(34) @ 53150: uvm_test_top.env.in_agent.mon [uvm_test_top.env.in_agent.mon] WRITE TX Captured:
# WR_CS: 1 | WR_EN: 1 | RD_CS: x | RD_EN: x | D_IN: 'd218 | D_OUT: 'dx | FULL: 0 | EMPTY: x
# UVM_INFO fifo_scoreboard.sv(29) @ 53150: uvm_test_top.env.scb [SCBD_WRITE] Stored Data: 'd218 | Queue Size: 242
# UVM_INFO fifo_driver.sv(44) @ 53350: uvm_test_top.env.in_agent.drv [DRV] WR_CS: 1 | WR_EN: 1 | RD_CS: 0 | RD_EN: 0 | D_IN: 'd105 | D_OUT: 'dx | FULL: x | EMPTY: x
# UVM_INFO fifo_inmonitor.sv(34) @ 53350: uvm_test_top.env.in_agent.mon [uvm_test_top.env.in_agent.mon] WRITE TX Captured:
# WR_CS: 1 | WR_EN: 1 | RD_CS: x | RD_EN: x | D_IN: 'd105 | D_OUT: 'dx | FULL: 0 | EMPTY: x
# UVM_INFO fifo_scoreboard.sv(29) @ 53350: uvm_test_top.env.scb [SCBD_WRITE] Stored Data: 'd105 | Queue Size: 243
# UVM_INFO fifo_driver.sv(44) @ 53550: uvm_test_top.env.in_agent.drv [DRV] WR_CS: 1 | WR_EN: 1 | RD_CS: 0 | RD_EN: 0 | D_IN: 'd68 | D_OUT: 'dx | FULL: x | EMPTY: x
# UVM_INFO fifo_inmonitor.sv(34) @ 53550: uvm_test_top.env.in_agent.mon [uvm_test_top.env.in_agent.mon] WRITE TX Captured:
# WR_CS: 1 | WR_EN: 1 | RD_CS: x | RD_EN: x | D_IN: 'd68 | D_OUT: 'dx | FULL: 0 | EMPTY: x
# UVM_INFO fifo_scoreboard.sv(29) @ 53550: uvm_test_top.env.scb [SCBD_WRITE] Stored Data: 'd68 | Queue Size: 244
# UVM_INFO fifo_driver.sv(44) @ 53750: uvm_test_top.env.in_agent.drv [DRV] WR_CS: 1 | WR_EN: 1 | RD_CS: 0 | RD_EN: 0 | D_IN: 'd88 | D_OUT: 'dx | FULL: x | EMPTY: x
# UVM_INFO fifo_inmonitor.sv(34) @ 53750: uvm_test_top.env.in_agent.mon [uvm_test_top.env.in_agent.mon] WRITE TX Captured:
# WR_CS: 1 | WR_EN: 1 | RD_CS: x | RD_EN: x | D_IN: 'd88 | D_OUT: 'dx | FULL: 0 | EMPTY: x
# UVM_INFO fifo_scoreboard.sv(29) @ 53750: uvm_test_top.env.scb [SCBD_WRITE] Stored Data: 'd88 | Queue Size: 245
# UVM_INFO fifo_driver.sv(44) @ 53950: uvm_test_top.env.in_agent.drv [DRV] WR_CS: 1 | WR_EN: 1 | RD_CS: 0 | RD_EN: 0 | D_IN: 'd66 | D_OUT: 'dx | FULL: x | EMPTY: x
# UVM_INFO fifo_inmonitor.sv(34) @ 53950: uvm_test_top.env.in_agent.mon [uvm_test_top.env.in_agent.mon] WRITE TX Captured:
# WR_CS: 1 | WR_EN: 1 | RD_CS: x | RD_EN: x | D_IN: 'd66 | D_OUT: 'dx | FULL: 0 | EMPTY: x
# UVM_INFO fifo_scoreboard.sv(29) @ 53950: uvm_test_top.env.scb [SCBD_WRITE] Stored Data: 'd66 | Queue Size: 246
# UVM_INFO fifo_driver.sv(44) @ 54150: uvm_test_top.env.in_agent.drv [DRV] WR_CS: 1 | WR_EN: 1 | RD_CS: 0 | RD_EN: 0 | D_IN: 'd111 | D_OUT: 'dx | FULL: x | EMPTY: x
# UVM_INFO fifo_inmonitor.sv(34) @ 54150: uvm_test_top.env.in_agent.mon [uvm_test_top.env.in_agent.mon] WRITE TX Captured:
# WR_CS: 1 | WR_EN: 1 | RD_CS: x | RD_EN: x | D_IN: 'd111 | D_OUT: 'dx | FULL: 0 | EMPTY: x
# UVM_INFO fifo_scoreboard.sv(29) @ 54150: uvm_test_top.env.scb [SCBD_WRITE] Stored Data: 'd111 | Queue Size: 247
# UVM_INFO fifo_driver.sv(44) @ 54350: uvm_test_top.env.in_agent.drv [DRV] WR_CS: 1 | WR_EN: 1 | RD_CS: 0 | RD_EN: 0 | D_IN: 'd219 | D_OUT: 'dx | FULL: x | EMPTY: x
# UVM_INFO fifo_inmonitor.sv(34) @ 54350: uvm_test_top.env.in_agent.mon [uvm_test_top.env.in_agent.mon] WRITE TX Captured:
# WR_CS: 1 | WR_EN: 1 | RD_CS: x | RD_EN: x | D_IN: 'd219 | D_OUT: 'dx | FULL: 0 | EMPTY: x
# UVM_INFO fifo_scoreboard.sv(29) @ 54350: uvm_test_top.env.scb [SCBD_WRITE] Stored Data: 'd219 | Queue Size: 248
# UVM_INFO fifo_driver.sv(44) @ 54550: uvm_test_top.env.in_agent.drv [DRV] WR_CS: 1 | WR_EN: 1 | RD_CS: 0 | RD_EN: 0 | D_IN: 'd130 | D_OUT: 'dx | FULL: x | EMPTY: x
# UVM_INFO fifo_inmonitor.sv(34) @ 54550: uvm_test_top.env.in_agent.mon [uvm_test_top.env.in_agent.mon] WRITE TX Captured:
# WR_CS: 1 | WR_EN: 1 | RD_CS: x | RD_EN: x | D_IN: 'd130 | D_OUT: 'dx | FULL: 0 | EMPTY: x
# UVM_INFO fifo_scoreboard.sv(29) @ 54550: uvm_test_top.env.scb [SCBD_WRITE] Stored Data: 'd130 | Queue Size: 249
# UVM_INFO fifo_driver.sv(44) @ 54750: uvm_test_top.env.in_agent.drv [DRV] WR_CS: 1 | WR_EN: 1 | RD_CS: 0 | RD_EN: 0 | D_IN: 'd99 | D_OUT: 'dx | FULL: x | EMPTY: x
# UVM_INFO fifo_inmonitor.sv(34) @ 54750: uvm_test_top.env.in_agent.mon [uvm_test_top.env.in_agent.mon] WRITE TX Captured:
# WR_CS: 1 | WR_EN: 1 | RD_CS: x | RD_EN: x | D_IN: 'd99 | D_OUT: 'dx | FULL: 0 | EMPTY: x
# UVM_INFO fifo_scoreboard.sv(29) @ 54750: uvm_test_top.env.scb [SCBD_WRITE] Stored Data: 'd99 | Queue Size: 250
# UVM_INFO fifo_driver.sv(44) @ 54950: uvm_test_top.env.in_agent.drv [DRV] WR_CS: 1 | WR_EN: 1 | RD_CS: 0 | RD_EN: 0 | D_IN: 'd214 | D_OUT: 'dx | FULL: x | EMPTY: x
# UVM_INFO fifo_inmonitor.sv(34) @ 54950: uvm_test_top.env.in_agent.mon [uvm_test_top.env.in_agent.mon] WRITE TX Captured:
# WR_CS: 1 | WR_EN: 1 | RD_CS: x | RD_EN: x | D_IN: 'd214 | D_OUT: 'dx | FULL: 0 | EMPTY: x
# UVM_INFO fifo_scoreboard.sv(29) @ 54950: uvm_test_top.env.scb [SCBD_WRITE] Stored Data: 'd214 | Queue Size: 251
# UVM_INFO fifo_driver.sv(44) @ 55150: uvm_test_top.env.in_agent.drv [DRV] WR_CS: 1 | WR_EN: 1 | RD_CS: 0 | RD_EN: 0 | D_IN: 'd221 | D_OUT: 'dx | FULL: x | EMPTY: x
# UVM_INFO fifo_inmonitor.sv(34) @ 55150: uvm_test_top.env.in_agent.mon [uvm_test_top.env.in_agent.mon] WRITE TX Captured:
# WR_CS: 1 | WR_EN: 1 | RD_CS: x | RD_EN: x | D_IN: 'd221 | D_OUT: 'dx | FULL: 0 | EMPTY: x
# UVM_INFO fifo_scoreboard.sv(29) @ 55150: uvm_test_top.env.scb [SCBD_WRITE] Stored Data: 'd221 | Queue Size: 252
# UVM_INFO fifo_driver.sv(44) @ 55350: uvm_test_top.env.in_agent.drv [DRV] WR_CS: 1 | WR_EN: 1 | RD_CS: 0 | RD_EN: 0 | D_IN: 'd53 | D_OUT: 'dx | FULL: x | EMPTY: x
# UVM_INFO fifo_inmonitor.sv(34) @ 55350: uvm_test_top.env.in_agent.mon [uvm_test_top.env.in_agent.mon] WRITE TX Captured:
# WR_CS: 1 | WR_EN: 1 | RD_CS: x | RD_EN: x | D_IN: 'd53 | D_OUT: 'dx | FULL: 0 | EMPTY: x
# UVM_INFO fifo_scoreboard.sv(29) @ 55350: uvm_test_top.env.scb [SCBD_WRITE] Stored Data: 'd53 | Queue Size: 253
# UVM_INFO fifo_driver.sv(44) @ 55550: uvm_test_top.env.in_agent.drv [DRV] WR_CS: 1 | WR_EN: 1 | RD_CS: 0 | RD_EN: 0 | D_IN: 'd124 | D_OUT: 'dx | FULL: x | EMPTY: x
# UVM_INFO fifo_inmonitor.sv(34) @ 55550: uvm_test_top.env.in_agent.mon [uvm_test_top.env.in_agent.mon] WRITE TX Captured:
# WR_CS: 1 | WR_EN: 1 | RD_CS: x | RD_EN: x | D_IN: 'd124 | D_OUT: 'dx | FULL: 0 | EMPTY: x
# UVM_INFO fifo_scoreboard.sv(29) @ 55550: uvm_test_top.env.scb [SCBD_WRITE] Stored Data: 'd124 | Queue Size: 254
# UVM_INFO fifo_driver.sv(44) @ 55750: uvm_test_top.env.in_agent.drv [DRV] WR_CS: 1 | WR_EN: 1 | RD_CS: 0 | RD_EN: 0 | D_IN: 'd204 | D_OUT: 'dx | FULL: x | EMPTY: x
# UVM_INFO fifo_inmonitor.sv(34) @ 55750: uvm_test_top.env.in_agent.mon [uvm_test_top.env.in_agent.mon] WRITE TX Captured:
# WR_CS: 1 | WR_EN: 1 | RD_CS: x | RD_EN: x | D_IN: 'd204 | D_OUT: 'dx | FULL: 0 | EMPTY: x
# UVM_INFO fifo_scoreboard.sv(29) @ 55750: uvm_test_top.env.scb [SCBD_WRITE] Stored Data: 'd204 | Queue Size: 255
# UVM_INFO fifo_driver.sv(44) @ 55950: uvm_test_top.env.in_agent.drv [DRV] WR_CS: 1 | WR_EN: 1 | RD_CS: 0 | RD_EN: 0 | D_IN: 'd111 | D_OUT: 'dx | FULL: x | EMPTY: x
# UVM_INFO fifo_inmonitor.sv(34) @ 55950: uvm_test_top.env.in_agent.mon [uvm_test_top.env.in_agent.mon] WRITE TX Captured:
# WR_CS: 1 | WR_EN: 1 | RD_CS: x | RD_EN: x | D_IN: 'd111 | D_OUT: 'dx | FULL: 0 | EMPTY: x
# UVM_INFO fifo_scoreboard.sv(29) @ 55950: uvm_test_top.env.scb [SCBD_WRITE] Stored Data: 'd111 | Queue Size: 256
# UVM_INFO fifo_driver.sv(44) @ 56150: uvm_test_top.env.in_agent.drv [DRV] WR_CS: 1 | WR_EN: 1 | RD_CS: 0 | RD_EN: 0 | D_IN: 'd180 | D_OUT: 'dx | FULL: x | EMPTY: x
# UVM_INFO fifo_inmonitor.sv(34) @ 56150: uvm_test_top.env.in_agent.mon [uvm_test_top.env.in_agent.mon] WRITE TX Captured:
# WR_CS: 1 | WR_EN: 1 | RD_CS: x | RD_EN: x | D_IN: 'd180 | D_OUT: 'dx | FULL: 1 | EMPTY: x
# UVM_INFO fifo_scoreboard.sv(31) @ 56150: uvm_test_top.env.scb [SCBD_OVERFLOW_DROP] DUT is full! Write dropped by hardware and scoreboard.
# UVM_INFO fifo_driver.sv(44) @ 56350: uvm_test_top.env.in_agent.drv [DRV] WR_CS: 1 | WR_EN: 1 | RD_CS: 0 | RD_EN: 0 | D_IN: 'd16 | D_OUT: 'dx | FULL: x | EMPTY: x
# UVM_INFO fifo_inmonitor.sv(34) @ 56350: uvm_test_top.env.in_agent.mon [uvm_test_top.env.in_agent.mon] WRITE TX Captured:
# WR_CS: 1 | WR_EN: 1 | RD_CS: x | RD_EN: x | D_IN: 'd16 | D_OUT: 'dx | FULL: 1 | EMPTY: x
# UVM_INFO fifo_scoreboard.sv(31) @ 56350: uvm_test_top.env.scb [SCBD_OVERFLOW_DROP] DUT is full! Write dropped by hardware and scoreboard.
# UVM_INFO fifo_driver.sv(44) @ 56550: uvm_test_top.env.in_agent.drv [DRV] WR_CS: 1 | WR_EN: 1 | RD_CS: 0 | RD_EN: 0 | D_IN: 'd25 | D_OUT: 'dx | FULL: x | EMPTY: x
# UVM_INFO fifo_inmonitor.sv(34) @ 56550: uvm_test_top.env.in_agent.mon [uvm_test_top.env.in_agent.mon] WRITE TX Captured:
# WR_CS: 1 | WR_EN: 1 | RD_CS: x | RD_EN: x | D_IN: 'd25 | D_OUT: 'dx | FULL: 1 | EMPTY: x
# UVM_INFO fifo_scoreboard.sv(31) @ 56550: uvm_test_top.env.scb [SCBD_OVERFLOW_DROP] DUT is full! Write dropped by hardware and scoreboard.
# UVM_INFO fifo_driver.sv(44) @ 56750: uvm_test_top.env.in_agent.drv [DRV] WR_CS: 1 | WR_EN: 1 | RD_CS: 0 | RD_EN: 0 | D_IN: 'd194 | D_OUT: 'dx | FULL: x | EMPTY: x
# UVM_INFO fifo_inmonitor.sv(34) @ 56750: uvm_test_top.env.in_agent.mon [uvm_test_top.env.in_agent.mon] WRITE TX Captured:
# WR_CS: 1 | WR_EN: 1 | RD_CS: x | RD_EN: x | D_IN: 'd194 | D_OUT: 'dx | FULL: 1 | EMPTY: x
# UVM_INFO fifo_scoreboard.sv(31) @ 56750: uvm_test_top.env.scb [SCBD_OVERFLOW_DROP] DUT is full! Write dropped by hardware and scoreboard.
# UVM_INFO fifo_driver.sv(44) @ 56950: uvm_test_top.env.in_agent.drv [DRV] WR_CS: 1 | WR_EN: 1 | RD_CS: 0 | RD_EN: 0 | D_IN: 'd138 | D_OUT: 'dx | FULL: x | EMPTY: x
# UVM_INFO fifo_inmonitor.sv(34) @ 56950: uvm_test_top.env.in_agent.mon [uvm_test_top.env.in_agent.mon] WRITE TX Captured:
# WR_CS: 1 | WR_EN: 1 | RD_CS: x | RD_EN: x | D_IN: 'd138 | D_OUT: 'dx | FULL: 1 | EMPTY: x
# UVM_INFO fifo_scoreboard.sv(31) @ 56950: uvm_test_top.env.scb [SCBD_OVERFLOW_DROP] DUT is full! Write dropped by hardware and scoreboard.
# UVM_INFO fifo_driver.sv(44) @ 57150: uvm_test_top.env.in_agent.drv [DRV] WR_CS: 0 | WR_EN: 0 | RD_CS: 1 | RD_EN: 1 | D_IN: 'd124 | D_OUT: 'dx | FULL: x | EMPTY: x
# UVM_INFO fifo_outmonitor.sv(44) @ 57250: uvm_test_top.env.out_agent.mon [uvm_test_top.env.out_agent.mon] READ TX Captured:
# WR_CS: x | WR_EN: x | RD_CS: 1 | RD_EN: 1 | D_IN: 'dx | D_OUT: 'd138 | FULL: x | EMPTY: 0
# UVM_ERROR fifo_scoreboard.sv(48) @ 57250: uvm_test_top.env.scb [SCBD_MISMATCH] FAIL! Expected: 'd137 | Actual: 'd138
# UVM_INFO fifo_driver.sv(44) @ 57350: uvm_test_top.env.in_agent.drv [DRV] WR_CS: 0 | WR_EN: 0 | RD_CS: 1 | RD_EN: 1 | D_IN: 'd122 | D_OUT: 'dx | FULL: x | EMPTY: x
# UVM_INFO fifo_outmonitor.sv(44) @ 57450: uvm_test_top.env.out_agent.mon [uvm_test_top.env.out_agent.mon] READ TX Captured:
# WR_CS: x | WR_EN: x | RD_CS: 1 | RD_EN: 1 | D_IN: 'dx | D_OUT: 'd131 | FULL: x | EMPTY: 0
# UVM_INFO fifo_scoreboard.sv(44) @ 57450: uvm_test_top.env.scb [SCBD_PASS] PASS! Expected: 'd131 | Actual: 'd131
# UVM_INFO fifo_driver.sv(44) @ 57550: uvm_test_top.env.in_agent.drv [DRV] WR_CS: 0 | WR_EN: 0 | RD_CS: 1 | RD_EN: 1 | D_IN: 'd176 | D_OUT: 'dx | FULL: x | EMPTY: x
# UVM_INFO fifo_outmonitor.sv(44) @ 57650: uvm_test_top.env.out_agent.mon [uvm_test_top.env.out_agent.mon] READ TX Captured:
# WR_CS: x | WR_EN: x | RD_CS: 1 | RD_EN: 1 | D_IN: 'dx | D_OUT: 'd244 | FULL: x | EMPTY: 0
# UVM_INFO fifo_scoreboard.sv(44) @ 57650: uvm_test_top.env.scb [SCBD_PASS] PASS! Expected: 'd244 | Actual: 'd244
# UVM_INFO fifo_driver.sv(44) @ 57750: uvm_test_top.env.in_agent.drv [DRV] WR_CS: 0 | WR_EN: 0 | RD_CS: 1 | RD_EN: 1 | D_IN: 'd24 | D_OUT: 'dx | FULL: x | EMPTY: x
# UVM_INFO fifo_outmonitor.sv(44) @ 57850: uvm_test_top.env.out_agent.mon [uvm_test_top.env.out_agent.mon] READ TX Captured:
# WR_CS: x | WR_EN: x | RD_CS: 1 | RD_EN: 1 | D_IN: 'dx | D_OUT: 'd66 | FULL: x | EMPTY: 0
# UVM_INFO fifo_scoreboard.sv(44) @ 57850: uvm_test_top.env.scb [SCBD_PASS] PASS! Expected: 'd66 | Actual: 'd66
# UVM_INFO fifo_driver.sv(44) @ 57950: uvm_test_top.env.in_agent.drv [DRV] WR_CS: 0 | WR_EN: 0 | RD_CS: 1 | RD_EN: 1 | D_IN: 'd245 | D_OUT: 'dx | FULL: x | EMPTY: x
# UVM_INFO fifo_outmonitor.sv(44) @ 58050: uvm_test_top.env.out_agent.mon [uvm_test_top.env.out_agent.mon] READ TX Captured:
# WR_CS: x | WR_EN: x | RD_CS: 1 | RD_EN: 1 | D_IN: 'dx | D_OUT: 'd49 | FULL: x | EMPTY: 0
# UVM_INFO fifo_scoreboard.sv(44) @ 58050: uvm_test_top.env.scb [SCBD_PASS] PASS! Expected: 'd49 | Actual: 'd49
# UVM_INFO fifo_driver.sv(44) @ 58150: uvm_test_top.env.in_agent.drv [DRV] WR_CS: 0 | WR_EN: 0 | RD_CS: 1 | RD_EN: 1 | D_IN: 'd181 | D_OUT: 'dx | FULL: x | EMPTY: x
# UVM_INFO fifo_outmonitor.sv(44) @ 58250: uvm_test_top.env.out_agent.mon [uvm_test_top.env.out_agent.mon] READ TX Captured:
# WR_CS: x | WR_EN: x | RD_CS: 1 | RD_EN: 1 | D_IN: 'dx | D_OUT: 'd7 | FULL: x | EMPTY: 0
# UVM_INFO fifo_scoreboard.sv(44) @ 58250: uvm_test_top.env.scb [SCBD_PASS] PASS! Expected: 'd7 | Actual: 'd7
# UVM_INFO fifo_driver.sv(44) @ 58350: uvm_test_top.env.in_agent.drv [DRV] WR_CS: 0 | WR_EN: 0 | RD_CS: 1 | RD_EN: 1 | D_IN: 'd69 | D_OUT: 'dx | FULL: x | EMPTY: x
# UVM_INFO fifo_outmonitor.sv(44) @ 58450: uvm_test_top.env.out_agent.mon [uvm_test_top.env.out_agent.mon] READ TX Captured:
# WR_CS: x | WR_EN: x | RD_CS: 1 | RD_EN: 1 | D_IN: 'dx | D_OUT: 'd32 | FULL: x | EMPTY: 0
# UVM_INFO fifo_scoreboard.sv(44) @ 58450: uvm_test_top.env.scb [SCBD_PASS] PASS! Expected: 'd32 | Actual: 'd32
# UVM_INFO fifo_driver.sv(44) @ 58550: uvm_test_top.env.in_agent.drv [DRV] WR_CS: 0 | WR_EN: 0 | RD_CS: 1 | RD_EN: 1 | D_IN: 'd107 | D_OUT: 'dx | FULL: x | EMPTY: x
# UVM_INFO fifo_outmonitor.sv(44) @ 58650: uvm_test_top.env.out_agent.mon [uvm_test_top.env.out_agent.mon] READ TX Captured:
# WR_CS: x | WR_EN: x | RD_CS: 1 | RD_EN: 1 | D_IN: 'dx | D_OUT: 'd80 | FULL: x | EMPTY: 0
# UVM_INFO fifo_scoreboard.sv(44) @ 58650: uvm_test_top.env.scb [SCBD_PASS] PASS! Expected: 'd80 | Actual: 'd80
# UVM_INFO fifo_driver.sv(44) @ 58750: uvm_test_top.env.in_agent.drv [DRV] WR_CS: 0 | WR_EN: 0 | RD_CS: 1 | RD_EN: 1 | D_IN: 'd94 | D_OUT: 'dx | FULL: x | EMPTY: x
# UVM_INFO fifo_outmonitor.sv(44) @ 58850: uvm_test_top.env.out_agent.mon [uvm_test_top.env.out_agent.mon] READ TX Captured:
# WR_CS: x | WR_EN: x | RD_CS: 1 | RD_EN: 1 | D_IN: 'dx | D_OUT: 'd47 | FULL: x | EMPTY: 0
# UVM_INFO fifo_scoreboard.sv(44) @ 58850: uvm_test_top.env.scb [SCBD_PASS] PASS! Expected: 'd47 | Actual: 'd47
# UVM_INFO fifo_driver.sv(44) @ 58950: uvm_test_top.env.in_agent.drv [DRV] WR_CS: 0 | WR_EN: 0 | RD_CS: 1 | RD_EN: 1 | D_IN: 'd220 | D_OUT: 'dx | FULL: x | EMPTY: x
# UVM_INFO fifo_outmonitor.sv(44) @ 59050: uvm_test_top.env.out_agent.mon [uvm_test_top.env.out_agent.mon] READ TX Captured:
# WR_CS: x | WR_EN: x | RD_CS: 1 | RD_EN: 1 | D_IN: 'dx | D_OUT: 'd199 | FULL: x | EMPTY: 0
# UVM_INFO fifo_scoreboard.sv(44) @ 59050: uvm_test_top.env.scb [SCBD_PASS] PASS! Expected: 'd199 | Actual: 'd199
# UVM_INFO fifo_driver.sv(44) @ 59150: uvm_test_top.env.in_agent.drv [DRV] WR_CS: 0 | WR_EN: 0 | RD_CS: 1 | RD_EN: 1 | D_IN: 'd80 | D_OUT: 'dx | FULL: x | EMPTY: x
# UVM_INFO fifo_outmonitor.sv(44) @ 59250: uvm_test_top.env.out_agent.mon [uvm_test_top.env.out_agent.mon] READ TX Captured:
# WR_CS: x | WR_EN: x | RD_CS: 1 | RD_EN: 1 | D_IN: 'dx | D_OUT: 'd21 | FULL: x | EMPTY: 0
# UVM_INFO fifo_scoreboard.sv(44) @ 59250: uvm_test_top.env.scb [SCBD_PASS] PASS! Expected: 'd21 | Actual: 'd21
# UVM_INFO fifo_driver.sv(44) @ 59350: uvm_test_top.env.in_agent.drv [DRV] WR_CS: 0 | WR_EN: 0 | RD_CS: 1 | RD_EN: 1 | D_IN: 'd143 | D_OUT: 'dx | FULL: x | EMPTY: x
# UVM_INFO fifo_outmonitor.sv(44) @ 59450: uvm_test_top.env.out_agent.mon [uvm_test_top.env.out_agent.mon] READ TX Captured:
# WR_CS: x | WR_EN: x | RD_CS: 1 | RD_EN: 1 | D_IN: 'dx | D_OUT: 'd225 | FULL: x | EMPTY: 0
# UVM_INFO fifo_scoreboard.sv(44) @ 59450: uvm_test_top.env.scb [SCBD_PASS] PASS! Expected: 'd225 | Actual: 'd225
# UVM_INFO fifo_driver.sv(44) @ 59550: uvm_test_top.env.in_agent.drv [DRV] WR_CS: 0 | WR_EN: 0 | RD_CS: 1 | RD_EN: 1 | D_IN: 'd154 | D_OUT: 'dx | FULL: x | EMPTY: x
# UVM_INFO fifo_outmonitor.sv(44) @ 59650: uvm_test_top.env.out_agent.mon [uvm_test_top.env.out_agent.mon] READ TX Captured:
# WR_CS: x | WR_EN: x | RD_CS: 1 | RD_EN: 1 | D_IN: 'dx | D_OUT: 'd129 | FULL: x | EMPTY: 0
# UVM_INFO fifo_scoreboard.sv(44) @ 59650: uvm_test_top.env.scb [SCBD_PASS] PASS! Expected: 'd129 | Actual: 'd129
# UVM_INFO fifo_driver.sv(44) @ 59750: uvm_test_top.env.in_agent.drv [DRV] WR_CS: 0 | WR_EN: 0 | RD_CS: 1 | RD_EN: 1 | D_IN: 'd200 | D_OUT: 'dx | FULL: x | EMPTY: x
# UVM_INFO fifo_outmonitor.sv(44) @ 59850: uvm_test_top.env.out_agent.mon [uvm_test_top.env.out_agent.mon] READ TX Captured:
# WR_CS: x | WR_EN: x | RD_CS: 1 | RD_EN: 1 | D_IN: 'dx | D_OUT: 'd166 | FULL: x | EMPTY: 0
# UVM_INFO fifo_scoreboard.sv(44) @ 59850: uvm_test_top.env.scb [SCBD_PASS] PASS! Expected: 'd166 | Actual: 'd166
# UVM_INFO fifo_driver.sv(44) @ 59950: uvm_test_top.env.in_agent.drv [DRV] WR_CS: 0 | WR_EN: 0 | RD_CS: 1 | RD_EN: 1 | D_IN: 'd91 | D_OUT: 'dx | FULL: x | EMPTY: x
# UVM_INFO fifo_outmonitor.sv(44) @ 60050: uvm_test_top.env.out_agent.mon [uvm_test_top.env.out_agent.mon] READ TX Captured:
# WR_CS: x | WR_EN: x | RD_CS: 1 | RD_EN: 1 | D_IN: 'dx | D_OUT: 'd140 | FULL: x | EMPTY: 0
# UVM_INFO fifo_scoreboard.sv(44) @ 60050: uvm_test_top.env.scb [SCBD_PASS] PASS! Expected: 'd140 | Actual: 'd140
# UVM_INFO fifo_driver.sv(44) @ 60150: uvm_test_top.env.in_agent.drv [DRV] WR_CS: 0 | WR_EN: 0 | RD_CS: 1 | RD_EN: 1 | D_IN: 'd222 | D_OUT: 'dx | FULL: x | EMPTY: x
# UVM_INFO fifo_outmonitor.sv(44) @ 60250: uvm_test_top.env.out_agent.mon [uvm_test_top.env.out_agent.mon] READ TX Captured:
# WR_CS: x | WR_EN: x | RD_CS: 1 | RD_EN: 1 | D_IN: 'dx | D_OUT: 'd7 | FULL: x | EMPTY: 0
# UVM_INFO fifo_scoreboard.sv(44) @ 60250: uvm_test_top.env.scb [SCBD_PASS] PASS! Expected: 'd7 | Actual: 'd7
# UVM_INFO fifo_driver.sv(44) @ 60350: uvm_test_top.env.in_agent.drv [DRV] WR_CS: 0 | WR_EN: 0 | RD_CS: 1 | RD_EN: 1 | D_IN: 'd109 | D_OUT: 'dx | FULL: x | EMPTY: x
# UVM_INFO fifo_outmonitor.sv(44) @ 60450: uvm_test_top.env.out_agent.mon [uvm_test_top.env.out_agent.mon] READ TX Captured:
# WR_CS: x | WR_EN: x | RD_CS: 1 | RD_EN: 1 | D_IN: 'dx | D_OUT: 'd129 | FULL: x | EMPTY: 0
# UVM_INFO fifo_scoreboard.sv(44) @ 60450: uvm_test_top.env.scb [SCBD_PASS] PASS! Expected: 'd129 | Actual: 'd129
# UVM_INFO fifo_driver.sv(44) @ 60550: uvm_test_top.env.in_agent.drv [DRV] WR_CS: 0 | WR_EN: 0 | RD_CS: 1 | RD_EN: 1 | D_IN: 'd184 | D_OUT: 'dx | FULL: x | EMPTY: x
# UVM_INFO fifo_outmonitor.sv(44) @ 60650: uvm_test_top.env.out_agent.mon [uvm_test_top.env.out_agent.mon] READ TX Captured:
# WR_CS: x | WR_EN: x | RD_CS: 1 | RD_EN: 1 | D_IN: 'dx | D_OUT: 'd98 | FULL: x | EMPTY: 0
# UVM_INFO fifo_scoreboard.sv(44) @ 60650: uvm_test_top.env.scb [SCBD_PASS] PASS! Expected: 'd98 | Actual: 'd98
# UVM_INFO fifo_driver.sv(44) @ 60750: uvm_test_top.env.in_agent.drv [DRV] WR_CS: 0 | WR_EN: 0 | RD_CS: 1 | RD_EN: 1 | D_IN: 'd206 | D_OUT: 'dx | FULL: x | EMPTY: x
# UVM_INFO fifo_outmonitor.sv(44) @ 60850: uvm_test_top.env.out_agent.mon [uvm_test_top.env.out_agent.mon] READ TX Captured:
# WR_CS: x | WR_EN: x | RD_CS: 1 | RD_EN: 1 | D_IN: 'dx | D_OUT: 'd147 | FULL: x | EMPTY: 0
# UVM_INFO fifo_scoreboard.sv(44) @ 60850: uvm_test_top.env.scb [SCBD_PASS] PASS! Expected: 'd147 | Actual: 'd147
# UVM_INFO fifo_driver.sv(44) @ 60950: uvm_test_top.env.in_agent.drv [DRV] WR_CS: 0 | WR_EN: 0 | RD_CS: 1 | RD_EN: 1 | D_IN: 'd254 | D_OUT: 'dx | FULL: x | EMPTY: x
# UVM_INFO fifo_outmonitor.sv(44) @ 61050: uvm_test_top.env.out_agent.mon [uvm_test_top.env.out_agent.mon] READ TX Captured:
# WR_CS: x | WR_EN: x | RD_CS: 1 | RD_EN: 1 | D_IN: 'dx | D_OUT: 'd204 | FULL: x | EMPTY: 0
# UVM_INFO fifo_scoreboard.sv(44) @ 61050: uvm_test_top.env.scb [SCBD_PASS] PASS! Expected: 'd204 | Actual: 'd204
# UVM_INFO fifo_driver.sv(44) @ 61150: uvm_test_top.env.in_agent.drv [DRV] WR_CS: 0 | WR_EN: 0 | RD_CS: 1 | RD_EN: 1 | D_IN: 'd90 | D_OUT: 'dx | FULL: x | EMPTY: x
# UVM_INFO fifo_outmonitor.sv(44) @ 61250: uvm_test_top.env.out_agent.mon [uvm_test_top.env.out_agent.mon] READ TX Captured:
# WR_CS: x | WR_EN: x | RD_CS: 1 | RD_EN: 1 | D_IN: 'dx | D_OUT: 'd241 | FULL: x | EMPTY: 0
# UVM_INFO fifo_scoreboard.sv(44) @ 61250: uvm_test_top.env.scb [SCBD_PASS] PASS! Expected: 'd241 | Actual: 'd241
# UVM_INFO fifo_driver.sv(44) @ 61350: uvm_test_top.env.in_agent.drv [DRV] WR_CS: 0 | WR_EN: 0 | RD_CS: 1 | RD_EN: 1 | D_IN: 'd194 | D_OUT: 'dx | FULL: x | EMPTY: x
# UVM_INFO fifo_outmonitor.sv(44) @ 61450: uvm_test_top.env.out_agent.mon [uvm_test_top.env.out_agent.mon] READ TX Captured:
# WR_CS: x | WR_EN: x | RD_CS: 1 | RD_EN: 1 | D_IN: 'dx | D_OUT: 'd172 | FULL: x | EMPTY: 0
# UVM_INFO fifo_scoreboard.sv(44) @ 61450: uvm_test_top.env.scb [SCBD_PASS] PASS! Expected: 'd172 | Actual: 'd172
# UVM_INFO fifo_driver.sv(44) @ 61550: uvm_test_top.env.in_agent.drv [DRV] WR_CS: 0 | WR_EN: 0 | RD_CS: 1 | RD_EN: 1 | D_IN: 'd224 | D_OUT: 'dx | FULL: x | EMPTY: x
# UVM_INFO fifo_outmonitor.sv(44) @ 61650: uvm_test_top.env.out_agent.mon [uvm_test_top.env.out_agent.mon] READ TX Captured:
# WR_CS: x | WR_EN: x | RD_CS: 1 | RD_EN: 1 | D_IN: 'dx | D_OUT: 'd82 | FULL: x | EMPTY: 0
# UVM_INFO fifo_scoreboard.sv(44) @ 61650: uvm_test_top.env.scb [SCBD_PASS] PASS! Expected: 'd82 | Actual: 'd82
# UVM_INFO fifo_driver.sv(44) @ 61750: uvm_test_top.env.in_agent.drv [DRV] WR_CS: 0 | WR_EN: 0 | RD_CS: 1 | RD_EN: 1 | D_IN: 'd243 | D_OUT: 'dx | FULL: x | EMPTY: x
# UVM_INFO fifo_outmonitor.sv(44) @ 61850: uvm_test_top.env.out_agent.mon [uvm_test_top.env.out_agent.mon] READ TX Captured:
# WR_CS: x | WR_EN: x | RD_CS: 1 | RD_EN: 1 | D_IN: 'dx | D_OUT: 'd23 | FULL: x | EMPTY: 0
# UVM_INFO fifo_scoreboard.sv(44) @ 61850: uvm_test_top.env.scb [SCBD_PASS] PASS! Expected: 'd23 | Actual: 'd23
# UVM_INFO fifo_driver.sv(44) @ 61950: uvm_test_top.env.in_agent.drv [DRV] WR_CS: 0 | WR_EN: 0 | RD_CS: 1 | RD_EN: 1 | D_IN: 'd143 | D_OUT: 'dx | FULL: x | EMPTY: x
# UVM_INFO fifo_outmonitor.sv(44) @ 62050: uvm_test_top.env.out_agent.mon [uvm_test_top.env.out_agent.mon] READ TX Captured:
# WR_CS: x | WR_EN: x | RD_CS: 1 | RD_EN: 1 | D_IN: 'dx | D_OUT: 'd243 | FULL: x | EMPTY: 0
# UVM_INFO fifo_scoreboard.sv(44) @ 62050: uvm_test_top.env.scb [SCBD_PASS] PASS! Expected: 'd243 | Actual: 'd243
# UVM_INFO fifo_driver.sv(44) @ 62150: uvm_test_top.env.in_agent.drv [DRV] WR_CS: 0 | WR_EN: 0 | RD_CS: 1 | RD_EN: 1 | D_IN: 'd14 | D_OUT: 'dx | FULL: x | EMPTY: x
# UVM_INFO fifo_outmonitor.sv(44) @ 62250: uvm_test_top.env.out_agent.mon [uvm_test_top.env.out_agent.mon] READ TX Captured:
# WR_CS: x | WR_EN: x | RD_CS: 1 | RD_EN: 1 | D_IN: 'dx | D_OUT: 'd42 | FULL: x | EMPTY: 0
# UVM_INFO fifo_scoreboard.sv(44) @ 62250: uvm_test_top.env.scb [SCBD_PASS] PASS! Expected: 'd42 | Actual: 'd42
# UVM_INFO fifo_driver.sv(44) @ 62350: uvm_test_top.env.in_agent.drv [DRV] WR_CS: 0 | WR_EN: 0 | RD_CS: 1 | RD_EN: 1 | D_IN: 'd42 | D_OUT: 'dx | FULL: x | EMPTY: x
# UVM_INFO fifo_outmonitor.sv(44) @ 62450: uvm_test_top.env.out_agent.mon [uvm_test_top.env.out_agent.mon] READ TX Captured:
# WR_CS: x | WR_EN: x | RD_CS: 1 | RD_EN: 1 | D_IN: 'dx | D_OUT: 'd173 | FULL: x | EMPTY: 0
# UVM_INFO fifo_scoreboard.sv(44) @ 62450: uvm_test_top.env.scb [SCBD_PASS] PASS! Expected: 'd173 | Actual: 'd173
# UVM_INFO fifo_driver.sv(44) @ 62550: uvm_test_top.env.in_agent.drv [DRV] WR_CS: 0 | WR_EN: 0 | RD_CS: 1 | RD_EN: 1 | D_IN: 'd193 | D_OUT: 'dx | FULL: x | EMPTY: x
# UVM_INFO fifo_outmonitor.sv(44) @ 62650: uvm_test_top.env.out_agent.mon [uvm_test_top.env.out_agent.mon] READ TX Captured:
# WR_CS: x | WR_EN: x | RD_CS: 1 | RD_EN: 1 | D_IN: 'dx | D_OUT: 'd158 | FULL: x | EMPTY: 0
# UVM_INFO fifo_scoreboard.sv(44) @ 62650: uvm_test_top.env.scb [SCBD_PASS] PASS! Expected: 'd158 | Actual: 'd158
# UVM_INFO fifo_driver.sv(44) @ 62750: uvm_test_top.env.in_agent.drv [DRV] WR_CS: 0 | WR_EN: 0 | RD_CS: 1 | RD_EN: 1 | D_IN: 'd106 | D_OUT: 'dx | FULL: x | EMPTY: x
# UVM_INFO fifo_outmonitor.sv(44) @ 62850: uvm_test_top.env.out_agent.mon [uvm_test_top.env.out_agent.mon] READ TX Captured:
# WR_CS: x | WR_EN: x | RD_CS: 1 | RD_EN: 1 | D_IN: 'dx | D_OUT: 'd144 | FULL: x | EMPTY: 0
# UVM_INFO fifo_scoreboard.sv(44) @ 62850: uvm_test_top.env.scb [SCBD_PASS] PASS! Expected: 'd144 | Actual: 'd144
# UVM_INFO fifo_driver.sv(44) @ 62950: uvm_test_top.env.in_agent.drv [DRV] WR_CS: 0 | WR_EN: 0 | RD_CS: 1 | RD_EN: 1 | D_IN: 'd30 | D_OUT: 'dx | FULL: x | EMPTY: x
# UVM_INFO fifo_outmonitor.sv(44) @ 63050: uvm_test_top.env.out_agent.mon [uvm_test_top.env.out_agent.mon] READ TX Captured:
# WR_CS: x | WR_EN: x | RD_CS: 1 | RD_EN: 1 | D_IN: 'dx | D_OUT: 'd80 | FULL: x | EMPTY: 0
# UVM_INFO fifo_scoreboard.sv(44) @ 63050: uvm_test_top.env.scb [SCBD_PASS] PASS! Expected: 'd80 | Actual: 'd80
# UVM_INFO fifo_driver.sv(44) @ 63150: uvm_test_top.env.in_agent.drv [DRV] WR_CS: 0 | WR_EN: 0 | RD_CS: 1 | RD_EN: 1 | D_IN: 'd129 | D_OUT: 'dx | FULL: x | EMPTY: x
# UVM_INFO fifo_outmonitor.sv(44) @ 63250: uvm_test_top.env.out_agent.mon [uvm_test_top.env.out_agent.mon] READ TX Captured:
# WR_CS: x | WR_EN: x | RD_CS: 1 | RD_EN: 1 | D_IN: 'dx | D_OUT: 'd196 | FULL: x | EMPTY: 0
# UVM_INFO fifo_scoreboard.sv(44) @ 63250: uvm_test_top.env.scb [SCBD_PASS] PASS! Expected: 'd196 | Actual: 'd196
# UVM_INFO fifo_driver.sv(44) @ 63350: uvm_test_top.env.in_agent.drv [DRV] WR_CS: 0 | WR_EN: 0 | RD_CS: 1 | RD_EN: 1 | D_IN: 'd142 | D_OUT: 'dx | FULL: x | EMPTY: x
# UVM_INFO fifo_outmonitor.sv(44) @ 63450: uvm_test_top.env.out_agent.mon [uvm_test_top.env.out_agent.mon] READ TX Captured:
# WR_CS: x | WR_EN: x | RD_CS: 1 | RD_EN: 1 | D_IN: 'dx | D_OUT: 'd223 | FULL: x | EMPTY: 0
# UVM_INFO fifo_scoreboard.sv(44) @ 63450: uvm_test_top.env.scb [SCBD_PASS] PASS! Expected: 'd223 | Actual: 'd223
# UVM_INFO fifo_driver.sv(44) @ 63550: uvm_test_top.env.in_agent.drv [DRV] WR_CS: 0 | WR_EN: 0 | RD_CS: 1 | RD_EN: 1 | D_IN: 'd27 | D_OUT: 'dx | FULL: x | EMPTY: x
# UVM_INFO fifo_outmonitor.sv(44) @ 63650: uvm_test_top.env.out_agent.mon [uvm_test_top.env.out_agent.mon] READ TX Captured:
# WR_CS: x | WR_EN: x | RD_CS: 1 | RD_EN: 1 | D_IN: 'dx | D_OUT: 'd103 | FULL: x | EMPTY: 0
# UVM_INFO fifo_scoreboard.sv(44) @ 63650: uvm_test_top.env.scb [SCBD_PASS] PASS! Expected: 'd103 | Actual: 'd103
# UVM_INFO fifo_driver.sv(44) @ 63750: uvm_test_top.env.in_agent.drv [DRV] WR_CS: 0 | WR_EN: 0 | RD_CS: 1 | RD_EN: 1 | D_IN: 'd183 | D_OUT: 'dx | FULL: x | EMPTY: x
# UVM_INFO fifo_outmonitor.sv(44) @ 63850: uvm_test_top.env.out_agent.mon [uvm_test_top.env.out_agent.mon] READ TX Captured:
# WR_CS: x | WR_EN: x | RD_CS: 1 | RD_EN: 1 | D_IN: 'dx | D_OUT: 'd115 | FULL: x | EMPTY: 0
# UVM_INFO fifo_scoreboard.sv(44) @ 63850: uvm_test_top.env.scb [SCBD_PASS] PASS! Expected: 'd115 | Actual: 'd115
# UVM_INFO fifo_driver.sv(44) @ 63950: uvm_test_top.env.in_agent.drv [DRV] WR_CS: 0 | WR_EN: 0 | RD_CS: 1 | RD_EN: 1 | D_IN: 'd87 | D_OUT: 'dx | FULL: x | EMPTY: x
# UVM_INFO fifo_outmonitor.sv(44) @ 64050: uvm_test_top.env.out_agent.mon [uvm_test_top.env.out_agent.mon] READ TX Captured:
# WR_CS: x | WR_EN: x | RD_CS: 1 | RD_EN: 1 | D_IN: 'dx | D_OUT: 'd17 | FULL: x | EMPTY: 0
# UVM_INFO fifo_scoreboard.sv(44) @ 64050: uvm_test_top.env.scb [SCBD_PASS] PASS! Expected: 'd17 | Actual: 'd17
# UVM_INFO fifo_driver.sv(44) @ 64150: uvm_test_top.env.in_agent.drv [DRV] WR_CS: 0 | WR_EN: 0 | RD_CS: 1 | RD_EN: 1 | D_IN: 'd191 | D_OUT: 'dx | FULL: x | EMPTY: x
# UVM_INFO fifo_outmonitor.sv(44) @ 64250: uvm_test_top.env.out_agent.mon [uvm_test_top.env.out_agent.mon] READ TX Captured:
# WR_CS: x | WR_EN: x | RD_CS: 1 | RD_EN: 1 | D_IN: 'dx | D_OUT: 'd204 | FULL: x | EMPTY: 0
# UVM_INFO fifo_scoreboard.sv(44) @ 64250: uvm_test_top.env.scb [SCBD_PASS] PASS! Expected: 'd204 | Actual: 'd204
# UVM_INFO fifo_driver.sv(44) @ 64350: uvm_test_top.env.in_agent.drv [DRV] WR_CS: 0 | WR_EN: 0 | RD_CS: 1 | RD_EN: 1 | D_IN: 'd247 | D_OUT: 'dx | FULL: x | EMPTY: x
# UVM_INFO fifo_outmonitor.sv(44) @ 64450: uvm_test_top.env.out_agent.mon [uvm_test_top.env.out_agent.mon] READ TX Captured:
# WR_CS: x | WR_EN: x | RD_CS: 1 | RD_EN: 1 | D_IN: 'dx | D_OUT: 'd52 | FULL: x | EMPTY: 0
# UVM_INFO fifo_scoreboard.sv(44) @ 64450: uvm_test_top.env.scb [SCBD_PASS] PASS! Expected: 'd52 | Actual: 'd52
# UVM_INFO fifo_driver.sv(44) @ 64550: uvm_test_top.env.in_agent.drv [DRV] WR_CS: 0 | WR_EN: 0 | RD_CS: 1 | RD_EN: 1 | D_IN: 'd37 | D_OUT: 'dx | FULL: x | EMPTY: x
# UVM_INFO fifo_outmonitor.sv(44) @ 64650: uvm_test_top.env.out_agent.mon [uvm_test_top.env.out_agent.mon] READ TX Captured:
# WR_CS: x | WR_EN: x | RD_CS: 1 | RD_EN: 1 | D_IN: 'dx | D_OUT: 'd169 | FULL: x | EMPTY: 0
# UVM_INFO fifo_scoreboard.sv(44) @ 64650: uvm_test_top.env.scb [SCBD_PASS] PASS! Expected: 'd169 | Actual: 'd169
# UVM_INFO fifo_driver.sv(44) @ 64750: uvm_test_top.env.in_agent.drv [DRV] WR_CS: 0 | WR_EN: 0 | RD_CS: 1 | RD_EN: 1 | D_IN: 'd149 | D_OUT: 'dx | FULL: x | EMPTY: x
# UVM_INFO fifo_outmonitor.sv(44) @ 64850: uvm_test_top.env.out_agent.mon [uvm_test_top.env.out_agent.mon] READ TX Captured:
# WR_CS: x | WR_EN: x | RD_CS: 1 | RD_EN: 1 | D_IN: 'dx | D_OUT: 'd11 | FULL: x | EMPTY: 0
# UVM_INFO fifo_scoreboard.sv(44) @ 64850: uvm_test_top.env.scb [SCBD_PASS] PASS! Expected: 'd11 | Actual: 'd11
# UVM_INFO fifo_driver.sv(44) @ 64950: uvm_test_top.env.in_agent.drv [DRV] WR_CS: 0 | WR_EN: 0 | RD_CS: 1 | RD_EN: 1 | D_IN: 'd165 | D_OUT: 'dx | FULL: x | EMPTY: x
# UVM_INFO fifo_outmonitor.sv(44) @ 65050: uvm_test_top.env.out_agent.mon [uvm_test_top.env.out_agent.mon] READ TX Captured:
# WR_CS: x | WR_EN: x | RD_CS: 1 | RD_EN: 1 | D_IN: 'dx | D_OUT: 'd246 | FULL: x | EMPTY: 0
# UVM_INFO fifo_scoreboard.sv(44) @ 65050: uvm_test_top.env.scb [SCBD_PASS] PASS! Expected: 'd246 | Actual: 'd246
# UVM_INFO fifo_driver.sv(44) @ 65150: uvm_test_top.env.in_agent.drv [DRV] WR_CS: 0 | WR_EN: 0 | RD_CS: 1 | RD_EN: 1 | D_IN: 'd164 | D_OUT: 'dx | FULL: x | EMPTY: x
# UVM_INFO fifo_outmonitor.sv(44) @ 65250: uvm_test_top.env.out_agent.mon [uvm_test_top.env.out_agent.mon] READ TX Captured:
# WR_CS: x | WR_EN: x | RD_CS: 1 | RD_EN: 1 | D_IN: 'dx | D_OUT: 'd163 | FULL: x | EMPTY: 0
# UVM_INFO fifo_scoreboard.sv(44) @ 65250: uvm_test_top.env.scb [SCBD_PASS] PASS! Expected: 'd163 | Actual: 'd163
# UVM_INFO fifo_driver.sv(44) @ 65350: uvm_test_top.env.in_agent.drv [DRV] WR_CS: 0 | WR_EN: 0 | RD_CS: 1 | RD_EN: 1 | D_IN: 'd235 | D_OUT: 'dx | FULL: x | EMPTY: x
# UVM_INFO fifo_outmonitor.sv(44) @ 65450: uvm_test_top.env.out_agent.mon [uvm_test_top.env.out_agent.mon] READ TX Captured:
# WR_CS: x | WR_EN: x | RD_CS: 1 | RD_EN: 1 | D_IN: 'dx | D_OUT: 'd201 | FULL: x | EMPTY: 0
# UVM_INFO fifo_scoreboard.sv(44) @ 65450: uvm_test_top.env.scb [SCBD_PASS] PASS! Expected: 'd201 | Actual: 'd201
# UVM_INFO fifo_driver.sv(44) @ 65550: uvm_test_top.env.in_agent.drv [DRV] WR_CS: 0 | WR_EN: 0 | RD_CS: 1 | RD_EN: 1 | D_IN: 'd0 | D_OUT: 'dx | FULL: x | EMPTY: x
# UVM_INFO fifo_outmonitor.sv(44) @ 65650: uvm_test_top.env.out_agent.mon [uvm_test_top.env.out_agent.mon] READ TX Captured:
# WR_CS: x | WR_EN: x | RD_CS: 1 | RD_EN: 1 | D_IN: 'dx | D_OUT: 'd61 | FULL: x | EMPTY: 0
# UVM_INFO fifo_scoreboard.sv(44) @ 65650: uvm_test_top.env.scb [SCBD_PASS] PASS! Expected: 'd61 | Actual: 'd61
# UVM_INFO fifo_driver.sv(44) @ 65750: uvm_test_top.env.in_agent.drv [DRV] WR_CS: 0 | WR_EN: 0 | RD_CS: 1 | RD_EN: 1 | D_IN: 'd170 | D_OUT: 'dx | FULL: x | EMPTY: x
# UVM_INFO fifo_outmonitor.sv(44) @ 65850: uvm_test_top.env.out_agent.mon [uvm_test_top.env.out_agent.mon] READ TX Captured:
# WR_CS: x | WR_EN: x | RD_CS: 1 | RD_EN: 1 | D_IN: 'dx | D_OUT: 'd218 | FULL: x | EMPTY: 0
# UVM_INFO fifo_scoreboard.sv(44) @ 65850: uvm_test_top.env.scb [SCBD_PASS] PASS! Expected: 'd218 | Actual: 'd218
# UVM_INFO fifo_driver.sv(44) @ 65950: uvm_test_top.env.in_agent.drv [DRV] WR_CS: 0 | WR_EN: 0 | RD_CS: 1 | RD_EN: 1 | D_IN: 'd170 | D_OUT: 'dx | FULL: x | EMPTY: x
# UVM_INFO fifo_outmonitor.sv(44) @ 66050: uvm_test_top.env.out_agent.mon [uvm_test_top.env.out_agent.mon] READ TX Captured:
# WR_CS: x | WR_EN: x | RD_CS: 1 | RD_EN: 1 | D_IN: 'dx | D_OUT: 'd211 | FULL: x | EMPTY: 0
# UVM_INFO fifo_scoreboard.sv(44) @ 66050: uvm_test_top.env.scb [SCBD_PASS] PASS! Expected: 'd211 | Actual: 'd211
# UVM_INFO fifo_driver.sv(44) @ 66150: uvm_test_top.env.in_agent.drv [DRV] WR_CS: 0 | WR_EN: 0 | RD_CS: 1 | RD_EN: 1 | D_IN: 'd169 | D_OUT: 'dx | FULL: x | EMPTY: x
# UVM_INFO fifo_outmonitor.sv(44) @ 66250: uvm_test_top.env.out_agent.mon [uvm_test_top.env.out_agent.mon] READ TX Captured:
# WR_CS: x | WR_EN: x | RD_CS: 1 | RD_EN: 1 | D_IN: 'dx | D_OUT: 'd126 | FULL: x | EMPTY: 0
# UVM_INFO fifo_scoreboard.sv(44) @ 66250: uvm_test_top.env.scb [SCBD_PASS] PASS! Expected: 'd126 | Actual: 'd126
# UVM_INFO fifo_driver.sv(44) @ 66350: uvm_test_top.env.in_agent.drv [DRV] WR_CS: 0 | WR_EN: 0 | RD_CS: 1 | RD_EN: 1 | D_IN: 'd147 | D_OUT: 'dx | FULL: x | EMPTY: x
# UVM_INFO fifo_outmonitor.sv(44) @ 66450: uvm_test_top.env.out_agent.mon [uvm_test_top.env.out_agent.mon] READ TX Captured:
# WR_CS: x | WR_EN: x | RD_CS: 1 | RD_EN: 1 | D_IN: 'dx | D_OUT: 'd121 | FULL: x | EMPTY: 0
# UVM_INFO fifo_scoreboard.sv(44) @ 66450: uvm_test_top.env.scb [SCBD_PASS] PASS! Expected: 'd121 | Actual: 'd121
# UVM_INFO fifo_driver.sv(44) @ 66550: uvm_test_top.env.in_agent.drv [DRV] WR_CS: 0 | WR_EN: 0 | RD_CS: 1 | RD_EN: 1 | D_IN: 'd48 | D_OUT: 'dx | FULL: x | EMPTY: x
# UVM_INFO fifo_outmonitor.sv(44) @ 66650: uvm_test_top.env.out_agent.mon [uvm_test_top.env.out_agent.mon] READ TX Captured:
# WR_CS: x | WR_EN: x | RD_CS: 1 | RD_EN: 1 | D_IN: 'dx | D_OUT: 'd247 | FULL: x | EMPTY: 0
# UVM_INFO fifo_scoreboard.sv(44) @ 66650: uvm_test_top.env.scb [SCBD_PASS] PASS! Expected: 'd247 | Actual: 'd247
# UVM_INFO fifo_driver.sv(44) @ 66750: uvm_test_top.env.in_agent.drv [DRV] WR_CS: 0 | WR_EN: 0 | RD_CS: 1 | RD_EN: 1 | D_IN: 'd46 | D_OUT: 'dx | FULL: x | EMPTY: x
# UVM_INFO fifo_outmonitor.sv(44) @ 66850: uvm_test_top.env.out_agent.mon [uvm_test_top.env.out_agent.mon] READ TX Captured:
# WR_CS: x | WR_EN: x | RD_CS: 1 | RD_EN: 1 | D_IN: 'dx | D_OUT: 'd9 | FULL: x | EMPTY: 0
# UVM_INFO fifo_scoreboard.sv(44) @ 66850: uvm_test_top.env.scb [SCBD_PASS] PASS! Expected: 'd9 | Actual: 'd9
# UVM_INFO fifo_driver.sv(44) @ 66950: uvm_test_top.env.in_agent.drv [DRV] WR_CS: 0 | WR_EN: 0 | RD_CS: 1 | RD_EN: 1 | D_IN: 'd126 | D_OUT: 'dx | FULL: x | EMPTY: x
# UVM_INFO fifo_outmonitor.sv(44) @ 67050: uvm_test_top.env.out_agent.mon [uvm_test_top.env.out_agent.mon] READ TX Captured:
# WR_CS: x | WR_EN: x | RD_CS: 1 | RD_EN: 1 | D_IN: 'dx | D_OUT: 'd5 | FULL: x | EMPTY: 0
# UVM_INFO fifo_scoreboard.sv(44) @ 67050: uvm_test_top.env.scb [SCBD_PASS] PASS! Expected: 'd5 | Actual: 'd5
# UVM_INFO fifo_driver.sv(44) @ 67150: uvm_test_top.env.in_agent.drv [DRV] WR_CS: 0 | WR_EN: 0 | RD_CS: 1 | RD_EN: 1 | D_IN: 'd183 | D_OUT: 'dx | FULL: x | EMPTY: x
# UVM_INFO fifo_outmonitor.sv(44) @ 67250: uvm_test_top.env.out_agent.mon [uvm_test_top.env.out_agent.mon] READ TX Captured:
# WR_CS: x | WR_EN: x | RD_CS: 1 | RD_EN: 1 | D_IN: 'dx | D_OUT: 'd180 | FULL: x | EMPTY: 0
# UVM_INFO fifo_scoreboard.sv(44) @ 67250: uvm_test_top.env.scb [SCBD_PASS] PASS! Expected: 'd180 | Actual: 'd180
# UVM_INFO fifo_driver.sv(44) @ 67350: uvm_test_top.env.in_agent.drv [DRV] WR_CS: 0 | WR_EN: 0 | RD_CS: 1 | RD_EN: 1 | D_IN: 'd250 | D_OUT: 'dx | FULL: x | EMPTY: x
# UVM_INFO fifo_outmonitor.sv(44) @ 67450: uvm_test_top.env.out_agent.mon [uvm_test_top.env.out_agent.mon] READ TX Captured:
# WR_CS: x | WR_EN: x | RD_CS: 1 | RD_EN: 1 | D_IN: 'dx | D_OUT: 'd117 | FULL: x | EMPTY: 0
# UVM_INFO fifo_scoreboard.sv(44) @ 67450: uvm_test_top.env.scb [SCBD_PASS] PASS! Expected: 'd117 | Actual: 'd117
# UVM_INFO fifo_driver.sv(44) @ 67550: uvm_test_top.env.in_agent.drv [DRV] WR_CS: 0 | WR_EN: 0 | RD_CS: 1 | RD_EN: 1 | D_IN: 'd154 | D_OUT: 'dx | FULL: x | EMPTY: x
# UVM_INFO fifo_outmonitor.sv(44) @ 67650: uvm_test_top.env.out_agent.mon [uvm_test_top.env.out_agent.mon] READ TX Captured:
# WR_CS: x | WR_EN: x | RD_CS: 1 | RD_EN: 1 | D_IN: 'dx | D_OUT: 'd234 | FULL: x | EMPTY: 0
# UVM_INFO fifo_scoreboard.sv(44) @ 67650: uvm_test_top.env.scb [SCBD_PASS] PASS! Expected: 'd234 | Actual: 'd234
# UVM_INFO fifo_driver.sv(44) @ 67750: uvm_test_top.env.in_agent.drv [DRV] WR_CS: 0 | WR_EN: 0 | RD_CS: 1 | RD_EN: 1 | D_IN: 'd86 | D_OUT: 'dx | FULL: x | EMPTY: x
# UVM_INFO fifo_outmonitor.sv(44) @ 67850: uvm_test_top.env.out_agent.mon [uvm_test_top.env.out_agent.mon] READ TX Captured:
# WR_CS: x | WR_EN: x | RD_CS: 1 | RD_EN: 1 | D_IN: 'dx | D_OUT: 'd68 | FULL: x | EMPTY: 0
# UVM_INFO fifo_scoreboard.sv(44) @ 67850: uvm_test_top.env.scb [SCBD_PASS] PASS! Expected: 'd68 | Actual: 'd68
# UVM_INFO fifo_driver.sv(44) @ 67950: uvm_test_top.env.in_agent.drv [DRV] WR_CS: 0 | WR_EN: 0 | RD_CS: 1 | RD_EN: 1 | D_IN: 'd190 | D_OUT: 'dx | FULL: x | EMPTY: x
# UVM_INFO fifo_outmonitor.sv(44) @ 68050: uvm_test_top.env.out_agent.mon [uvm_test_top.env.out_agent.mon] READ TX Captured:
# WR_CS: x | WR_EN: x | RD_CS: 1 | RD_EN: 1 | D_IN: 'dx | D_OUT: 'd44 | FULL: x | EMPTY: 0
# UVM_INFO fifo_scoreboard.sv(44) @ 68050: uvm_test_top.env.scb [SCBD_PASS] PASS! Expected: 'd44 | Actual: 'd44
# UVM_INFO fifo_driver.sv(44) @ 68150: uvm_test_top.env.in_agent.drv [DRV] WR_CS: 0 | WR_EN: 0 | RD_CS: 1 | RD_EN: 1 | D_IN: 'd5 | D_OUT: 'dx | FULL: x | EMPTY: x
# UVM_INFO fifo_outmonitor.sv(44) @ 68250: uvm_test_top.env.out_agent.mon [uvm_test_top.env.out_agent.mon] READ TX Captured:
# WR_CS: x | WR_EN: x | RD_CS: 1 | RD_EN: 1 | D_IN: 'dx | D_OUT: 'd146 | FULL: x | EMPTY: 0
# UVM_INFO fifo_scoreboard.sv(44) @ 68250: uvm_test_top.env.scb [SCBD_PASS] PASS! Expected: 'd146 | Actual: 'd146
# UVM_INFO fifo_driver.sv(44) @ 68350: uvm_test_top.env.in_agent.drv [DRV] WR_CS: 0 | WR_EN: 0 | RD_CS: 1 | RD_EN: 1 | D_IN: 'd183 | D_OUT: 'dx | FULL: x | EMPTY: x
# UVM_INFO fifo_outmonitor.sv(44) @ 68450: uvm_test_top.env.out_agent.mon [uvm_test_top.env.out_agent.mon] READ TX Captured:
# WR_CS: x | WR_EN: x | RD_CS: 1 | RD_EN: 1 | D_IN: 'dx | D_OUT: 'd239 | FULL: x | EMPTY: 0
# UVM_INFO fifo_scoreboard.sv(44) @ 68450: uvm_test_top.env.scb [SCBD_PASS] PASS! Expected: 'd239 | Actual: 'd239
# UVM_INFO fifo_driver.sv(44) @ 68550: uvm_test_top.env.in_agent.drv [DRV] WR_CS: 0 | WR_EN: 0 | RD_CS: 1 | RD_EN: 1 | D_IN: 'd230 | D_OUT: 'dx | FULL: x | EMPTY: x
# UVM_INFO fifo_outmonitor.sv(44) @ 68650: uvm_test_top.env.out_agent.mon [uvm_test_top.env.out_agent.mon] READ TX Captured:
# WR_CS: x | WR_EN: x | RD_CS: 1 | RD_EN: 1 | D_IN: 'dx | D_OUT: 'd146 | FULL: x | EMPTY: 0
# UVM_INFO fifo_scoreboard.sv(44) @ 68650: uvm_test_top.env.scb [SCBD_PASS] PASS! Expected: 'd146 | Actual: 'd146
# UVM_INFO fifo_driver.sv(44) @ 68750: uvm_test_top.env.in_agent.drv [DRV] WR_CS: 0 | WR_EN: 0 | RD_CS: 1 | RD_EN: 1 | D_IN: 'd212 | D_OUT: 'dx | FULL: x | EMPTY: x
# UVM_INFO fifo_outmonitor.sv(44) @ 68850: uvm_test_top.env.out_agent.mon [uvm_test_top.env.out_agent.mon] READ TX Captured:
# WR_CS: x | WR_EN: x | RD_CS: 1 | RD_EN: 1 | D_IN: 'dx | D_OUT: 'd247 | FULL: x | EMPTY: 0
# UVM_INFO fifo_scoreboard.sv(44) @ 68850: uvm_test_top.env.scb [SCBD_PASS] PASS! Expected: 'd247 | Actual: 'd247
# UVM_INFO fifo_driver.sv(44) @ 68950: uvm_test_top.env.in_agent.drv [DRV] WR_CS: 0 | WR_EN: 0 | RD_CS: 1 | RD_EN: 1 | D_IN: 'd253 | D_OUT: 'dx | FULL: x | EMPTY: x
# UVM_INFO fifo_outmonitor.sv(44) @ 69050: uvm_test_top.env.out_agent.mon [uvm_test_top.env.out_agent.mon] READ TX Captured:
# WR_CS: x | WR_EN: x | RD_CS: 1 | RD_EN: 1 | D_IN: 'dx | D_OUT: 'd89 | FULL: x | EMPTY: 0
# UVM_INFO fifo_scoreboard.sv(44) @ 69050: uvm_test_top.env.scb [SCBD_PASS] PASS! Expected: 'd89 | Actual: 'd89
# UVM_INFO fifo_driver.sv(44) @ 69150: uvm_test_top.env.in_agent.drv [DRV] WR_CS: 0 | WR_EN: 0 | RD_CS: 1 | RD_EN: 1 | D_IN: 'd76 | D_OUT: 'dx | FULL: x | EMPTY: x
# UVM_INFO fifo_outmonitor.sv(44) @ 69250: uvm_test_top.env.out_agent.mon [uvm_test_top.env.out_agent.mon] READ TX Captured:
# WR_CS: x | WR_EN: x | RD_CS: 1 | RD_EN: 1 | D_IN: 'dx | D_OUT: 'd177 | FULL: x | EMPTY: 0
# UVM_INFO fifo_scoreboard.sv(44) @ 69250: uvm_test_top.env.scb [SCBD_PASS] PASS! Expected: 'd177 | Actual: 'd177
# UVM_INFO fifo_driver.sv(44) @ 69350: uvm_test_top.env.in_agent.drv [DRV] WR_CS: 0 | WR_EN: 0 | RD_CS: 1 | RD_EN: 1 | D_IN: 'd149 | D_OUT: 'dx | FULL: x | EMPTY: x
# UVM_INFO fifo_outmonitor.sv(44) @ 69450: uvm_test_top.env.out_agent.mon [uvm_test_top.env.out_agent.mon] READ TX Captured:
# WR_CS: x | WR_EN: x | RD_CS: 1 | RD_EN: 1 | D_IN: 'dx | D_OUT: 'd16 | FULL: x | EMPTY: 0
# UVM_INFO fifo_scoreboard.sv(44) @ 69450: uvm_test_top.env.scb [SCBD_PASS] PASS! Expected: 'd16 | Actual: 'd16
# UVM_INFO fifo_driver.sv(44) @ 69550: uvm_test_top.env.in_agent.drv [DRV] WR_CS: 0 | WR_EN: 0 | RD_CS: 1 | RD_EN: 1 | D_IN: 'd134 | D_OUT: 'dx | FULL: x | EMPTY: x
# UVM_INFO fifo_outmonitor.sv(44) @ 69650: uvm_test_top.env.out_agent.mon [uvm_test_top.env.out_agent.mon] READ TX Captured:
# WR_CS: x | WR_EN: x | RD_CS: 1 | RD_EN: 1 | D_IN: 'dx | D_OUT: 'd188 | FULL: x | EMPTY: 0
# UVM_INFO fifo_scoreboard.sv(44) @ 69650: uvm_test_top.env.scb [SCBD_PASS] PASS! Expected: 'd188 | Actual: 'd188
# UVM_INFO fifo_driver.sv(44) @ 69750: uvm_test_top.env.in_agent.drv [DRV] WR_CS: 0 | WR_EN: 0 | RD_CS: 1 | RD_EN: 1 | D_IN: 'd54 | D_OUT: 'dx | FULL: x | EMPTY: x
# UVM_INFO fifo_outmonitor.sv(44) @ 69850: uvm_test_top.env.out_agent.mon [uvm_test_top.env.out_agent.mon] READ TX Captured:
# WR_CS: x | WR_EN: x | RD_CS: 1 | RD_EN: 1 | D_IN: 'dx | D_OUT: 'd43 | FULL: x | EMPTY: 0
# UVM_INFO fifo_scoreboard.sv(44) @ 69850: uvm_test_top.env.scb [SCBD_PASS] PASS! Expected: 'd43 | Actual: 'd43
# UVM_INFO fifo_driver.sv(44) @ 69950: uvm_test_top.env.in_agent.drv [DRV] WR_CS: 0 | WR_EN: 0 | RD_CS: 1 | RD_EN: 1 | D_IN: 'd77 | D_OUT: 'dx | FULL: x | EMPTY: x
# UVM_INFO fifo_outmonitor.sv(44) @ 70050: uvm_test_top.env.out_agent.mon [uvm_test_top.env.out_agent.mon] READ TX Captured:
# WR_CS: x | WR_EN: x | RD_CS: 1 | RD_EN: 1 | D_IN: 'dx | D_OUT: 'd81 | FULL: x | EMPTY: 0
# UVM_INFO fifo_scoreboard.sv(44) @ 70050: uvm_test_top.env.scb [SCBD_PASS] PASS! Expected: 'd81 | Actual: 'd81
# UVM_INFO fifo_driver.sv(44) @ 70150: uvm_test_top.env.in_agent.drv [DRV] WR_CS: 0 | WR_EN: 0 | RD_CS: 1 | RD_EN: 1 | D_IN: 'd192 | D_OUT: 'dx | FULL: x | EMPTY: x
# UVM_INFO fifo_outmonitor.sv(44) @ 70250: uvm_test_top.env.out_agent.mon [uvm_test_top.env.out_agent.mon] READ TX Captured:
# WR_CS: x | WR_EN: x | RD_CS: 1 | RD_EN: 1 | D_IN: 'dx | D_OUT: 'd121 | FULL: x | EMPTY: 0
# UVM_INFO fifo_scoreboard.sv(44) @ 70250: uvm_test_top.env.scb [SCBD_PASS] PASS! Expected: 'd121 | Actual: 'd121
# UVM_INFO fifo_driver.sv(44) @ 70350: uvm_test_top.env.in_agent.drv [DRV] WR_CS: 0 | WR_EN: 0 | RD_CS: 1 | RD_EN: 1 | D_IN: 'd253 | D_OUT: 'dx | FULL: x | EMPTY: x
# UVM_INFO fifo_outmonitor.sv(44) @ 70450: uvm_test_top.env.out_agent.mon [uvm_test_top.env.out_agent.mon] READ TX Captured:
# WR_CS: x | WR_EN: x | RD_CS: 1 | RD_EN: 1 | D_IN: 'dx | D_OUT: 'd159 | FULL: x | EMPTY: 0
# UVM_INFO fifo_scoreboard.sv(44) @ 70450: uvm_test_top.env.scb [SCBD_PASS] PASS! Expected: 'd159 | Actual: 'd159
# UVM_INFO fifo_driver.sv(44) @ 70550: uvm_test_top.env.in_agent.drv [DRV] WR_CS: 0 | WR_EN: 0 | RD_CS: 1 | RD_EN: 1 | D_IN: 'd110 | D_OUT: 'dx | FULL: x | EMPTY: x
# UVM_INFO fifo_outmonitor.sv(44) @ 70650: uvm_test_top.env.out_agent.mon [uvm_test_top.env.out_agent.mon] READ TX Captured:
# WR_CS: x | WR_EN: x | RD_CS: 1 | RD_EN: 1 | D_IN: 'dx | D_OUT: 'd6 | FULL: x | EMPTY: 0
# UVM_INFO fifo_scoreboard.sv(44) @ 70650: uvm_test_top.env.scb [SCBD_PASS] PASS! Expected: 'd6 | Actual: 'd6
# UVM_INFO fifo_driver.sv(44) @ 70750: uvm_test_top.env.in_agent.drv [DRV] WR_CS: 0 | WR_EN: 0 | RD_CS: 1 | RD_EN: 1 | D_IN: 'd102 | D_OUT: 'dx | FULL: x | EMPTY: x
# UVM_INFO fifo_outmonitor.sv(44) @ 70850: uvm_test_top.env.out_agent.mon [uvm_test_top.env.out_agent.mon] READ TX Captured:
# WR_CS: x | WR_EN: x | RD_CS: 1 | RD_EN: 1 | D_IN: 'dx | D_OUT: 'd184 | FULL: x | EMPTY: 0
# UVM_INFO fifo_scoreboard.sv(44) @ 70850: uvm_test_top.env.scb [SCBD_PASS] PASS! Expected: 'd184 | Actual: 'd184
# UVM_INFO fifo_driver.sv(44) @ 70950: uvm_test_top.env.in_agent.drv [DRV] WR_CS: 0 | WR_EN: 0 | RD_CS: 1 | RD_EN: 1 | D_IN: 'd186 | D_OUT: 'dx | FULL: x | EMPTY: x
# UVM_INFO fifo_outmonitor.sv(44) @ 71050: uvm_test_top.env.out_agent.mon [uvm_test_top.env.out_agent.mon] READ TX Captured:
# WR_CS: x | WR_EN: x | RD_CS: 1 | RD_EN: 1 | D_IN: 'dx | D_OUT: 'd229 | FULL: x | EMPTY: 0
# UVM_INFO fifo_scoreboard.sv(44) @ 71050: uvm_test_top.env.scb [SCBD_PASS] PASS! Expected: 'd229 | Actual: 'd229
# UVM_INFO fifo_driver.sv(44) @ 71150: uvm_test_top.env.in_agent.drv [DRV] WR_CS: 0 | WR_EN: 0 | RD_CS: 1 | RD_EN: 1 | D_IN: 'd231 | D_OUT: 'dx | FULL: x | EMPTY: x
# UVM_INFO fifo_outmonitor.sv(44) @ 71250: uvm_test_top.env.out_agent.mon [uvm_test_top.env.out_agent.mon] READ TX Captured:
# WR_CS: x | WR_EN: x | RD_CS: 1 | RD_EN: 1 | D_IN: 'dx | D_OUT: 'd182 | FULL: x | EMPTY: 0
# UVM_INFO fifo_scoreboard.sv(44) @ 71250: uvm_test_top.env.scb [SCBD_PASS] PASS! Expected: 'd182 | Actual: 'd182
# UVM_INFO fifo_driver.sv(44) @ 71350: uvm_test_top.env.in_agent.drv [DRV] WR_CS: 0 | WR_EN: 0 | RD_CS: 1 | RD_EN: 1 | D_IN: 'd53 | D_OUT: 'dx | FULL: x | EMPTY: x
# UVM_INFO fifo_outmonitor.sv(44) @ 71450: uvm_test_top.env.out_agent.mon [uvm_test_top.env.out_agent.mon] READ TX Captured:
# WR_CS: x | WR_EN: x | RD_CS: 1 | RD_EN: 1 | D_IN: 'dx | D_OUT: 'd101 | FULL: x | EMPTY: 0
# UVM_INFO fifo_scoreboard.sv(44) @ 71450: uvm_test_top.env.scb [SCBD_PASS] PASS! Expected: 'd101 | Actual: 'd101
# UVM_INFO fifo_driver.sv(44) @ 71550: uvm_test_top.env.in_agent.drv [DRV] WR_CS: 0 | WR_EN: 0 | RD_CS: 1 | RD_EN: 1 | D_IN: 'd241 | D_OUT: 'dx | FULL: x | EMPTY: x
# UVM_INFO fifo_outmonitor.sv(44) @ 71650: uvm_test_top.env.out_agent.mon [uvm_test_top.env.out_agent.mon] READ TX Captured:
# WR_CS: x | WR_EN: x | RD_CS: 1 | RD_EN: 1 | D_IN: 'dx | D_OUT: 'd106 | FULL: x | EMPTY: 0
# UVM_INFO fifo_scoreboard.sv(44) @ 71650: uvm_test_top.env.scb [SCBD_PASS] PASS! Expected: 'd106 | Actual: 'd106
# UVM_INFO fifo_driver.sv(44) @ 71750: uvm_test_top.env.in_agent.drv [DRV] WR_CS: 0 | WR_EN: 0 | RD_CS: 1 | RD_EN: 1 | D_IN: 'd64 | D_OUT: 'dx | FULL: x | EMPTY: x
# UVM_INFO fifo_outmonitor.sv(44) @ 71850: uvm_test_top.env.out_agent.mon [uvm_test_top.env.out_agent.mon] READ TX Captured:
# WR_CS: x | WR_EN: x | RD_CS: 1 | RD_EN: 1 | D_IN: 'dx | D_OUT: 'd246 | FULL: x | EMPTY: 0
# UVM_INFO fifo_scoreboard.sv(44) @ 71850: uvm_test_top.env.scb [SCBD_PASS] PASS! Expected: 'd246 | Actual: 'd246
# UVM_INFO fifo_driver.sv(44) @ 71950: uvm_test_top.env.in_agent.drv [DRV] WR_CS: 0 | WR_EN: 0 | RD_CS: 1 | RD_EN: 1 | D_IN: 'd196 | D_OUT: 'dx | FULL: x | EMPTY: x
# UVM_INFO fifo_outmonitor.sv(44) @ 72050: uvm_test_top.env.out_agent.mon [uvm_test_top.env.out_agent.mon] READ TX Captured:
# WR_CS: x | WR_EN: x | RD_CS: 1 | RD_EN: 1 | D_IN: 'dx | D_OUT: 'd64 | FULL: x | EMPTY: 0
# UVM_INFO fifo_scoreboard.sv(44) @ 72050: uvm_test_top.env.scb [SCBD_PASS] PASS! Expected: 'd64 | Actual: 'd64
# UVM_INFO fifo_driver.sv(44) @ 72150: uvm_test_top.env.in_agent.drv [DRV] WR_CS: 0 | WR_EN: 0 | RD_CS: 1 | RD_EN: 1 | D_IN: 'd172 | D_OUT: 'dx | FULL: x | EMPTY: x
# UVM_INFO fifo_outmonitor.sv(44) @ 72250: uvm_test_top.env.out_agent.mon [uvm_test_top.env.out_agent.mon] READ TX Captured:
# WR_CS: x | WR_EN: x | RD_CS: 1 | RD_EN: 1 | D_IN: 'dx | D_OUT: 'd121 | FULL: x | EMPTY: 0
# UVM_INFO fifo_scoreboard.sv(44) @ 72250: uvm_test_top.env.scb [SCBD_PASS] PASS! Expected: 'd121 | Actual: 'd121
# UVM_INFO fifo_driver.sv(44) @ 72350: uvm_test_top.env.in_agent.drv [DRV] WR_CS: 0 | WR_EN: 0 | RD_CS: 1 | RD_EN: 1 | D_IN: 'd96 | D_OUT: 'dx | FULL: x | EMPTY: x
# UVM_INFO fifo_outmonitor.sv(44) @ 72450: uvm_test_top.env.out_agent.mon [uvm_test_top.env.out_agent.mon] READ TX Captured:
# WR_CS: x | WR_EN: x | RD_CS: 1 | RD_EN: 1 | D_IN: 'dx | D_OUT: 'd176 | FULL: x | EMPTY: 0
# UVM_INFO fifo_scoreboard.sv(44) @ 72450: uvm_test_top.env.scb [SCBD_PASS] PASS! Expected: 'd176 | Actual: 'd176
# UVM_INFO fifo_driver.sv(44) @ 72550: uvm_test_top.env.in_agent.drv [DRV] WR_CS: 0 | WR_EN: 0 | RD_CS: 1 | RD_EN: 1 | D_IN: 'd100 | D_OUT: 'dx | FULL: x | EMPTY: x
# UVM_INFO fifo_outmonitor.sv(44) @ 72650: uvm_test_top.env.out_agent.mon [uvm_test_top.env.out_agent.mon] READ TX Captured:
# WR_CS: x | WR_EN: x | RD_CS: 1 | RD_EN: 1 | D_IN: 'dx | D_OUT: 'd241 | FULL: x | EMPTY: 0
# UVM_INFO fifo_scoreboard.sv(44) @ 72650: uvm_test_top.env.scb [SCBD_PASS] PASS! Expected: 'd241 | Actual: 'd241
# UVM_INFO fifo_driver.sv(44) @ 72750: uvm_test_top.env.in_agent.drv [DRV] WR_CS: 0 | WR_EN: 0 | RD_CS: 1 | RD_EN: 1 | D_IN: 'd19 | D_OUT: 'dx | FULL: x | EMPTY: x
# UVM_INFO fifo_outmonitor.sv(44) @ 72850: uvm_test_top.env.out_agent.mon [uvm_test_top.env.out_agent.mon] READ TX Captured:
# WR_CS: x | WR_EN: x | RD_CS: 1 | RD_EN: 1 | D_IN: 'dx | D_OUT: 'd115 | FULL: x | EMPTY: 0
# UVM_INFO fifo_scoreboard.sv(44) @ 72850: uvm_test_top.env.scb [SCBD_PASS] PASS! Expected: 'd115 | Actual: 'd115
# UVM_INFO fifo_driver.sv(44) @ 72950: uvm_test_top.env.in_agent.drv [DRV] WR_CS: 0 | WR_EN: 0 | RD_CS: 1 | RD_EN: 1 | D_IN: 'd133 | D_OUT: 'dx | FULL: x | EMPTY: x
# UVM_INFO fifo_outmonitor.sv(44) @ 73050: uvm_test_top.env.out_agent.mon [uvm_test_top.env.out_agent.mon] READ TX Captured:
# WR_CS: x | WR_EN: x | RD_CS: 1 | RD_EN: 1 | D_IN: 'dx | D_OUT: 'd136 | FULL: x | EMPTY: 0
# UVM_INFO fifo_scoreboard.sv(44) @ 73050: uvm_test_top.env.scb [SCBD_PASS] PASS! Expected: 'd136 | Actual: 'd136
# UVM_INFO fifo_driver.sv(44) @ 73150: uvm_test_top.env.in_agent.drv [DRV] WR_CS: 0 | WR_EN: 0 | RD_CS: 1 | RD_EN: 1 | D_IN: 'd184 | D_OUT: 'dx | FULL: x | EMPTY: x
# UVM_INFO fifo_outmonitor.sv(44) @ 73250: uvm_test_top.env.out_agent.mon [uvm_test_top.env.out_agent.mon] READ TX Captured:
# WR_CS: x | WR_EN: x | RD_CS: 1 | RD_EN: 1 | D_IN: 'dx | D_OUT: 'd31 | FULL: x | EMPTY: 0
# UVM_INFO fifo_scoreboard.sv(44) @ 73250: uvm_test_top.env.scb [SCBD_PASS] PASS! Expected: 'd31 | Actual: 'd31
# UVM_INFO fifo_driver.sv(44) @ 73350: uvm_test_top.env.in_agent.drv [DRV] WR_CS: 0 | WR_EN: 0 | RD_CS: 1 | RD_EN: 1 | D_IN: 'd20 | D_OUT: 'dx | FULL: x | EMPTY: x
# UVM_INFO fifo_outmonitor.sv(44) @ 73450: uvm_test_top.env.out_agent.mon [uvm_test_top.env.out_agent.mon] READ TX Captured:
# WR_CS: x | WR_EN: x | RD_CS: 1 | RD_EN: 1 | D_IN: 'dx | D_OUT: 'd218 | FULL: x | EMPTY: 0
# UVM_INFO fifo_scoreboard.sv(44) @ 73450: uvm_test_top.env.scb [SCBD_PASS] PASS! Expected: 'd218 | Actual: 'd218
# UVM_INFO fifo_driver.sv(44) @ 73550: uvm_test_top.env.in_agent.drv [DRV] WR_CS: 0 | WR_EN: 0 | RD_CS: 1 | RD_EN: 1 | D_IN: 'd94 | D_OUT: 'dx | FULL: x | EMPTY: x
# UVM_INFO fifo_outmonitor.sv(44) @ 73650: uvm_test_top.env.out_agent.mon [uvm_test_top.env.out_agent.mon] READ TX Captured:
# WR_CS: x | WR_EN: x | RD_CS: 1 | RD_EN: 1 | D_IN: 'dx | D_OUT: 'd60 | FULL: x | EMPTY: 0
# UVM_INFO fifo_scoreboard.sv(44) @ 73650: uvm_test_top.env.scb [SCBD_PASS] PASS! Expected: 'd60 | Actual: 'd60
# UVM_INFO fifo_driver.sv(44) @ 73750: uvm_test_top.env.in_agent.drv [DRV] WR_CS: 0 | WR_EN: 0 | RD_CS: 1 | RD_EN: 1 | D_IN: 'd214 | D_OUT: 'dx | FULL: x | EMPTY: x
# UVM_INFO fifo_outmonitor.sv(44) @ 73850: uvm_test_top.env.out_agent.mon [uvm_test_top.env.out_agent.mon] READ TX Captured:
# WR_CS: x | WR_EN: x | RD_CS: 1 | RD_EN: 1 | D_IN: 'dx | D_OUT: 'd43 | FULL: x | EMPTY: 0
# UVM_INFO fifo_scoreboard.sv(44) @ 73850: uvm_test_top.env.scb [SCBD_PASS] PASS! Expected: 'd43 | Actual: 'd43
# UVM_INFO fifo_driver.sv(44) @ 73950: uvm_test_top.env.in_agent.drv [DRV] WR_CS: 0 | WR_EN: 0 | RD_CS: 1 | RD_EN: 1 | D_IN: 'd200 | D_OUT: 'dx | FULL: x | EMPTY: x
# UVM_INFO fifo_outmonitor.sv(44) @ 74050: uvm_test_top.env.out_agent.mon [uvm_test_top.env.out_agent.mon] READ TX Captured:
# WR_CS: x | WR_EN: x | RD_CS: 1 | RD_EN: 1 | D_IN: 'dx | D_OUT: 'd175 | FULL: x | EMPTY: 0
# UVM_INFO fifo_scoreboard.sv(44) @ 74050: uvm_test_top.env.scb [SCBD_PASS] PASS! Expected: 'd175 | Actual: 'd175
# UVM_INFO fifo_driver.sv(44) @ 74150: uvm_test_top.env.in_agent.drv [DRV] WR_CS: 0 | WR_EN: 0 | RD_CS: 1 | RD_EN: 1 | D_IN: 'd62 | D_OUT: 'dx | FULL: x | EMPTY: x
# UVM_INFO fifo_outmonitor.sv(44) @ 74250: uvm_test_top.env.out_agent.mon [uvm_test_top.env.out_agent.mon] READ TX Captured:
# WR_CS: x | WR_EN: x | RD_CS: 1 | RD_EN: 1 | D_IN: 'dx | D_OUT: 'd120 | FULL: x | EMPTY: 0
# UVM_INFO fifo_scoreboard.sv(44) @ 74250: uvm_test_top.env.scb [SCBD_PASS] PASS! Expected: 'd120 | Actual: 'd120
# UVM_INFO fifo_driver.sv(44) @ 74350: uvm_test_top.env.in_agent.drv [DRV] WR_CS: 0 | WR_EN: 0 | RD_CS: 1 | RD_EN: 1 | D_IN: 'd212 | D_OUT: 'dx | FULL: x | EMPTY: x
# UVM_INFO fifo_outmonitor.sv(44) @ 74450: uvm_test_top.env.out_agent.mon [uvm_test_top.env.out_agent.mon] READ TX Captured:
# WR_CS: x | WR_EN: x | RD_CS: 1 | RD_EN: 1 | D_IN: 'dx | D_OUT: 'd53 | FULL: x | EMPTY: 0
# UVM_INFO fifo_scoreboard.sv(44) @ 74450: uvm_test_top.env.scb [SCBD_PASS] PASS! Expected: 'd53 | Actual: 'd53
# UVM_INFO fifo_driver.sv(44) @ 74550: uvm_test_top.env.in_agent.drv [DRV] WR_CS: 0 | WR_EN: 0 | RD_CS: 1 | RD_EN: 1 | D_IN: 'd144 | D_OUT: 'dx | FULL: x | EMPTY: x
# UVM_INFO fifo_outmonitor.sv(44) @ 74650: uvm_test_top.env.out_agent.mon [uvm_test_top.env.out_agent.mon] READ TX Captured:
# WR_CS: x | WR_EN: x | RD_CS: 1 | RD_EN: 1 | D_IN: 'dx | D_OUT: 'd218 | FULL: x | EMPTY: 0
# UVM_INFO fifo_scoreboard.sv(44) @ 74650: uvm_test_top.env.scb [SCBD_PASS] PASS! Expected: 'd218 | Actual: 'd218
# UVM_INFO fifo_driver.sv(44) @ 74750: uvm_test_top.env.in_agent.drv [DRV] WR_CS: 0 | WR_EN: 0 | RD_CS: 1 | RD_EN: 1 | D_IN: 'd24 | D_OUT: 'dx | FULL: x | EMPTY: x
# UVM_INFO fifo_outmonitor.sv(44) @ 74850: uvm_test_top.env.out_agent.mon [uvm_test_top.env.out_agent.mon] READ TX Captured:
# WR_CS: x | WR_EN: x | RD_CS: 1 | RD_EN: 1 | D_IN: 'dx | D_OUT: 'd142 | FULL: x | EMPTY: 0
# UVM_INFO fifo_scoreboard.sv(44) @ 74850: uvm_test_top.env.scb [SCBD_PASS] PASS! Expected: 'd142 | Actual: 'd142
# UVM_INFO fifo_driver.sv(44) @ 74950: uvm_test_top.env.in_agent.drv [DRV] WR_CS: 0 | WR_EN: 0 | RD_CS: 1 | RD_EN: 1 | D_IN: 'd19 | D_OUT: 'dx | FULL: x | EMPTY: x
# UVM_INFO fifo_outmonitor.sv(44) @ 75050: uvm_test_top.env.out_agent.mon [uvm_test_top.env.out_agent.mon] READ TX Captured:
# WR_CS: x | WR_EN: x | RD_CS: 1 | RD_EN: 1 | D_IN: 'dx | D_OUT: 'd110 | FULL: x | EMPTY: 0
# UVM_INFO fifo_scoreboard.sv(44) @ 75050: uvm_test_top.env.scb [SCBD_PASS] PASS! Expected: 'd110 | Actual: 'd110
# UVM_INFO fifo_driver.sv(44) @ 75150: uvm_test_top.env.in_agent.drv [DRV] WR_CS: 0 | WR_EN: 0 | RD_CS: 1 | RD_EN: 1 | D_IN: 'd54 | D_OUT: 'dx | FULL: x | EMPTY: x
# UVM_INFO fifo_outmonitor.sv(44) @ 75250: uvm_test_top.env.out_agent.mon [uvm_test_top.env.out_agent.mon] READ TX Captured:
# WR_CS: x | WR_EN: x | RD_CS: 1 | RD_EN: 1 | D_IN: 'dx | D_OUT: 'd10 | FULL: x | EMPTY: 0
# UVM_INFO fifo_scoreboard.sv(44) @ 75250: uvm_test_top.env.scb [SCBD_PASS] PASS! Expected: 'd10 | Actual: 'd10
# UVM_INFO fifo_driver.sv(44) @ 75350: uvm_test_top.env.in_agent.drv [DRV] WR_CS: 0 | WR_EN: 0 | RD_CS: 1 | RD_EN: 1 | D_IN: 'd202 | D_OUT: 'dx | FULL: x | EMPTY: x
# UVM_INFO fifo_outmonitor.sv(44) @ 75450: uvm_test_top.env.out_agent.mon [uvm_test_top.env.out_agent.mon] READ TX Captured:
# WR_CS: x | WR_EN: x | RD_CS: 1 | RD_EN: 1 | D_IN: 'dx | D_OUT: 'd56 | FULL: x | EMPTY: 0
# UVM_INFO fifo_scoreboard.sv(44) @ 75450: uvm_test_top.env.scb [SCBD_PASS] PASS! Expected: 'd56 | Actual: 'd56
# UVM_INFO fifo_driver.sv(44) @ 75550: uvm_test_top.env.in_agent.drv [DRV] WR_CS: 0 | WR_EN: 0 | RD_CS: 1 | RD_EN: 1 | D_IN: 'd107 | D_OUT: 'dx | FULL: x | EMPTY: x
# UVM_INFO fifo_outmonitor.sv(44) @ 75650: uvm_test_top.env.out_agent.mon [uvm_test_top.env.out_agent.mon] READ TX Captured:
# WR_CS: x | WR_EN: x | RD_CS: 1 | RD_EN: 1 | D_IN: 'dx | D_OUT: 'd166 | FULL: x | EMPTY: 0
# UVM_INFO fifo_scoreboard.sv(44) @ 75650: uvm_test_top.env.scb [SCBD_PASS] PASS! Expected: 'd166 | Actual: 'd166
# UVM_INFO fifo_driver.sv(44) @ 75750: uvm_test_top.env.in_agent.drv [DRV] WR_CS: 0 | WR_EN: 0 | RD_CS: 1 | RD_EN: 1 | D_IN: 'd36 | D_OUT: 'dx | FULL: x | EMPTY: x
# UVM_INFO fifo_outmonitor.sv(44) @ 75850: uvm_test_top.env.out_agent.mon [uvm_test_top.env.out_agent.mon] READ TX Captured:
# WR_CS: x | WR_EN: x | RD_CS: 1 | RD_EN: 1 | D_IN: 'dx | D_OUT: 'd128 | FULL: x | EMPTY: 0
# UVM_INFO fifo_scoreboard.sv(44) @ 75850: uvm_test_top.env.scb [SCBD_PASS] PASS! Expected: 'd128 | Actual: 'd128
# UVM_INFO fifo_driver.sv(44) @ 75950: uvm_test_top.env.in_agent.drv [DRV] WR_CS: 0 | WR_EN: 0 | RD_CS: 1 | RD_EN: 1 | D_IN: 'd0 | D_OUT: 'dx | FULL: x | EMPTY: x
# UVM_INFO fifo_outmonitor.sv(44) @ 76050: uvm_test_top.env.out_agent.mon [uvm_test_top.env.out_agent.mon] READ TX Captured:
# WR_CS: x | WR_EN: x | RD_CS: 1 | RD_EN: 1 | D_IN: 'dx | D_OUT: 'd139 | FULL: x | EMPTY: 0
# UVM_INFO fifo_scoreboard.sv(44) @ 76050: uvm_test_top.env.scb [SCBD_PASS] PASS! Expected: 'd139 | Actual: 'd139
# UVM_INFO fifo_driver.sv(44) @ 76150: uvm_test_top.env.in_agent.drv [DRV] WR_CS: 0 | WR_EN: 0 | RD_CS: 1 | RD_EN: 1 | D_IN: 'd46 | D_OUT: 'dx | FULL: x | EMPTY: x
# UVM_INFO fifo_outmonitor.sv(44) @ 76250: uvm_test_top.env.out_agent.mon [uvm_test_top.env.out_agent.mon] READ TX Captured:
# WR_CS: x | WR_EN: x | RD_CS: 1 | RD_EN: 1 | D_IN: 'dx | D_OUT: 'd212 | FULL: x | EMPTY: 0
# UVM_INFO fifo_scoreboard.sv(44) @ 76250: uvm_test_top.env.scb [SCBD_PASS] PASS! Expected: 'd212 | Actual: 'd212
# UVM_INFO fifo_driver.sv(44) @ 76350: uvm_test_top.env.in_agent.drv [DRV] WR_CS: 0 | WR_EN: 0 | RD_CS: 1 | RD_EN: 1 | D_IN: 'd54 | D_OUT: 'dx | FULL: x | EMPTY: x
# UVM_INFO fifo_outmonitor.sv(44) @ 76450: uvm_test_top.env.out_agent.mon [uvm_test_top.env.out_agent.mon] READ TX Captured:
# WR_CS: x | WR_EN: x | RD_CS: 1 | RD_EN: 1 | D_IN: 'dx | D_OUT: 'd60 | FULL: x | EMPTY: 0
# UVM_INFO fifo_scoreboard.sv(44) @ 76450: uvm_test_top.env.scb [SCBD_PASS] PASS! Expected: 'd60 | Actual: 'd60
# UVM_INFO fifo_driver.sv(44) @ 76550: uvm_test_top.env.in_agent.drv [DRV] WR_CS: 0 | WR_EN: 0 | RD_CS: 1 | RD_EN: 1 | D_IN: 'd61 | D_OUT: 'dx | FULL: x | EMPTY: x
# UVM_INFO fifo_outmonitor.sv(44) @ 76650: uvm_test_top.env.out_agent.mon [uvm_test_top.env.out_agent.mon] READ TX Captured:
# WR_CS: x | WR_EN: x | RD_CS: 1 | RD_EN: 1 | D_IN: 'dx | D_OUT: 'd174 | FULL: x | EMPTY: 0
# UVM_INFO fifo_scoreboard.sv(44) @ 76650: uvm_test_top.env.scb [SCBD_PASS] PASS! Expected: 'd174 | Actual: 'd174
# UVM_INFO fifo_driver.sv(44) @ 76750: uvm_test_top.env.in_agent.drv [DRV] WR_CS: 0 | WR_EN: 0 | RD_CS: 1 | RD_EN: 1 | D_IN: 'd238 | D_OUT: 'dx | FULL: x | EMPTY: x
# UVM_INFO fifo_outmonitor.sv(44) @ 76850: uvm_test_top.env.out_agent.mon [uvm_test_top.env.out_agent.mon] READ TX Captured:
# WR_CS: x | WR_EN: x | RD_CS: 1 | RD_EN: 1 | D_IN: 'dx | D_OUT: 'd179 | FULL: x | EMPTY: 0
# UVM_INFO fifo_scoreboard.sv(44) @ 76850: uvm_test_top.env.scb [SCBD_PASS] PASS! Expected: 'd179 | Actual: 'd179
# UVM_INFO fifo_driver.sv(44) @ 76950: uvm_test_top.env.in_agent.drv [DRV] WR_CS: 0 | WR_EN: 0 | RD_CS: 1 | RD_EN: 1 | D_IN: 'd93 | D_OUT: 'dx | FULL: x | EMPTY: x
# UVM_INFO fifo_outmonitor.sv(44) @ 77050: uvm_test_top.env.out_agent.mon [uvm_test_top.env.out_agent.mon] READ TX Captured:
# WR_CS: x | WR_EN: x | RD_CS: 1 | RD_EN: 1 | D_IN: 'dx | D_OUT: 'd184 | FULL: x | EMPTY: 0
# UVM_INFO fifo_scoreboard.sv(44) @ 77050: uvm_test_top.env.scb [SCBD_PASS] PASS! Expected: 'd184 | Actual: 'd184
# UVM_INFO fifo_driver.sv(44) @ 77150: uvm_test_top.env.in_agent.drv [DRV] WR_CS: 0 | WR_EN: 0 | RD_CS: 1 | RD_EN: 1 | D_IN: 'd94 | D_OUT: 'dx | FULL: x | EMPTY: x
# UVM_INFO fifo_outmonitor.sv(44) @ 77250: uvm_test_top.env.out_agent.mon [uvm_test_top.env.out_agent.mon] READ TX Captured:
# WR_CS: x | WR_EN: x | RD_CS: 1 | RD_EN: 1 | D_IN: 'dx | D_OUT: 'd55 | FULL: x | EMPTY: 0
# UVM_INFO fifo_scoreboard.sv(44) @ 77250: uvm_test_top.env.scb [SCBD_PASS] PASS! Expected: 'd55 | Actual: 'd55
# UVM_INFO fifo_driver.sv(44) @ 77350: uvm_test_top.env.in_agent.drv [DRV] WR_CS: 0 | WR_EN: 0 | RD_CS: 1 | RD_EN: 1 | D_IN: 'd135 | D_OUT: 'dx | FULL: x | EMPTY: x
# UVM_INFO fifo_outmonitor.sv(44) @ 77450: uvm_test_top.env.out_agent.mon [uvm_test_top.env.out_agent.mon] READ TX Captured:
# WR_CS: x | WR_EN: x | RD_CS: 1 | RD_EN: 1 | D_IN: 'dx | D_OUT: 'd31 | FULL: x | EMPTY: 0
# UVM_INFO fifo_scoreboard.sv(44) @ 77450: uvm_test_top.env.scb [SCBD_PASS] PASS! Expected: 'd31 | Actual: 'd31
# UVM_INFO fifo_driver.sv(44) @ 77550: uvm_test_top.env.in_agent.drv [DRV] WR_CS: 0 | WR_EN: 0 | RD_CS: 1 | RD_EN: 1 | D_IN: 'd213 | D_OUT: 'dx | FULL: x | EMPTY: x
# UVM_INFO fifo_outmonitor.sv(44) @ 77650: uvm_test_top.env.out_agent.mon [uvm_test_top.env.out_agent.mon] READ TX Captured:
# WR_CS: x | WR_EN: x | RD_CS: 1 | RD_EN: 1 | D_IN: 'dx | D_OUT: 'd18 | FULL: x | EMPTY: 0
# UVM_INFO fifo_scoreboard.sv(44) @ 77650: uvm_test_top.env.scb [SCBD_PASS] PASS! Expected: 'd18 | Actual: 'd18
# UVM_INFO fifo_driver.sv(44) @ 77750: uvm_test_top.env.in_agent.drv [DRV] WR_CS: 0 | WR_EN: 0 | RD_CS: 1 | RD_EN: 1 | D_IN: 'd89 | D_OUT: 'dx | FULL: x | EMPTY: x
# UVM_INFO fifo_outmonitor.sv(44) @ 77850: uvm_test_top.env.out_agent.mon [uvm_test_top.env.out_agent.mon] READ TX Captured:
# WR_CS: x | WR_EN: x | RD_CS: 1 | RD_EN: 1 | D_IN: 'dx | D_OUT: 'd242 | FULL: x | EMPTY: 0
# UVM_INFO fifo_scoreboard.sv(44) @ 77850: uvm_test_top.env.scb [SCBD_PASS] PASS! Expected: 'd242 | Actual: 'd242
# UVM_INFO fifo_driver.sv(44) @ 77950: uvm_test_top.env.in_agent.drv [DRV] WR_CS: 0 | WR_EN: 0 | RD_CS: 1 | RD_EN: 1 | D_IN: 'd176 | D_OUT: 'dx | FULL: x | EMPTY: x
# UVM_INFO fifo_outmonitor.sv(44) @ 78050: uvm_test_top.env.out_agent.mon [uvm_test_top.env.out_agent.mon] READ TX Captured:
# WR_CS: x | WR_EN: x | RD_CS: 1 | RD_EN: 1 | D_IN: 'dx | D_OUT: 'd156 | FULL: x | EMPTY: 0
# UVM_INFO fifo_scoreboard.sv(44) @ 78050: uvm_test_top.env.scb [SCBD_PASS] PASS! Expected: 'd156 | Actual: 'd156
# UVM_INFO fifo_driver.sv(44) @ 78150: uvm_test_top.env.in_agent.drv [DRV] WR_CS: 0 | WR_EN: 0 | RD_CS: 1 | RD_EN: 1 | D_IN: 'd208 | D_OUT: 'dx | FULL: x | EMPTY: x
# UVM_INFO fifo_outmonitor.sv(44) @ 78250: uvm_test_top.env.out_agent.mon [uvm_test_top.env.out_agent.mon] READ TX Captured:
# WR_CS: x | WR_EN: x | RD_CS: 1 | RD_EN: 1 | D_IN: 'dx | D_OUT: 'd66 | FULL: x | EMPTY: 0
# UVM_INFO fifo_scoreboard.sv(44) @ 78250: uvm_test_top.env.scb [SCBD_PASS] PASS! Expected: 'd66 | Actual: 'd66
# UVM_INFO fifo_driver.sv(44) @ 78350: uvm_test_top.env.in_agent.drv [DRV] WR_CS: 0 | WR_EN: 0 | RD_CS: 1 | RD_EN: 1 | D_IN: 'd57 | D_OUT: 'dx | FULL: x | EMPTY: x
# UVM_INFO fifo_outmonitor.sv(44) @ 78450: uvm_test_top.env.out_agent.mon [uvm_test_top.env.out_agent.mon] READ TX Captured:
# WR_CS: x | WR_EN: x | RD_CS: 1 | RD_EN: 1 | D_IN: 'dx | D_OUT: 'd220 | FULL: x | EMPTY: 0
# UVM_INFO fifo_scoreboard.sv(44) @ 78450: uvm_test_top.env.scb [SCBD_PASS] PASS! Expected: 'd220 | Actual: 'd220
# UVM_INFO fifo_driver.sv(44) @ 78550: uvm_test_top.env.in_agent.drv [DRV] WR_CS: 0 | WR_EN: 0 | RD_CS: 1 | RD_EN: 1 | D_IN: 'd176 | D_OUT: 'dx | FULL: x | EMPTY: x
# UVM_INFO fifo_outmonitor.sv(44) @ 78650: uvm_test_top.env.out_agent.mon [uvm_test_top.env.out_agent.mon] READ TX Captured:
# WR_CS: x | WR_EN: x | RD_CS: 1 | RD_EN: 1 | D_IN: 'dx | D_OUT: 'd90 | FULL: x | EMPTY: 0
# UVM_INFO fifo_scoreboard.sv(44) @ 78650: uvm_test_top.env.scb [SCBD_PASS] PASS! Expected: 'd90 | Actual: 'd90
# UVM_INFO fifo_driver.sv(44) @ 78750: uvm_test_top.env.in_agent.drv [DRV] WR_CS: 0 | WR_EN: 0 | RD_CS: 1 | RD_EN: 1 | D_IN: 'd193 | D_OUT: 'dx | FULL: x | EMPTY: x
# UVM_INFO fifo_outmonitor.sv(44) @ 78850: uvm_test_top.env.out_agent.mon [uvm_test_top.env.out_agent.mon] READ TX Captured:
# WR_CS: x | WR_EN: x | RD_CS: 1 | RD_EN: 1 | D_IN: 'dx | D_OUT: 'd152 | FULL: x | EMPTY: 0
# UVM_INFO fifo_scoreboard.sv(44) @ 78850: uvm_test_top.env.scb [SCBD_PASS] PASS! Expected: 'd152 | Actual: 'd152
# UVM_INFO fifo_driver.sv(44) @ 78950: uvm_test_top.env.in_agent.drv [DRV] WR_CS: 0 | WR_EN: 0 | RD_CS: 1 | RD_EN: 1 | D_IN: 'd219 | D_OUT: 'dx | FULL: x | EMPTY: x
# UVM_INFO fifo_outmonitor.sv(44) @ 79050: uvm_test_top.env.out_agent.mon [uvm_test_top.env.out_agent.mon] READ TX Captured:
# WR_CS: x | WR_EN: x | RD_CS: 1 | RD_EN: 1 | D_IN: 'dx | D_OUT: 'd69 | FULL: x | EMPTY: 0
# UVM_INFO fifo_scoreboard.sv(44) @ 79050: uvm_test_top.env.scb [SCBD_PASS] PASS! Expected: 'd69 | Actual: 'd69
# UVM_INFO fifo_driver.sv(44) @ 79150: uvm_test_top.env.in_agent.drv [DRV] WR_CS: 0 | WR_EN: 0 | RD_CS: 1 | RD_EN: 1 | D_IN: 'd142 | D_OUT: 'dx | FULL: x | EMPTY: x
# UVM_INFO fifo_outmonitor.sv(44) @ 79250: uvm_test_top.env.out_agent.mon [uvm_test_top.env.out_agent.mon] READ TX Captured:
# WR_CS: x | WR_EN: x | RD_CS: 1 | RD_EN: 1 | D_IN: 'dx | D_OUT: 'd97 | FULL: x | EMPTY: 0
# UVM_INFO fifo_scoreboard.sv(44) @ 79250: uvm_test_top.env.scb [SCBD_PASS] PASS! Expected: 'd97 | Actual: 'd97
# UVM_INFO fifo_driver.sv(44) @ 79350: uvm_test_top.env.in_agent.drv [DRV] WR_CS: 0 | WR_EN: 0 | RD_CS: 1 | RD_EN: 1 | D_IN: 'd114 | D_OUT: 'dx | FULL: x | EMPTY: x
# UVM_INFO fifo_outmonitor.sv(44) @ 79450: uvm_test_top.env.out_agent.mon [uvm_test_top.env.out_agent.mon] READ TX Captured:
# WR_CS: x | WR_EN: x | RD_CS: 1 | RD_EN: 1 | D_IN: 'dx | D_OUT: 'd251 | FULL: x | EMPTY: 0
# UVM_INFO fifo_scoreboard.sv(44) @ 79450: uvm_test_top.env.scb [SCBD_PASS] PASS! Expected: 'd251 | Actual: 'd251
# UVM_INFO fifo_driver.sv(44) @ 79550: uvm_test_top.env.in_agent.drv [DRV] WR_CS: 0 | WR_EN: 0 | RD_CS: 1 | RD_EN: 1 | D_IN: 'd112 | D_OUT: 'dx | FULL: x | EMPTY: x
# UVM_INFO fifo_outmonitor.sv(44) @ 79650: uvm_test_top.env.out_agent.mon [uvm_test_top.env.out_agent.mon] READ TX Captured:
# WR_CS: x | WR_EN: x | RD_CS: 1 | RD_EN: 1 | D_IN: 'dx | D_OUT: 'd27 | FULL: x | EMPTY: 0
# UVM_INFO fifo_scoreboard.sv(44) @ 79650: uvm_test_top.env.scb [SCBD_PASS] PASS! Expected: 'd27 | Actual: 'd27
# UVM_INFO fifo_driver.sv(44) @ 79750: uvm_test_top.env.in_agent.drv [DRV] WR_CS: 0 | WR_EN: 0 | RD_CS: 1 | RD_EN: 1 | D_IN: 'd240 | D_OUT: 'dx | FULL: x | EMPTY: x
# UVM_INFO fifo_outmonitor.sv(44) @ 79850: uvm_test_top.env.out_agent.mon [uvm_test_top.env.out_agent.mon] READ TX Captured:
# WR_CS: x | WR_EN: x | RD_CS: 1 | RD_EN: 1 | D_IN: 'dx | D_OUT: 'd58 | FULL: x | EMPTY: 0
# UVM_INFO fifo_scoreboard.sv(44) @ 79850: uvm_test_top.env.scb [SCBD_PASS] PASS! Expected: 'd58 | Actual: 'd58
# UVM_INFO fifo_driver.sv(44) @ 79950: uvm_test_top.env.in_agent.drv [DRV] WR_CS: 0 | WR_EN: 0 | RD_CS: 1 | RD_EN: 1 | D_IN: 'd154 | D_OUT: 'dx | FULL: x | EMPTY: x
# UVM_INFO fifo_outmonitor.sv(44) @ 80050: uvm_test_top.env.out_agent.mon [uvm_test_top.env.out_agent.mon] READ TX Captured:
# WR_CS: x | WR_EN: x | RD_CS: 1 | RD_EN: 1 | D_IN: 'dx | D_OUT: 'd96 | FULL: x | EMPTY: 0
# UVM_INFO fifo_scoreboard.sv(44) @ 80050: uvm_test_top.env.scb [SCBD_PASS] PASS! Expected: 'd96 | Actual: 'd96
# UVM_INFO fifo_driver.sv(44) @ 80150: uvm_test_top.env.in_agent.drv [DRV] WR_CS: 0 | WR_EN: 0 | RD_CS: 1 | RD_EN: 1 | D_IN: 'd195 | D_OUT: 'dx | FULL: x | EMPTY: x
# UVM_INFO fifo_outmonitor.sv(44) @ 80250: uvm_test_top.env.out_agent.mon [uvm_test_top.env.out_agent.mon] READ TX Captured:
# WR_CS: x | WR_EN: x | RD_CS: 1 | RD_EN: 1 | D_IN: 'dx | D_OUT: 'd14 | FULL: x | EMPTY: 0
# UVM_INFO fifo_scoreboard.sv(44) @ 80250: uvm_test_top.env.scb [SCBD_PASS] PASS! Expected: 'd14 | Actual: 'd14
# UVM_INFO fifo_driver.sv(44) @ 80350: uvm_test_top.env.in_agent.drv [DRV] WR_CS: 0 | WR_EN: 0 | RD_CS: 1 | RD_EN: 1 | D_IN: 'd33 | D_OUT: 'dx | FULL: x | EMPTY: x
# UVM_INFO fifo_outmonitor.sv(44) @ 80450: uvm_test_top.env.out_agent.mon [uvm_test_top.env.out_agent.mon] READ TX Captured:
# WR_CS: x | WR_EN: x | RD_CS: 1 | RD_EN: 1 | D_IN: 'dx | D_OUT: 'd251 | FULL: x | EMPTY: 0
# UVM_INFO fifo_scoreboard.sv(44) @ 80450: uvm_test_top.env.scb [SCBD_PASS] PASS! Expected: 'd251 | Actual: 'd251
# UVM_INFO fifo_driver.sv(44) @ 80550: uvm_test_top.env.in_agent.drv [DRV] WR_CS: 0 | WR_EN: 0 | RD_CS: 1 | RD_EN: 1 | D_IN: 'd236 | D_OUT: 'dx | FULL: x | EMPTY: x
# UVM_INFO fifo_outmonitor.sv(44) @ 80650: uvm_test_top.env.out_agent.mon [uvm_test_top.env.out_agent.mon] READ TX Captured:
# WR_CS: x | WR_EN: x | RD_CS: 1 | RD_EN: 1 | D_IN: 'dx | D_OUT: 'd40 | FULL: x | EMPTY: 0
# UVM_INFO fifo_scoreboard.sv(44) @ 80650: uvm_test_top.env.scb [SCBD_PASS] PASS! Expected: 'd40 | Actual: 'd40
# UVM_INFO fifo_driver.sv(44) @ 80750: uvm_test_top.env.in_agent.drv [DRV] WR_CS: 0 | WR_EN: 0 | RD_CS: 1 | RD_EN: 1 | D_IN: 'd229 | D_OUT: 'dx | FULL: x | EMPTY: x
# UVM_INFO fifo_outmonitor.sv(44) @ 80850: uvm_test_top.env.out_agent.mon [uvm_test_top.env.out_agent.mon] READ TX Captured:
# WR_CS: x | WR_EN: x | RD_CS: 1 | RD_EN: 1 | D_IN: 'dx | D_OUT: 'd68 | FULL: x | EMPTY: 0
# UVM_INFO fifo_scoreboard.sv(44) @ 80850: uvm_test_top.env.scb [SCBD_PASS] PASS! Expected: 'd68 | Actual: 'd68
# UVM_INFO fifo_driver.sv(44) @ 80950: uvm_test_top.env.in_agent.drv [DRV] WR_CS: 0 | WR_EN: 0 | RD_CS: 1 | RD_EN: 1 | D_IN: 'd158 | D_OUT: 'dx | FULL: x | EMPTY: x
# UVM_INFO fifo_outmonitor.sv(44) @ 81050: uvm_test_top.env.out_agent.mon [uvm_test_top.env.out_agent.mon] READ TX Captured:
# WR_CS: x | WR_EN: x | RD_CS: 1 | RD_EN: 1 | D_IN: 'dx | D_OUT: 'd135 | FULL: x | EMPTY: 0
# UVM_INFO fifo_scoreboard.sv(44) @ 81050: uvm_test_top.env.scb [SCBD_PASS] PASS! Expected: 'd135 | Actual: 'd135
# UVM_INFO fifo_driver.sv(44) @ 81150: uvm_test_top.env.in_agent.drv [DRV] WR_CS: 0 | WR_EN: 0 | RD_CS: 1 | RD_EN: 1 | D_IN: 'd57 | D_OUT: 'dx | FULL: x | EMPTY: x
# UVM_INFO fifo_outmonitor.sv(44) @ 81250: uvm_test_top.env.out_agent.mon [uvm_test_top.env.out_agent.mon] READ TX Captured:
# WR_CS: x | WR_EN: x | RD_CS: 1 | RD_EN: 1 | D_IN: 'dx | D_OUT: 'd33 | FULL: x | EMPTY: 0
# UVM_INFO fifo_scoreboard.sv(44) @ 81250: uvm_test_top.env.scb [SCBD_PASS] PASS! Expected: 'd33 | Actual: 'd33
# UVM_INFO fifo_driver.sv(44) @ 81350: uvm_test_top.env.in_agent.drv [DRV] WR_CS: 0 | WR_EN: 0 | RD_CS: 1 | RD_EN: 1 | D_IN: 'd37 | D_OUT: 'dx | FULL: x | EMPTY: x
# UVM_INFO fifo_outmonitor.sv(44) @ 81450: uvm_test_top.env.out_agent.mon [uvm_test_top.env.out_agent.mon] READ TX Captured:
# WR_CS: x | WR_EN: x | RD_CS: 1 | RD_EN: 1 | D_IN: 'dx | D_OUT: 'd38 | FULL: x | EMPTY: 0
# UVM_INFO fifo_scoreboard.sv(44) @ 81450: uvm_test_top.env.scb [SCBD_PASS] PASS! Expected: 'd38 | Actual: 'd38
# UVM_INFO fifo_driver.sv(44) @ 81550: uvm_test_top.env.in_agent.drv [DRV] WR_CS: 0 | WR_EN: 0 | RD_CS: 1 | RD_EN: 1 | D_IN: 'd45 | D_OUT: 'dx | FULL: x | EMPTY: x
# UVM_INFO fifo_outmonitor.sv(44) @ 81650: uvm_test_top.env.out_agent.mon [uvm_test_top.env.out_agent.mon] READ TX Captured:
# WR_CS: x | WR_EN: x | RD_CS: 1 | RD_EN: 1 | D_IN: 'dx | D_OUT: 'd53 | FULL: x | EMPTY: 0
# UVM_INFO fifo_scoreboard.sv(44) @ 81650: uvm_test_top.env.scb [SCBD_PASS] PASS! Expected: 'd53 | Actual: 'd53
# UVM_INFO fifo_driver.sv(44) @ 81750: uvm_test_top.env.in_agent.drv [DRV] WR_CS: 0 | WR_EN: 0 | RD_CS: 1 | RD_EN: 1 | D_IN: 'd108 | D_OUT: 'dx | FULL: x | EMPTY: x
# UVM_INFO fifo_outmonitor.sv(44) @ 81850: uvm_test_top.env.out_agent.mon [uvm_test_top.env.out_agent.mon] READ TX Captured:
# WR_CS: x | WR_EN: x | RD_CS: 1 | RD_EN: 1 | D_IN: 'dx | D_OUT: 'd182 | FULL: x | EMPTY: 0
# UVM_INFO fifo_scoreboard.sv(44) @ 81850: uvm_test_top.env.scb [SCBD_PASS] PASS! Expected: 'd182 | Actual: 'd182
# UVM_INFO fifo_driver.sv(44) @ 81950: uvm_test_top.env.in_agent.drv [DRV] WR_CS: 0 | WR_EN: 0 | RD_CS: 1 | RD_EN: 1 | D_IN: 'd36 | D_OUT: 'dx | FULL: x | EMPTY: x
# UVM_INFO fifo_outmonitor.sv(44) @ 82050: uvm_test_top.env.out_agent.mon [uvm_test_top.env.out_agent.mon] READ TX Captured:
# WR_CS: x | WR_EN: x | RD_CS: 1 | RD_EN: 1 | D_IN: 'dx | D_OUT: 'd196 | FULL: x | EMPTY: 0
# UVM_INFO fifo_scoreboard.sv(44) @ 82050: uvm_test_top.env.scb [SCBD_PASS] PASS! Expected: 'd196 | Actual: 'd196
# UVM_INFO fifo_driver.sv(44) @ 82150: uvm_test_top.env.in_agent.drv [DRV] WR_CS: 0 | WR_EN: 0 | RD_CS: 1 | RD_EN: 1 | D_IN: 'd46 | D_OUT: 'dx | FULL: x | EMPTY: x
# UVM_INFO fifo_outmonitor.sv(44) @ 82250: uvm_test_top.env.out_agent.mon [uvm_test_top.env.out_agent.mon] READ TX Captured:
# WR_CS: x | WR_EN: x | RD_CS: 1 | RD_EN: 1 | D_IN: 'dx | D_OUT: 'd97 | FULL: x | EMPTY: 0
# UVM_INFO fifo_scoreboard.sv(44) @ 82250: uvm_test_top.env.scb [SCBD_PASS] PASS! Expected: 'd97 | Actual: 'd97
# UVM_INFO fifo_driver.sv(44) @ 82350: uvm_test_top.env.in_agent.drv [DRV] WR_CS: 0 | WR_EN: 0 | RD_CS: 1 | RD_EN: 1 | D_IN: 'd172 | D_OUT: 'dx | FULL: x | EMPTY: x
# UVM_INFO fifo_outmonitor.sv(44) @ 82450: uvm_test_top.env.out_agent.mon [uvm_test_top.env.out_agent.mon] READ TX Captured:
# WR_CS: x | WR_EN: x | RD_CS: 1 | RD_EN: 1 | D_IN: 'dx | D_OUT: 'd64 | FULL: x | EMPTY: 0
# UVM_INFO fifo_scoreboard.sv(44) @ 82450: uvm_test_top.env.scb [SCBD_PASS] PASS! Expected: 'd64 | Actual: 'd64
# UVM_INFO fifo_driver.sv(44) @ 82550: uvm_test_top.env.in_agent.drv [DRV] WR_CS: 0 | WR_EN: 0 | RD_CS: 1 | RD_EN: 1 | D_IN: 'd152 | D_OUT: 'dx | FULL: x | EMPTY: x
# UVM_INFO fifo_outmonitor.sv(44) @ 82650: uvm_test_top.env.out_agent.mon [uvm_test_top.env.out_agent.mon] READ TX Captured:
# WR_CS: x | WR_EN: x | RD_CS: 1 | RD_EN: 1 | D_IN: 'dx | D_OUT: 'd6 | FULL: x | EMPTY: 0
# UVM_INFO fifo_scoreboard.sv(44) @ 82650: uvm_test_top.env.scb [SCBD_PASS] PASS! Expected: 'd6 | Actual: 'd6
# UVM_INFO fifo_driver.sv(44) @ 82750: uvm_test_top.env.in_agent.drv [DRV] WR_CS: 0 | WR_EN: 0 | RD_CS: 1 | RD_EN: 1 | D_IN: 'd214 | D_OUT: 'dx | FULL: x | EMPTY: x
# UVM_INFO fifo_outmonitor.sv(44) @ 82850: uvm_test_top.env.out_agent.mon [uvm_test_top.env.out_agent.mon] READ TX Captured:
# WR_CS: x | WR_EN: x | RD_CS: 1 | RD_EN: 1 | D_IN: 'dx | D_OUT: 'd200 | FULL: x | EMPTY: 0
# UVM_INFO fifo_scoreboard.sv(44) @ 82850: uvm_test_top.env.scb [SCBD_PASS] PASS! Expected: 'd200 | Actual: 'd200
# UVM_INFO fifo_driver.sv(44) @ 82950: uvm_test_top.env.in_agent.drv [DRV] WR_CS: 0 | WR_EN: 0 | RD_CS: 1 | RD_EN: 1 | D_IN: 'd128 | D_OUT: 'dx | FULL: x | EMPTY: x
# UVM_INFO fifo_outmonitor.sv(44) @ 83050: uvm_test_top.env.out_agent.mon [uvm_test_top.env.out_agent.mon] READ TX Captured:
# WR_CS: x | WR_EN: x | RD_CS: 1 | RD_EN: 1 | D_IN: 'dx | D_OUT: 'd73 | FULL: x | EMPTY: 0
# UVM_INFO fifo_scoreboard.sv(44) @ 83050: uvm_test_top.env.scb [SCBD_PASS] PASS! Expected: 'd73 | Actual: 'd73
# UVM_INFO fifo_driver.sv(44) @ 83150: uvm_test_top.env.in_agent.drv [DRV] WR_CS: 0 | WR_EN: 0 | RD_CS: 1 | RD_EN: 1 | D_IN: 'd113 | D_OUT: 'dx | FULL: x | EMPTY: x
# UVM_INFO fifo_outmonitor.sv(44) @ 83250: uvm_test_top.env.out_agent.mon [uvm_test_top.env.out_agent.mon] READ TX Captured:
# WR_CS: x | WR_EN: x | RD_CS: 1 | RD_EN: 1 | D_IN: 'dx | D_OUT: 'd230 | FULL: x | EMPTY: 0
# UVM_INFO fifo_scoreboard.sv(44) @ 83250: uvm_test_top.env.scb [SCBD_PASS] PASS! Expected: 'd230 | Actual: 'd230
# UVM_INFO fifo_driver.sv(44) @ 83350: uvm_test_top.env.in_agent.drv [DRV] WR_CS: 0 | WR_EN: 0 | RD_CS: 1 | RD_EN: 1 | D_IN: 'd189 | D_OUT: 'dx | FULL: x | EMPTY: x
# UVM_INFO fifo_outmonitor.sv(44) @ 83450: uvm_test_top.env.out_agent.mon [uvm_test_top.env.out_agent.mon] READ TX Captured:
# WR_CS: x | WR_EN: x | RD_CS: 1 | RD_EN: 1 | D_IN: 'dx | D_OUT: 'd74 | FULL: x | EMPTY: 0
# UVM_INFO fifo_scoreboard.sv(44) @ 83450: uvm_test_top.env.scb [SCBD_PASS] PASS! Expected: 'd74 | Actual: 'd74
# UVM_INFO fifo_driver.sv(44) @ 83550: uvm_test_top.env.in_agent.drv [DRV] WR_CS: 0 | WR_EN: 0 | RD_CS: 1 | RD_EN: 1 | D_IN: 'd243 | D_OUT: 'dx | FULL: x | EMPTY: x
# UVM_INFO fifo_outmonitor.sv(44) @ 83650: uvm_test_top.env.out_agent.mon [uvm_test_top.env.out_agent.mon] READ TX Captured:
# WR_CS: x | WR_EN: x | RD_CS: 1 | RD_EN: 1 | D_IN: 'dx | D_OUT: 'd230 | FULL: x | EMPTY: 0
# UVM_INFO fifo_scoreboard.sv(44) @ 83650: uvm_test_top.env.scb [SCBD_PASS] PASS! Expected: 'd230 | Actual: 'd230
# UVM_INFO fifo_driver.sv(44) @ 83750: uvm_test_top.env.in_agent.drv [DRV] WR_CS: 0 | WR_EN: 0 | RD_CS: 1 | RD_EN: 1 | D_IN: 'd3 | D_OUT: 'dx | FULL: x | EMPTY: x
# UVM_INFO fifo_outmonitor.sv(44) @ 83850: uvm_test_top.env.out_agent.mon [uvm_test_top.env.out_agent.mon] READ TX Captured:
# WR_CS: x | WR_EN: x | RD_CS: 1 | RD_EN: 1 | D_IN: 'dx | D_OUT: 'd191 | FULL: x | EMPTY: 0
# UVM_INFO fifo_scoreboard.sv(44) @ 83850: uvm_test_top.env.scb [SCBD_PASS] PASS! Expected: 'd191 | Actual: 'd191
# UVM_INFO fifo_driver.sv(44) @ 83950: uvm_test_top.env.in_agent.drv [DRV] WR_CS: 0 | WR_EN: 0 | RD_CS: 1 | RD_EN: 1 | D_IN: 'd119 | D_OUT: 'dx | FULL: x | EMPTY: x
# UVM_INFO fifo_outmonitor.sv(44) @ 84050: uvm_test_top.env.out_agent.mon [uvm_test_top.env.out_agent.mon] READ TX Captured:
# WR_CS: x | WR_EN: x | RD_CS: 1 | RD_EN: 1 | D_IN: 'dx | D_OUT: 'd79 | FULL: x | EMPTY: 0
# UVM_INFO fifo_scoreboard.sv(44) @ 84050: uvm_test_top.env.scb [SCBD_PASS] PASS! Expected: 'd79 | Actual: 'd79
# UVM_INFO fifo_driver.sv(44) @ 84150: uvm_test_top.env.in_agent.drv [DRV] WR_CS: 0 | WR_EN: 0 | RD_CS: 1 | RD_EN: 1 | D_IN: 'd43 | D_OUT: 'dx | FULL: x | EMPTY: x
# UVM_INFO fifo_outmonitor.sv(44) @ 84250: uvm_test_top.env.out_agent.mon [uvm_test_top.env.out_agent.mon] READ TX Captured:
# WR_CS: x | WR_EN: x | RD_CS: 1 | RD_EN: 1 | D_IN: 'dx | D_OUT: 'd148 | FULL: x | EMPTY: 0
# UVM_INFO fifo_scoreboard.sv(44) @ 84250: uvm_test_top.env.scb [SCBD_PASS] PASS! Expected: 'd148 | Actual: 'd148
# UVM_INFO fifo_driver.sv(44) @ 84350: uvm_test_top.env.in_agent.drv [DRV] WR_CS: 0 | WR_EN: 0 | RD_CS: 1 | RD_EN: 1 | D_IN: 'd211 | D_OUT: 'dx | FULL: x | EMPTY: x
# UVM_INFO fifo_outmonitor.sv(44) @ 84450: uvm_test_top.env.out_agent.mon [uvm_test_top.env.out_agent.mon] READ TX Captured:
# WR_CS: x | WR_EN: x | RD_CS: 1 | RD_EN: 1 | D_IN: 'dx | D_OUT: 'd246 | FULL: x | EMPTY: 0
# UVM_INFO fifo_scoreboard.sv(44) @ 84450: uvm_test_top.env.scb [SCBD_PASS] PASS! Expected: 'd246 | Actual: 'd246
# UVM_INFO fifo_driver.sv(44) @ 84550: uvm_test_top.env.in_agent.drv [DRV] WR_CS: 0 | WR_EN: 0 | RD_CS: 1 | RD_EN: 1 | D_IN: 'd94 | D_OUT: 'dx | FULL: x | EMPTY: x
# UVM_INFO fifo_outmonitor.sv(44) @ 84650: uvm_test_top.env.out_agent.mon [uvm_test_top.env.out_agent.mon] READ TX Captured:
# WR_CS: x | WR_EN: x | RD_CS: 1 | RD_EN: 1 | D_IN: 'dx | D_OUT: 'd244 | FULL: x | EMPTY: 0
# UVM_INFO fifo_scoreboard.sv(44) @ 84650: uvm_test_top.env.scb [SCBD_PASS] PASS! Expected: 'd244 | Actual: 'd244
# UVM_INFO fifo_driver.sv(44) @ 84750: uvm_test_top.env.in_agent.drv [DRV] WR_CS: 0 | WR_EN: 0 | RD_CS: 1 | RD_EN: 1 | D_IN: 'd187 | D_OUT: 'dx | FULL: x | EMPTY: x
# UVM_INFO fifo_outmonitor.sv(44) @ 84850: uvm_test_top.env.out_agent.mon [uvm_test_top.env.out_agent.mon] READ TX Captured:
# WR_CS: x | WR_EN: x | RD_CS: 1 | RD_EN: 1 | D_IN: 'dx | D_OUT: 'd49 | FULL: x | EMPTY: 0
# UVM_INFO fifo_scoreboard.sv(44) @ 84850: uvm_test_top.env.scb [SCBD_PASS] PASS! Expected: 'd49 | Actual: 'd49
# UVM_INFO fifo_driver.sv(44) @ 84950: uvm_test_top.env.in_agent.drv [DRV] WR_CS: 0 | WR_EN: 0 | RD_CS: 1 | RD_EN: 1 | D_IN: 'd184 | D_OUT: 'dx | FULL: x | EMPTY: x
# UVM_INFO fifo_outmonitor.sv(44) @ 85050: uvm_test_top.env.out_agent.mon [uvm_test_top.env.out_agent.mon] READ TX Captured:
# WR_CS: x | WR_EN: x | RD_CS: 1 | RD_EN: 1 | D_IN: 'dx | D_OUT: 'd194 | FULL: x | EMPTY: 0
# UVM_INFO fifo_scoreboard.sv(44) @ 85050: uvm_test_top.env.scb [SCBD_PASS] PASS! Expected: 'd194 | Actual: 'd194
# UVM_INFO fifo_driver.sv(44) @ 85150: uvm_test_top.env.in_agent.drv [DRV] WR_CS: 0 | WR_EN: 0 | RD_CS: 1 | RD_EN: 1 | D_IN: 'd54 | D_OUT: 'dx | FULL: x | EMPTY: x
# UVM_INFO fifo_outmonitor.sv(44) @ 85250: uvm_test_top.env.out_agent.mon [uvm_test_top.env.out_agent.mon] READ TX Captured:
# WR_CS: x | WR_EN: x | RD_CS: 1 | RD_EN: 1 | D_IN: 'dx | D_OUT: 'd62 | FULL: x | EMPTY: 0
# UVM_INFO fifo_scoreboard.sv(44) @ 85250: uvm_test_top.env.scb [SCBD_PASS] PASS! Expected: 'd62 | Actual: 'd62
# UVM_INFO fifo_driver.sv(44) @ 85350: uvm_test_top.env.in_agent.drv [DRV] WR_CS: 0 | WR_EN: 0 | RD_CS: 1 | RD_EN: 1 | D_IN: 'd234 | D_OUT: 'dx | FULL: x | EMPTY: x
# UVM_INFO fifo_outmonitor.sv(44) @ 85450: uvm_test_top.env.out_agent.mon [uvm_test_top.env.out_agent.mon] READ TX Captured:
# WR_CS: x | WR_EN: x | RD_CS: 1 | RD_EN: 1 | D_IN: 'dx | D_OUT: 'd13 | FULL: x | EMPTY: 0
# UVM_INFO fifo_scoreboard.sv(44) @ 85450: uvm_test_top.env.scb [SCBD_PASS] PASS! Expected: 'd13 | Actual: 'd13
# UVM_INFO fifo_driver.sv(44) @ 85550: uvm_test_top.env.in_agent.drv [DRV] WR_CS: 0 | WR_EN: 0 | RD_CS: 1 | RD_EN: 1 | D_IN: 'd170 | D_OUT: 'dx | FULL: x | EMPTY: x
# UVM_INFO fifo_outmonitor.sv(44) @ 85650: uvm_test_top.env.out_agent.mon [uvm_test_top.env.out_agent.mon] READ TX Captured:
# WR_CS: x | WR_EN: x | RD_CS: 1 | RD_EN: 1 | D_IN: 'dx | D_OUT: 'd105 | FULL: x | EMPTY: 0
# UVM_INFO fifo_scoreboard.sv(44) @ 85650: uvm_test_top.env.scb [SCBD_PASS] PASS! Expected: 'd105 | Actual: 'd105
# UVM_INFO fifo_driver.sv(44) @ 85750: uvm_test_top.env.in_agent.drv [DRV] WR_CS: 0 | WR_EN: 0 | RD_CS: 1 | RD_EN: 1 | D_IN: 'd158 | D_OUT: 'dx | FULL: x | EMPTY: x
# UVM_INFO fifo_outmonitor.sv(44) @ 85850: uvm_test_top.env.out_agent.mon [uvm_test_top.env.out_agent.mon] READ TX Captured:
# WR_CS: x | WR_EN: x | RD_CS: 1 | RD_EN: 1 | D_IN: 'dx | D_OUT: 'd59 | FULL: x | EMPTY: 0
# UVM_INFO fifo_scoreboard.sv(44) @ 85850: uvm_test_top.env.scb [SCBD_PASS] PASS! Expected: 'd59 | Actual: 'd59
# UVM_INFO fifo_driver.sv(44) @ 85950: uvm_test_top.env.in_agent.drv [DRV] WR_CS: 0 | WR_EN: 0 | RD_CS: 1 | RD_EN: 1 | D_IN: 'd107 | D_OUT: 'dx | FULL: x | EMPTY: x
# UVM_INFO fifo_outmonitor.sv(44) @ 86050: uvm_test_top.env.out_agent.mon [uvm_test_top.env.out_agent.mon] READ TX Captured:
# WR_CS: x | WR_EN: x | RD_CS: 1 | RD_EN: 1 | D_IN: 'dx | D_OUT: 'd162 | FULL: x | EMPTY: 0
# UVM_INFO fifo_scoreboard.sv(44) @ 86050: uvm_test_top.env.scb [SCBD_PASS] PASS! Expected: 'd162 | Actual: 'd162
# UVM_INFO fifo_driver.sv(44) @ 86150: uvm_test_top.env.in_agent.drv [DRV] WR_CS: 0 | WR_EN: 0 | RD_CS: 1 | RD_EN: 1 | D_IN: 'd155 | D_OUT: 'dx | FULL: x | EMPTY: x
# UVM_INFO fifo_outmonitor.sv(44) @ 86250: uvm_test_top.env.out_agent.mon [uvm_test_top.env.out_agent.mon] READ TX Captured:
# WR_CS: x | WR_EN: x | RD_CS: 1 | RD_EN: 1 | D_IN: 'dx | D_OUT: 'd251 | FULL: x | EMPTY: 0
# UVM_INFO fifo_scoreboard.sv(44) @ 86250: uvm_test_top.env.scb [SCBD_PASS] PASS! Expected: 'd251 | Actual: 'd251
# UVM_INFO fifo_driver.sv(44) @ 86350: uvm_test_top.env.in_agent.drv [DRV] WR_CS: 0 | WR_EN: 0 | RD_CS: 1 | RD_EN: 1 | D_IN: 'd153 | D_OUT: 'dx | FULL: x | EMPTY: x
# UVM_INFO fifo_outmonitor.sv(44) @ 86450: uvm_test_top.env.out_agent.mon [uvm_test_top.env.out_agent.mon] READ TX Captured:
# WR_CS: x | WR_EN: x | RD_CS: 1 | RD_EN: 1 | D_IN: 'dx | D_OUT: 'd205 | FULL: x | EMPTY: 0
# UVM_INFO fifo_scoreboard.sv(44) @ 86450: uvm_test_top.env.scb [SCBD_PASS] PASS! Expected: 'd205 | Actual: 'd205
# UVM_INFO fifo_driver.sv(44) @ 86550: uvm_test_top.env.in_agent.drv [DRV] WR_CS: 0 | WR_EN: 0 | RD_CS: 1 | RD_EN: 1 | D_IN: 'd21 | D_OUT: 'dx | FULL: x | EMPTY: x
# UVM_INFO fifo_outmonitor.sv(44) @ 86650: uvm_test_top.env.out_agent.mon [uvm_test_top.env.out_agent.mon] READ TX Captured:
# WR_CS: x | WR_EN: x | RD_CS: 1 | RD_EN: 1 | D_IN: 'dx | D_OUT: 'd65 | FULL: x | EMPTY: 0
# UVM_INFO fifo_scoreboard.sv(44) @ 86650: uvm_test_top.env.scb [SCBD_PASS] PASS! Expected: 'd65 | Actual: 'd65
# UVM_INFO fifo_driver.sv(44) @ 86750: uvm_test_top.env.in_agent.drv [DRV] WR_CS: 0 | WR_EN: 0 | RD_CS: 1 | RD_EN: 1 | D_IN: 'd118 | D_OUT: 'dx | FULL: x | EMPTY: x
# UVM_INFO fifo_outmonitor.sv(44) @ 86850: uvm_test_top.env.out_agent.mon [uvm_test_top.env.out_agent.mon] READ TX Captured:
# WR_CS: x | WR_EN: x | RD_CS: 1 | RD_EN: 1 | D_IN: 'dx | D_OUT: 'd198 | FULL: x | EMPTY: 0
# UVM_INFO fifo_scoreboard.sv(44) @ 86850: uvm_test_top.env.scb [SCBD_PASS] PASS! Expected: 'd198 | Actual: 'd198
# UVM_INFO fifo_driver.sv(44) @ 86950: uvm_test_top.env.in_agent.drv [DRV] WR_CS: 0 | WR_EN: 0 | RD_CS: 1 | RD_EN: 1 | D_IN: 'd251 | D_OUT: 'dx | FULL: x | EMPTY: x
# UVM_INFO fifo_outmonitor.sv(44) @ 87050: uvm_test_top.env.out_agent.mon [uvm_test_top.env.out_agent.mon] READ TX Captured:
# WR_CS: x | WR_EN: x | RD_CS: 1 | RD_EN: 1 | D_IN: 'dx | D_OUT: 'd57 | FULL: x | EMPTY: 0
# UVM_INFO fifo_scoreboard.sv(44) @ 87050: uvm_test_top.env.scb [SCBD_PASS] PASS! Expected: 'd57 | Actual: 'd57
# UVM_INFO fifo_driver.sv(44) @ 87150: uvm_test_top.env.in_agent.drv [DRV] WR_CS: 0 | WR_EN: 0 | RD_CS: 1 | RD_EN: 1 | D_IN: 'd196 | D_OUT: 'dx | FULL: x | EMPTY: x
# UVM_INFO fifo_outmonitor.sv(44) @ 87250: uvm_test_top.env.out_agent.mon [uvm_test_top.env.out_agent.mon] READ TX Captured:
# WR_CS: x | WR_EN: x | RD_CS: 1 | RD_EN: 1 | D_IN: 'dx | D_OUT: 'd52 | FULL: x | EMPTY: 0
# UVM_INFO fifo_scoreboard.sv(44) @ 87250: uvm_test_top.env.scb [SCBD_PASS] PASS! Expected: 'd52 | Actual: 'd52
# UVM_INFO fifo_driver.sv(44) @ 87350: uvm_test_top.env.in_agent.drv [DRV] WR_CS: 0 | WR_EN: 0 | RD_CS: 1 | RD_EN: 1 | D_IN: 'd208 | D_OUT: 'dx | FULL: x | EMPTY: x
# UVM_INFO fifo_outmonitor.sv(44) @ 87450: uvm_test_top.env.out_agent.mon [uvm_test_top.env.out_agent.mon] READ TX Captured:
# WR_CS: x | WR_EN: x | RD_CS: 1 | RD_EN: 1 | D_IN: 'dx | D_OUT: 'd135 | FULL: x | EMPTY: 0
# UVM_INFO fifo_scoreboard.sv(44) @ 87450: uvm_test_top.env.scb [SCBD_PASS] PASS! Expected: 'd135 | Actual: 'd135
# UVM_INFO fifo_driver.sv(44) @ 87550: uvm_test_top.env.in_agent.drv [DRV] WR_CS: 0 | WR_EN: 0 | RD_CS: 1 | RD_EN: 1 | D_IN: 'd38 | D_OUT: 'dx | FULL: x | EMPTY: x
# UVM_INFO fifo_outmonitor.sv(44) @ 87650: uvm_test_top.env.out_agent.mon [uvm_test_top.env.out_agent.mon] READ TX Captured:
# WR_CS: x | WR_EN: x | RD_CS: 1 | RD_EN: 1 | D_IN: 'dx | D_OUT: 'd88 | FULL: x | EMPTY: 0
# UVM_INFO fifo_scoreboard.sv(44) @ 87650: uvm_test_top.env.scb [SCBD_PASS] PASS! Expected: 'd88 | Actual: 'd88
# UVM_INFO fifo_driver.sv(44) @ 87750: uvm_test_top.env.in_agent.drv [DRV] WR_CS: 0 | WR_EN: 0 | RD_CS: 1 | RD_EN: 1 | D_IN: 'd212 | D_OUT: 'dx | FULL: x | EMPTY: x
# UVM_INFO fifo_outmonitor.sv(44) @ 87850: uvm_test_top.env.out_agent.mon [uvm_test_top.env.out_agent.mon] READ TX Captured:
# WR_CS: x | WR_EN: x | RD_CS: 1 | RD_EN: 1 | D_IN: 'dx | D_OUT: 'd145 | FULL: x | EMPTY: 0
# UVM_INFO fifo_scoreboard.sv(44) @ 87850: uvm_test_top.env.scb [SCBD_PASS] PASS! Expected: 'd145 | Actual: 'd145
# UVM_INFO fifo_driver.sv(44) @ 87950: uvm_test_top.env.in_agent.drv [DRV] WR_CS: 0 | WR_EN: 0 | RD_CS: 1 | RD_EN: 1 | D_IN: 'd229 | D_OUT: 'dx | FULL: x | EMPTY: x
# UVM_INFO fifo_outmonitor.sv(44) @ 88050: uvm_test_top.env.out_agent.mon [uvm_test_top.env.out_agent.mon] READ TX Captured:
# WR_CS: x | WR_EN: x | RD_CS: 1 | RD_EN: 1 | D_IN: 'dx | D_OUT: 'd214 | FULL: x | EMPTY: 0
# UVM_INFO fifo_scoreboard.sv(44) @ 88050: uvm_test_top.env.scb [SCBD_PASS] PASS! Expected: 'd214 | Actual: 'd214
# UVM_INFO fifo_driver.sv(44) @ 88150: uvm_test_top.env.in_agent.drv [DRV] WR_CS: 0 | WR_EN: 0 | RD_CS: 1 | RD_EN: 1 | D_IN: 'd151 | D_OUT: 'dx | FULL: x | EMPTY: x
# UVM_INFO fifo_outmonitor.sv(44) @ 88250: uvm_test_top.env.out_agent.mon [uvm_test_top.env.out_agent.mon] READ TX Captured:
# WR_CS: x | WR_EN: x | RD_CS: 1 | RD_EN: 1 | D_IN: 'dx | D_OUT: 'd122 | FULL: x | EMPTY: 0
# UVM_INFO fifo_scoreboard.sv(44) @ 88250: uvm_test_top.env.scb [SCBD_PASS] PASS! Expected: 'd122 | Actual: 'd122
# UVM_INFO fifo_driver.sv(44) @ 88350: uvm_test_top.env.in_agent.drv [DRV] WR_CS: 0 | WR_EN: 0 | RD_CS: 1 | RD_EN: 1 | D_IN: 'd136 | D_OUT: 'dx | FULL: x | EMPTY: x
# UVM_INFO fifo_outmonitor.sv(44) @ 88450: uvm_test_top.env.out_agent.mon [uvm_test_top.env.out_agent.mon] READ TX Captured:
# WR_CS: x | WR_EN: x | RD_CS: 1 | RD_EN: 1 | D_IN: 'dx | D_OUT: 'd155 | FULL: x | EMPTY: 0
# UVM_INFO fifo_scoreboard.sv(44) @ 88450: uvm_test_top.env.scb [SCBD_PASS] PASS! Expected: 'd155 | Actual: 'd155
# UVM_INFO fifo_driver.sv(44) @ 88550: uvm_test_top.env.in_agent.drv [DRV] WR_CS: 0 | WR_EN: 0 | RD_CS: 1 | RD_EN: 1 | D_IN: 'd190 | D_OUT: 'dx | FULL: x | EMPTY: x
# UVM_INFO fifo_outmonitor.sv(44) @ 88650: uvm_test_top.env.out_agent.mon [uvm_test_top.env.out_agent.mon] READ TX Captured:
# WR_CS: x | WR_EN: x | RD_CS: 1 | RD_EN: 1 | D_IN: 'dx | D_OUT: 'd50 | FULL: x | EMPTY: 0
# UVM_INFO fifo_scoreboard.sv(44) @ 88650: uvm_test_top.env.scb [SCBD_PASS] PASS! Expected: 'd50 | Actual: 'd50
# UVM_INFO fifo_driver.sv(44) @ 88750: uvm_test_top.env.in_agent.drv [DRV] WR_CS: 0 | WR_EN: 0 | RD_CS: 1 | RD_EN: 1 | D_IN: 'd25 | D_OUT: 'dx | FULL: x | EMPTY: x
# UVM_INFO fifo_outmonitor.sv(44) @ 88850: uvm_test_top.env.out_agent.mon [uvm_test_top.env.out_agent.mon] READ TX Captured:
# WR_CS: x | WR_EN: x | RD_CS: 1 | RD_EN: 1 | D_IN: 'dx | D_OUT: 'd197 | FULL: x | EMPTY: 0
# UVM_INFO fifo_scoreboard.sv(44) @ 88850: uvm_test_top.env.scb [SCBD_PASS] PASS! Expected: 'd197 | Actual: 'd197
# UVM_INFO fifo_driver.sv(44) @ 88950: uvm_test_top.env.in_agent.drv [DRV] WR_CS: 0 | WR_EN: 0 | RD_CS: 1 | RD_EN: 1 | D_IN: 'd63 | D_OUT: 'dx | FULL: x | EMPTY: x
# UVM_INFO fifo_outmonitor.sv(44) @ 89050: uvm_test_top.env.out_agent.mon [uvm_test_top.env.out_agent.mon] READ TX Captured:
# WR_CS: x | WR_EN: x | RD_CS: 1 | RD_EN: 1 | D_IN: 'dx | D_OUT: 'd197 | FULL: x | EMPTY: 0
# UVM_INFO fifo_scoreboard.sv(44) @ 89050: uvm_test_top.env.scb [SCBD_PASS] PASS! Expected: 'd197 | Actual: 'd197
# UVM_INFO fifo_driver.sv(44) @ 89150: uvm_test_top.env.in_agent.drv [DRV] WR_CS: 0 | WR_EN: 0 | RD_CS: 1 | RD_EN: 1 | D_IN: 'd169 | D_OUT: 'dx | FULL: x | EMPTY: x
# UVM_INFO fifo_outmonitor.sv(44) @ 89250: uvm_test_top.env.out_agent.mon [uvm_test_top.env.out_agent.mon] READ TX Captured:
# WR_CS: x | WR_EN: x | RD_CS: 1 | RD_EN: 1 | D_IN: 'dx | D_OUT: 'd30 | FULL: x | EMPTY: 0
# UVM_INFO fifo_scoreboard.sv(44) @ 89250: uvm_test_top.env.scb [SCBD_PASS] PASS! Expected: 'd30 | Actual: 'd30
# UVM_INFO fifo_driver.sv(44) @ 89350: uvm_test_top.env.in_agent.drv [DRV] WR_CS: 0 | WR_EN: 0 | RD_CS: 1 | RD_EN: 1 | D_IN: 'd185 | D_OUT: 'dx | FULL: x | EMPTY: x
# UVM_INFO fifo_outmonitor.sv(44) @ 89450: uvm_test_top.env.out_agent.mon [uvm_test_top.env.out_agent.mon] READ TX Captured:
# WR_CS: x | WR_EN: x | RD_CS: 1 | RD_EN: 1 | D_IN: 'dx | D_OUT: 'd144 | FULL: x | EMPTY: 0
# UVM_INFO fifo_scoreboard.sv(44) @ 89450: uvm_test_top.env.scb [SCBD_PASS] PASS! Expected: 'd144 | Actual: 'd144
# UVM_INFO fifo_driver.sv(44) @ 89550: uvm_test_top.env.in_agent.drv [DRV] WR_CS: 0 | WR_EN: 0 | RD_CS: 1 | RD_EN: 1 | D_IN: 'd246 | D_OUT: 'dx | FULL: x | EMPTY: x
# UVM_INFO fifo_outmonitor.sv(44) @ 89650: uvm_test_top.env.out_agent.mon [uvm_test_top.env.out_agent.mon] READ TX Captured:
# WR_CS: x | WR_EN: x | RD_CS: 1 | RD_EN: 1 | D_IN: 'dx | D_OUT: 'd189 | FULL: x | EMPTY: 0
# UVM_INFO fifo_scoreboard.sv(44) @ 89650: uvm_test_top.env.scb [SCBD_PASS] PASS! Expected: 'd189 | Actual: 'd189
# UVM_INFO fifo_driver.sv(44) @ 89750: uvm_test_top.env.in_agent.drv [DRV] WR_CS: 0 | WR_EN: 0 | RD_CS: 1 | RD_EN: 1 | D_IN: 'd73 | D_OUT: 'dx | FULL: x | EMPTY: x
# UVM_INFO fifo_outmonitor.sv(44) @ 89850: uvm_test_top.env.out_agent.mon [uvm_test_top.env.out_agent.mon] READ TX Captured:
# WR_CS: x | WR_EN: x | RD_CS: 1 | RD_EN: 1 | D_IN: 'dx | D_OUT: 'd58 | FULL: x | EMPTY: 0
# UVM_INFO fifo_scoreboard.sv(44) @ 89850: uvm_test_top.env.scb [SCBD_PASS] PASS! Expected: 'd58 | Actual: 'd58
# UVM_INFO fifo_driver.sv(44) @ 89950: uvm_test_top.env.in_agent.drv [DRV] WR_CS: 0 | WR_EN: 0 | RD_CS: 1 | RD_EN: 1 | D_IN: 'd247 | D_OUT: 'dx | FULL: x | EMPTY: x
# UVM_INFO fifo_outmonitor.sv(44) @ 90050: uvm_test_top.env.out_agent.mon [uvm_test_top.env.out_agent.mon] READ TX Captured:
# WR_CS: x | WR_EN: x | RD_CS: 1 | RD_EN: 1 | D_IN: 'dx | D_OUT: 'd98 | FULL: x | EMPTY: 0
# UVM_INFO fifo_scoreboard.sv(44) @ 90050: uvm_test_top.env.scb [SCBD_PASS] PASS! Expected: 'd98 | Actual: 'd98
# UVM_INFO fifo_driver.sv(44) @ 90150: uvm_test_top.env.in_agent.drv [DRV] WR_CS: 0 | WR_EN: 0 | RD_CS: 1 | RD_EN: 1 | D_IN: 'd191 | D_OUT: 'dx | FULL: x | EMPTY: x
# UVM_INFO fifo_outmonitor.sv(44) @ 90250: uvm_test_top.env.out_agent.mon [uvm_test_top.env.out_agent.mon] READ TX Captured:
# WR_CS: x | WR_EN: x | RD_CS: 1 | RD_EN: 1 | D_IN: 'dx | D_OUT: 'd114 | FULL: x | EMPTY: 0
# UVM_INFO fifo_scoreboard.sv(44) @ 90250: uvm_test_top.env.scb [SCBD_PASS] PASS! Expected: 'd114 | Actual: 'd114
# UVM_INFO fifo_driver.sv(44) @ 90350: uvm_test_top.env.in_agent.drv [DRV] WR_CS: 0 | WR_EN: 0 | RD_CS: 1 | RD_EN: 1 | D_IN: 'd194 | D_OUT: 'dx | FULL: x | EMPTY: x
# UVM_INFO fifo_outmonitor.sv(44) @ 90450: uvm_test_top.env.out_agent.mon [uvm_test_top.env.out_agent.mon] READ TX Captured:
# WR_CS: x | WR_EN: x | RD_CS: 1 | RD_EN: 1 | D_IN: 'dx | D_OUT: 'd67 | FULL: x | EMPTY: 0
# UVM_INFO fifo_scoreboard.sv(44) @ 90450: uvm_test_top.env.scb [SCBD_PASS] PASS! Expected: 'd67 | Actual: 'd67
# UVM_INFO fifo_driver.sv(44) @ 90550: uvm_test_top.env.in_agent.drv [DRV] WR_CS: 0 | WR_EN: 0 | RD_CS: 1 | RD_EN: 1 | D_IN: 'd70 | D_OUT: 'dx | FULL: x | EMPTY: x
# UVM_INFO fifo_outmonitor.sv(44) @ 90650: uvm_test_top.env.out_agent.mon [uvm_test_top.env.out_agent.mon] READ TX Captured:
# WR_CS: x | WR_EN: x | RD_CS: 1 | RD_EN: 1 | D_IN: 'dx | D_OUT: 'd144 | FULL: x | EMPTY: 0
# UVM_INFO fifo_scoreboard.sv(44) @ 90650: uvm_test_top.env.scb [SCBD_PASS] PASS! Expected: 'd144 | Actual: 'd144
# UVM_INFO fifo_driver.sv(44) @ 90750: uvm_test_top.env.in_agent.drv [DRV] WR_CS: 0 | WR_EN: 0 | RD_CS: 1 | RD_EN: 1 | D_IN: 'd179 | D_OUT: 'dx | FULL: x | EMPTY: x
# UVM_INFO fifo_outmonitor.sv(44) @ 90850: uvm_test_top.env.out_agent.mon [uvm_test_top.env.out_agent.mon] READ TX Captured:
# WR_CS: x | WR_EN: x | RD_CS: 1 | RD_EN: 1 | D_IN: 'dx | D_OUT: 'd111 | FULL: x | EMPTY: 0
# UVM_INFO fifo_scoreboard.sv(44) @ 90850: uvm_test_top.env.scb [SCBD_PASS] PASS! Expected: 'd111 | Actual: 'd111
# UVM_INFO fifo_driver.sv(44) @ 90950: uvm_test_top.env.in_agent.drv [DRV] WR_CS: 0 | WR_EN: 0 | RD_CS: 1 | RD_EN: 1 | D_IN: 'd27 | D_OUT: 'dx | FULL: x | EMPTY: x
# UVM_INFO fifo_outmonitor.sv(44) @ 91050: uvm_test_top.env.out_agent.mon [uvm_test_top.env.out_agent.mon] READ TX Captured:
# WR_CS: x | WR_EN: x | RD_CS: 1 | RD_EN: 1 | D_IN: 'dx | D_OUT: 'd139 | FULL: x | EMPTY: 0
# UVM_INFO fifo_scoreboard.sv(44) @ 91050: uvm_test_top.env.scb [SCBD_PASS] PASS! Expected: 'd139 | Actual: 'd139
# UVM_INFO fifo_driver.sv(44) @ 91150: uvm_test_top.env.in_agent.drv [DRV] WR_CS: 0 | WR_EN: 0 | RD_CS: 1 | RD_EN: 1 | D_IN: 'd19 | D_OUT: 'dx | FULL: x | EMPTY: x
# UVM_INFO fifo_outmonitor.sv(44) @ 91250: uvm_test_top.env.out_agent.mon [uvm_test_top.env.out_agent.mon] READ TX Captured:
# WR_CS: x | WR_EN: x | RD_CS: 1 | RD_EN: 1 | D_IN: 'dx | D_OUT: 'd134 | FULL: x | EMPTY: 0
# UVM_INFO fifo_scoreboard.sv(44) @ 91250: uvm_test_top.env.scb [SCBD_PASS] PASS! Expected: 'd134 | Actual: 'd134
# UVM_INFO fifo_driver.sv(44) @ 91350: uvm_test_top.env.in_agent.drv [DRV] WR_CS: 0 | WR_EN: 0 | RD_CS: 1 | RD_EN: 1 | D_IN: 'd202 | D_OUT: 'dx | FULL: x | EMPTY: x
# UVM_INFO fifo_outmonitor.sv(44) @ 91450: uvm_test_top.env.out_agent.mon [uvm_test_top.env.out_agent.mon] READ TX Captured:
# WR_CS: x | WR_EN: x | RD_CS: 1 | RD_EN: 1 | D_IN: 'dx | D_OUT: 'd98 | FULL: x | EMPTY: 0
# UVM_INFO fifo_scoreboard.sv(44) @ 91450: uvm_test_top.env.scb [SCBD_PASS] PASS! Expected: 'd98 | Actual: 'd98
# UVM_INFO fifo_driver.sv(44) @ 91550: uvm_test_top.env.in_agent.drv [DRV] WR_CS: 0 | WR_EN: 0 | RD_CS: 1 | RD_EN: 1 | D_IN: 'd216 | D_OUT: 'dx | FULL: x | EMPTY: x
# UVM_INFO fifo_outmonitor.sv(44) @ 91650: uvm_test_top.env.out_agent.mon [uvm_test_top.env.out_agent.mon] READ TX Captured:
# WR_CS: x | WR_EN: x | RD_CS: 1 | RD_EN: 1 | D_IN: 'dx | D_OUT: 'd168 | FULL: x | EMPTY: 0
# UVM_INFO fifo_scoreboard.sv(44) @ 91650: uvm_test_top.env.scb [SCBD_PASS] PASS! Expected: 'd168 | Actual: 'd168
# UVM_INFO fifo_driver.sv(44) @ 91750: uvm_test_top.env.in_agent.drv [DRV] WR_CS: 0 | WR_EN: 0 | RD_CS: 1 | RD_EN: 1 | D_IN: 'd179 | D_OUT: 'dx | FULL: x | EMPTY: x
# UVM_INFO fifo_outmonitor.sv(44) @ 91850: uvm_test_top.env.out_agent.mon [uvm_test_top.env.out_agent.mon] READ TX Captured:
# WR_CS: x | WR_EN: x | RD_CS: 1 | RD_EN: 1 | D_IN: 'dx | D_OUT: 'd72 | FULL: x | EMPTY: 0
# UVM_INFO fifo_scoreboard.sv(44) @ 91850: uvm_test_top.env.scb [SCBD_PASS] PASS! Expected: 'd72 | Actual: 'd72
# UVM_INFO fifo_driver.sv(44) @ 91950: uvm_test_top.env.in_agent.drv [DRV] WR_CS: 0 | WR_EN: 0 | RD_CS: 1 | RD_EN: 1 | D_IN: 'd21 | D_OUT: 'dx | FULL: x | EMPTY: x
# UVM_INFO fifo_outmonitor.sv(44) @ 92050: uvm_test_top.env.out_agent.mon [uvm_test_top.env.out_agent.mon] READ TX Captured:
# WR_CS: x | WR_EN: x | RD_CS: 1 | RD_EN: 1 | D_IN: 'dx | D_OUT: 'd237 | FULL: x | EMPTY: 0
# UVM_INFO fifo_scoreboard.sv(44) @ 92050: uvm_test_top.env.scb [SCBD_PASS] PASS! Expected: 'd237 | Actual: 'd237
# UVM_INFO fifo_driver.sv(44) @ 92150: uvm_test_top.env.in_agent.drv [DRV] WR_CS: 0 | WR_EN: 0 | RD_CS: 1 | RD_EN: 1 | D_IN: 'd86 | D_OUT: 'dx | FULL: x | EMPTY: x
# UVM_INFO fifo_outmonitor.sv(44) @ 92250: uvm_test_top.env.out_agent.mon [uvm_test_top.env.out_agent.mon] READ TX Captured:
# WR_CS: x | WR_EN: x | RD_CS: 1 | RD_EN: 1 | D_IN: 'dx | D_OUT: 'd239 | FULL: x | EMPTY: 0
# UVM_INFO fifo_scoreboard.sv(44) @ 92250: uvm_test_top.env.scb [SCBD_PASS] PASS! Expected: 'd239 | Actual: 'd239
# UVM_INFO fifo_driver.sv(44) @ 92350: uvm_test_top.env.in_agent.drv [DRV] WR_CS: 0 | WR_EN: 0 | RD_CS: 1 | RD_EN: 1 | D_IN: 'd203 | D_OUT: 'dx | FULL: x | EMPTY: x
# UVM_INFO fifo_outmonitor.sv(44) @ 92450: uvm_test_top.env.out_agent.mon [uvm_test_top.env.out_agent.mon] READ TX Captured:
# WR_CS: x | WR_EN: x | RD_CS: 1 | RD_EN: 1 | D_IN: 'dx | D_OUT: 'd196 | FULL: x | EMPTY: 0
# UVM_INFO fifo_scoreboard.sv(44) @ 92450: uvm_test_top.env.scb [SCBD_PASS] PASS! Expected: 'd196 | Actual: 'd196
# UVM_INFO fifo_driver.sv(44) @ 92550: uvm_test_top.env.in_agent.drv [DRV] WR_CS: 0 | WR_EN: 0 | RD_CS: 1 | RD_EN: 1 | D_IN: 'd208 | D_OUT: 'dx | FULL: x | EMPTY: x
# UVM_INFO fifo_outmonitor.sv(44) @ 92650: uvm_test_top.env.out_agent.mon [uvm_test_top.env.out_agent.mon] READ TX Captured:
# WR_CS: x | WR_EN: x | RD_CS: 1 | RD_EN: 1 | D_IN: 'dx | D_OUT: 'd252 | FULL: x | EMPTY: 0
# UVM_INFO fifo_scoreboard.sv(44) @ 92650: uvm_test_top.env.scb [SCBD_PASS] PASS! Expected: 'd252 | Actual: 'd252
# UVM_INFO fifo_driver.sv(44) @ 92750: uvm_test_top.env.in_agent.drv [DRV] WR_CS: 0 | WR_EN: 0 | RD_CS: 1 | RD_EN: 1 | D_IN: 'd242 | D_OUT: 'dx | FULL: x | EMPTY: x
# UVM_INFO fifo_outmonitor.sv(44) @ 92850: uvm_test_top.env.out_agent.mon [uvm_test_top.env.out_agent.mon] READ TX Captured:
# WR_CS: x | WR_EN: x | RD_CS: 1 | RD_EN: 1 | D_IN: 'dx | D_OUT: 'd76 | FULL: x | EMPTY: 0
# UVM_INFO fifo_scoreboard.sv(44) @ 92850: uvm_test_top.env.scb [SCBD_PASS] PASS! Expected: 'd76 | Actual: 'd76
# UVM_INFO fifo_driver.sv(44) @ 92950: uvm_test_top.env.in_agent.drv [DRV] WR_CS: 0 | WR_EN: 0 | RD_CS: 1 | RD_EN: 1 | D_IN: 'd229 | D_OUT: 'dx | FULL: x | EMPTY: x
# UVM_INFO fifo_outmonitor.sv(44) @ 93050: uvm_test_top.env.out_agent.mon [uvm_test_top.env.out_agent.mon] READ TX Captured:
# WR_CS: x | WR_EN: x | RD_CS: 1 | RD_EN: 1 | D_IN: 'dx | D_OUT: 'd88 | FULL: x | EMPTY: 0
# UVM_INFO fifo_scoreboard.sv(44) @ 93050: uvm_test_top.env.scb [SCBD_PASS] PASS! Expected: 'd88 | Actual: 'd88
# UVM_INFO fifo_driver.sv(44) @ 93150: uvm_test_top.env.in_agent.drv [DRV] WR_CS: 0 | WR_EN: 0 | RD_CS: 1 | RD_EN: 1 | D_IN: 'd102 | D_OUT: 'dx | FULL: x | EMPTY: x
# UVM_INFO fifo_outmonitor.sv(44) @ 93250: uvm_test_top.env.out_agent.mon [uvm_test_top.env.out_agent.mon] READ TX Captured:
# WR_CS: x | WR_EN: x | RD_CS: 1 | RD_EN: 1 | D_IN: 'dx | D_OUT: 'd161 | FULL: x | EMPTY: 0
# UVM_INFO fifo_scoreboard.sv(44) @ 93250: uvm_test_top.env.scb [SCBD_PASS] PASS! Expected: 'd161 | Actual: 'd161
# UVM_INFO fifo_driver.sv(44) @ 93350: uvm_test_top.env.in_agent.drv [DRV] WR_CS: 0 | WR_EN: 0 | RD_CS: 1 | RD_EN: 1 | D_IN: 'd136 | D_OUT: 'dx | FULL: x | EMPTY: x
# UVM_INFO fifo_outmonitor.sv(44) @ 93450: uvm_test_top.env.out_agent.mon [uvm_test_top.env.out_agent.mon] READ TX Captured:
# WR_CS: x | WR_EN: x | RD_CS: 1 | RD_EN: 1 | D_IN: 'dx | D_OUT: 'd37 | FULL: x | EMPTY: 0
# UVM_INFO fifo_scoreboard.sv(44) @ 93450: uvm_test_top.env.scb [SCBD_PASS] PASS! Expected: 'd37 | Actual: 'd37
# UVM_INFO fifo_driver.sv(44) @ 93550: uvm_test_top.env.in_agent.drv [DRV] WR_CS: 0 | WR_EN: 0 | RD_CS: 1 | RD_EN: 1 | D_IN: 'd221 | D_OUT: 'dx | FULL: x | EMPTY: x
# UVM_INFO fifo_outmonitor.sv(44) @ 93650: uvm_test_top.env.out_agent.mon [uvm_test_top.env.out_agent.mon] READ TX Captured:
# WR_CS: x | WR_EN: x | RD_CS: 1 | RD_EN: 1 | D_IN: 'dx | D_OUT: 'd101 | FULL: x | EMPTY: 0
# UVM_INFO fifo_scoreboard.sv(44) @ 93650: uvm_test_top.env.scb [SCBD_PASS] PASS! Expected: 'd101 | Actual: 'd101
# UVM_INFO fifo_driver.sv(44) @ 93750: uvm_test_top.env.in_agent.drv [DRV] WR_CS: 0 | WR_EN: 0 | RD_CS: 1 | RD_EN: 1 | D_IN: 'd26 | D_OUT: 'dx | FULL: x | EMPTY: x
# UVM_INFO fifo_outmonitor.sv(44) @ 93850: uvm_test_top.env.out_agent.mon [uvm_test_top.env.out_agent.mon] READ TX Captured:
# WR_CS: x | WR_EN: x | RD_CS: 1 | RD_EN: 1 | D_IN: 'dx | D_OUT: 'd237 | FULL: x | EMPTY: 0
# UVM_INFO fifo_scoreboard.sv(44) @ 93850: uvm_test_top.env.scb [SCBD_PASS] PASS! Expected: 'd237 | Actual: 'd237
# UVM_INFO fifo_driver.sv(44) @ 93950: uvm_test_top.env.in_agent.drv [DRV] WR_CS: 0 | WR_EN: 0 | RD_CS: 1 | RD_EN: 1 | D_IN: 'd147 | D_OUT: 'dx | FULL: x | EMPTY: x
# UVM_INFO fifo_outmonitor.sv(44) @ 94050: uvm_test_top.env.out_agent.mon [uvm_test_top.env.out_agent.mon] READ TX Captured:
# WR_CS: x | WR_EN: x | RD_CS: 1 | RD_EN: 1 | D_IN: 'dx | D_OUT: 'd85 | FULL: x | EMPTY: 0
# UVM_INFO fifo_scoreboard.sv(44) @ 94050: uvm_test_top.env.scb [SCBD_PASS] PASS! Expected: 'd85 | Actual: 'd85
# UVM_INFO fifo_driver.sv(44) @ 94150: uvm_test_top.env.in_agent.drv [DRV] WR_CS: 0 | WR_EN: 0 | RD_CS: 1 | RD_EN: 1 | D_IN: 'd235 | D_OUT: 'dx | FULL: x | EMPTY: x
# UVM_INFO fifo_outmonitor.sv(44) @ 94250: uvm_test_top.env.out_agent.mon [uvm_test_top.env.out_agent.mon] READ TX Captured:
# WR_CS: x | WR_EN: x | RD_CS: 1 | RD_EN: 1 | D_IN: 'dx | D_OUT: 'd108 | FULL: x | EMPTY: 0
# UVM_INFO fifo_scoreboard.sv(44) @ 94250: uvm_test_top.env.scb [SCBD_PASS] PASS! Expected: 'd108 | Actual: 'd108
# UVM_INFO fifo_driver.sv(44) @ 94350: uvm_test_top.env.in_agent.drv [DRV] WR_CS: 0 | WR_EN: 0 | RD_CS: 1 | RD_EN: 1 | D_IN: 'd88 | D_OUT: 'dx | FULL: x | EMPTY: x
# UVM_INFO fifo_outmonitor.sv(44) @ 94450: uvm_test_top.env.out_agent.mon [uvm_test_top.env.out_agent.mon] READ TX Captured:
# WR_CS: x | WR_EN: x | RD_CS: 1 | RD_EN: 1 | D_IN: 'dx | D_OUT: 'd88 | FULL: x | EMPTY: 0
# UVM_INFO fifo_scoreboard.sv(44) @ 94450: uvm_test_top.env.scb [SCBD_PASS] PASS! Expected: 'd88 | Actual: 'd88
# UVM_INFO fifo_driver.sv(44) @ 94550: uvm_test_top.env.in_agent.drv [DRV] WR_CS: 0 | WR_EN: 0 | RD_CS: 1 | RD_EN: 1 | D_IN: 'd16 | D_OUT: 'dx | FULL: x | EMPTY: x
# UVM_INFO fifo_outmonitor.sv(44) @ 94650: uvm_test_top.env.out_agent.mon [uvm_test_top.env.out_agent.mon] READ TX Captured:
# WR_CS: x | WR_EN: x | RD_CS: 1 | RD_EN: 1 | D_IN: 'dx | D_OUT: 'd34 | FULL: x | EMPTY: 0
# UVM_INFO fifo_scoreboard.sv(44) @ 94650: uvm_test_top.env.scb [SCBD_PASS] PASS! Expected: 'd34 | Actual: 'd34
# UVM_INFO fifo_driver.sv(44) @ 94750: uvm_test_top.env.in_agent.drv [DRV] WR_CS: 0 | WR_EN: 0 | RD_CS: 1 | RD_EN: 1 | D_IN: 'd156 | D_OUT: 'dx | FULL: x | EMPTY: x
# UVM_INFO fifo_outmonitor.sv(44) @ 94850: uvm_test_top.env.out_agent.mon [uvm_test_top.env.out_agent.mon] READ TX Captured:
# WR_CS: x | WR_EN: x | RD_CS: 1 | RD_EN: 1 | D_IN: 'dx | D_OUT: 'd215 | FULL: x | EMPTY: 0
# UVM_INFO fifo_scoreboard.sv(44) @ 94850: uvm_test_top.env.scb [SCBD_PASS] PASS! Expected: 'd215 | Actual: 'd215
# UVM_INFO fifo_driver.sv(44) @ 94950: uvm_test_top.env.in_agent.drv [DRV] WR_CS: 0 | WR_EN: 0 | RD_CS: 1 | RD_EN: 1 | D_IN: 'd171 | D_OUT: 'dx | FULL: x | EMPTY: x
# UVM_INFO fifo_outmonitor.sv(44) @ 95050: uvm_test_top.env.out_agent.mon [uvm_test_top.env.out_agent.mon] READ TX Captured:
# WR_CS: x | WR_EN: x | RD_CS: 1 | RD_EN: 1 | D_IN: 'dx | D_OUT: 'd21 | FULL: x | EMPTY: 0
# UVM_INFO fifo_scoreboard.sv(44) @ 95050: uvm_test_top.env.scb [SCBD_PASS] PASS! Expected: 'd21 | Actual: 'd21
# UVM_INFO fifo_driver.sv(44) @ 95150: uvm_test_top.env.in_agent.drv [DRV] WR_CS: 0 | WR_EN: 0 | RD_CS: 1 | RD_EN: 1 | D_IN: 'd49 | D_OUT: 'dx | FULL: x | EMPTY: x
# UVM_INFO fifo_outmonitor.sv(44) @ 95250: uvm_test_top.env.out_agent.mon [uvm_test_top.env.out_agent.mon] READ TX Captured:
# WR_CS: x | WR_EN: x | RD_CS: 1 | RD_EN: 1 | D_IN: 'dx | D_OUT: 'd240 | FULL: x | EMPTY: 0
# UVM_INFO fifo_scoreboard.sv(44) @ 95250: uvm_test_top.env.scb [SCBD_PASS] PASS! Expected: 'd240 | Actual: 'd240
# UVM_INFO fifo_driver.sv(44) @ 95350: uvm_test_top.env.in_agent.drv [DRV] WR_CS: 0 | WR_EN: 0 | RD_CS: 1 | RD_EN: 1 | D_IN: 'd91 | D_OUT: 'dx | FULL: x | EMPTY: x
# UVM_INFO fifo_outmonitor.sv(44) @ 95450: uvm_test_top.env.out_agent.mon [uvm_test_top.env.out_agent.mon] READ TX Captured:
# WR_CS: x | WR_EN: x | RD_CS: 1 | RD_EN: 1 | D_IN: 'dx | D_OUT: 'd226 | FULL: x | EMPTY: 0
# UVM_INFO fifo_scoreboard.sv(44) @ 95450: uvm_test_top.env.scb [SCBD_PASS] PASS! Expected: 'd226 | Actual: 'd226
# UVM_INFO fifo_driver.sv(44) @ 95550: uvm_test_top.env.in_agent.drv [DRV] WR_CS: 0 | WR_EN: 0 | RD_CS: 1 | RD_EN: 1 | D_IN: 'd247 | D_OUT: 'dx | FULL: x | EMPTY: x
# UVM_INFO fifo_outmonitor.sv(44) @ 95650: uvm_test_top.env.out_agent.mon [uvm_test_top.env.out_agent.mon] READ TX Captured:
# WR_CS: x | WR_EN: x | RD_CS: 1 | RD_EN: 1 | D_IN: 'dx | D_OUT: 'd246 | FULL: x | EMPTY: 0
# UVM_INFO fifo_scoreboard.sv(44) @ 95650: uvm_test_top.env.scb [SCBD_PASS] PASS! Expected: 'd246 | Actual: 'd246
# UVM_INFO fifo_driver.sv(44) @ 95750: uvm_test_top.env.in_agent.drv [DRV] WR_CS: 0 | WR_EN: 0 | RD_CS: 1 | RD_EN: 1 | D_IN: 'd115 | D_OUT: 'dx | FULL: x | EMPTY: x
# UVM_INFO fifo_outmonitor.sv(44) @ 95850: uvm_test_top.env.out_agent.mon [uvm_test_top.env.out_agent.mon] READ TX Captured:
# WR_CS: x | WR_EN: x | RD_CS: 1 | RD_EN: 1 | D_IN: 'dx | D_OUT: 'd33 | FULL: x | EMPTY: 0
# UVM_INFO fifo_scoreboard.sv(44) @ 95850: uvm_test_top.env.scb [SCBD_PASS] PASS! Expected: 'd33 | Actual: 'd33
# UVM_INFO fifo_driver.sv(44) @ 95950: uvm_test_top.env.in_agent.drv [DRV] WR_CS: 0 | WR_EN: 0 | RD_CS: 1 | RD_EN: 1 | D_IN: 'd86 | D_OUT: 'dx | FULL: x | EMPTY: x
# UVM_INFO fifo_outmonitor.sv(44) @ 96050: uvm_test_top.env.out_agent.mon [uvm_test_top.env.out_agent.mon] READ TX Captured:
# WR_CS: x | WR_EN: x | RD_CS: 1 | RD_EN: 1 | D_IN: 'dx | D_OUT: 'd209 | FULL: x | EMPTY: 0
# UVM_INFO fifo_scoreboard.sv(44) @ 96050: uvm_test_top.env.scb [SCBD_PASS] PASS! Expected: 'd209 | Actual: 'd209
# UVM_INFO fifo_driver.sv(44) @ 96150: uvm_test_top.env.in_agent.drv [DRV] WR_CS: 0 | WR_EN: 0 | RD_CS: 1 | RD_EN: 1 | D_IN: 'd111 | D_OUT: 'dx | FULL: x | EMPTY: x
# UVM_INFO fifo_outmonitor.sv(44) @ 96250: uvm_test_top.env.out_agent.mon [uvm_test_top.env.out_agent.mon] READ TX Captured:
# WR_CS: x | WR_EN: x | RD_CS: 1 | RD_EN: 1 | D_IN: 'dx | D_OUT: 'd63 | FULL: x | EMPTY: 0
# UVM_INFO fifo_scoreboard.sv(44) @ 96250: uvm_test_top.env.scb [SCBD_PASS] PASS! Expected: 'd63 | Actual: 'd63
# UVM_INFO fifo_driver.sv(44) @ 96350: uvm_test_top.env.in_agent.drv [DRV] WR_CS: 0 | WR_EN: 0 | RD_CS: 1 | RD_EN: 1 | D_IN: 'd9 | D_OUT: 'dx | FULL: x | EMPTY: x
# UVM_INFO fifo_outmonitor.sv(44) @ 96450: uvm_test_top.env.out_agent.mon [uvm_test_top.env.out_agent.mon] READ TX Captured:
# WR_CS: x | WR_EN: x | RD_CS: 1 | RD_EN: 1 | D_IN: 'dx | D_OUT: 'd15 | FULL: x | EMPTY: 0
# UVM_INFO fifo_scoreboard.sv(44) @ 96450: uvm_test_top.env.scb [SCBD_PASS] PASS! Expected: 'd15 | Actual: 'd15
# UVM_INFO fifo_driver.sv(44) @ 96550: uvm_test_top.env.in_agent.drv [DRV] WR_CS: 0 | WR_EN: 0 | RD_CS: 1 | RD_EN: 1 | D_IN: 'd93 | D_OUT: 'dx | FULL: x | EMPTY: x
# UVM_INFO fifo_outmonitor.sv(44) @ 96650: uvm_test_top.env.out_agent.mon [uvm_test_top.env.out_agent.mon] READ TX Captured:
# WR_CS: x | WR_EN: x | RD_CS: 1 | RD_EN: 1 | D_IN: 'dx | D_OUT: 'd248 | FULL: x | EMPTY: 0
# UVM_INFO fifo_scoreboard.sv(44) @ 96650: uvm_test_top.env.scb [SCBD_PASS] PASS! Expected: 'd248 | Actual: 'd248
# UVM_INFO fifo_driver.sv(44) @ 96750: uvm_test_top.env.in_agent.drv [DRV] WR_CS: 0 | WR_EN: 0 | RD_CS: 1 | RD_EN: 1 | D_IN: 'd219 | D_OUT: 'dx | FULL: x | EMPTY: x
# UVM_INFO fifo_outmonitor.sv(44) @ 96850: uvm_test_top.env.out_agent.mon [uvm_test_top.env.out_agent.mon] READ TX Captured:
# WR_CS: x | WR_EN: x | RD_CS: 1 | RD_EN: 1 | D_IN: 'dx | D_OUT: 'd74 | FULL: x | EMPTY: 0
# UVM_INFO fifo_scoreboard.sv(44) @ 96850: uvm_test_top.env.scb [SCBD_PASS] PASS! Expected: 'd74 | Actual: 'd74
# UVM_INFO fifo_driver.sv(44) @ 96950: uvm_test_top.env.in_agent.drv [DRV] WR_CS: 0 | WR_EN: 0 | RD_CS: 1 | RD_EN: 1 | D_IN: 'd207 | D_OUT: 'dx | FULL: x | EMPTY: x
# UVM_INFO fifo_outmonitor.sv(44) @ 97050: uvm_test_top.env.out_agent.mon [uvm_test_top.env.out_agent.mon] READ TX Captured:
# WR_CS: x | WR_EN: x | RD_CS: 1 | RD_EN: 1 | D_IN: 'dx | D_OUT: 'd76 | FULL: x | EMPTY: 0
# UVM_INFO fifo_scoreboard.sv(44) @ 97050: uvm_test_top.env.scb [SCBD_PASS] PASS! Expected: 'd76 | Actual: 'd76
# UVM_INFO fifo_driver.sv(44) @ 97150: uvm_test_top.env.in_agent.drv [DRV] WR_CS: 0 | WR_EN: 0 | RD_CS: 1 | RD_EN: 1 | D_IN: 'd25 | D_OUT: 'dx | FULL: x | EMPTY: x
# UVM_INFO fifo_outmonitor.sv(44) @ 97250: uvm_test_top.env.out_agent.mon [uvm_test_top.env.out_agent.mon] READ TX Captured:
# WR_CS: x | WR_EN: x | RD_CS: 1 | RD_EN: 1 | D_IN: 'dx | D_OUT: 'd51 | FULL: x | EMPTY: 0
# UVM_INFO fifo_scoreboard.sv(44) @ 97250: uvm_test_top.env.scb [SCBD_PASS] PASS! Expected: 'd51 | Actual: 'd51
# UVM_INFO fifo_driver.sv(44) @ 97350: uvm_test_top.env.in_agent.drv [DRV] WR_CS: 0 | WR_EN: 0 | RD_CS: 1 | RD_EN: 1 | D_IN: 'd42 | D_OUT: 'dx | FULL: x | EMPTY: x
# UVM_INFO fifo_outmonitor.sv(44) @ 97450: uvm_test_top.env.out_agent.mon [uvm_test_top.env.out_agent.mon] READ TX Captured:
# WR_CS: x | WR_EN: x | RD_CS: 1 | RD_EN: 1 | D_IN: 'dx | D_OUT: 'd72 | FULL: x | EMPTY: 0
# UVM_INFO fifo_scoreboard.sv(44) @ 97450: uvm_test_top.env.scb [SCBD_PASS] PASS! Expected: 'd72 | Actual: 'd72
# UVM_INFO fifo_driver.sv(44) @ 97550: uvm_test_top.env.in_agent.drv [DRV] WR_CS: 0 | WR_EN: 0 | RD_CS: 1 | RD_EN: 1 | D_IN: 'd209 | D_OUT: 'dx | FULL: x | EMPTY: x
# UVM_INFO fifo_outmonitor.sv(44) @ 97650: uvm_test_top.env.out_agent.mon [uvm_test_top.env.out_agent.mon] READ TX Captured:
# WR_CS: x | WR_EN: x | RD_CS: 1 | RD_EN: 1 | D_IN: 'dx | D_OUT: 'd26 | FULL: x | EMPTY: 0
# UVM_INFO fifo_scoreboard.sv(44) @ 97650: uvm_test_top.env.scb [SCBD_PASS] PASS! Expected: 'd26 | Actual: 'd26
# UVM_INFO fifo_driver.sv(44) @ 97750: uvm_test_top.env.in_agent.drv [DRV] WR_CS: 0 | WR_EN: 0 | RD_CS: 1 | RD_EN: 1 | D_IN: 'd168 | D_OUT: 'dx | FULL: x | EMPTY: x
# UVM_INFO fifo_outmonitor.sv(44) @ 97850: uvm_test_top.env.out_agent.mon [uvm_test_top.env.out_agent.mon] READ TX Captured:
# WR_CS: x | WR_EN: x | RD_CS: 1 | RD_EN: 1 | D_IN: 'dx | D_OUT: 'd107 | FULL: x | EMPTY: 0
# UVM_INFO fifo_scoreboard.sv(44) @ 97850: uvm_test_top.env.scb [SCBD_PASS] PASS! Expected: 'd107 | Actual: 'd107
# UVM_INFO fifo_driver.sv(44) @ 97950: uvm_test_top.env.in_agent.drv [DRV] WR_CS: 0 | WR_EN: 0 | RD_CS: 1 | RD_EN: 1 | D_IN: 'd213 | D_OUT: 'dx | FULL: x | EMPTY: x
# UVM_INFO fifo_outmonitor.sv(44) @ 98050: uvm_test_top.env.out_agent.mon [uvm_test_top.env.out_agent.mon] READ TX Captured:
# WR_CS: x | WR_EN: x | RD_CS: 1 | RD_EN: 1 | D_IN: 'dx | D_OUT: 'd140 | FULL: x | EMPTY: 0
# UVM_INFO fifo_scoreboard.sv(44) @ 98050: uvm_test_top.env.scb [SCBD_PASS] PASS! Expected: 'd140 | Actual: 'd140
# UVM_INFO fifo_driver.sv(44) @ 98150: uvm_test_top.env.in_agent.drv [DRV] WR_CS: 0 | WR_EN: 0 | RD_CS: 1 | RD_EN: 1 | D_IN: 'd5 | D_OUT: 'dx | FULL: x | EMPTY: x
# UVM_INFO fifo_outmonitor.sv(44) @ 98250: uvm_test_top.env.out_agent.mon [uvm_test_top.env.out_agent.mon] READ TX Captured:
# WR_CS: x | WR_EN: x | RD_CS: 1 | RD_EN: 1 | D_IN: 'dx | D_OUT: 'd105 | FULL: x | EMPTY: 0
# UVM_INFO fifo_scoreboard.sv(44) @ 98250: uvm_test_top.env.scb [SCBD_PASS] PASS! Expected: 'd105 | Actual: 'd105
# UVM_INFO fifo_driver.sv(44) @ 98350: uvm_test_top.env.in_agent.drv [DRV] WR_CS: 0 | WR_EN: 0 | RD_CS: 1 | RD_EN: 1 | D_IN: 'd166 | D_OUT: 'dx | FULL: x | EMPTY: x
# UVM_INFO fifo_outmonitor.sv(44) @ 98450: uvm_test_top.env.out_agent.mon [uvm_test_top.env.out_agent.mon] READ TX Captured:
# WR_CS: x | WR_EN: x | RD_CS: 1 | RD_EN: 1 | D_IN: 'dx | D_OUT: 'd129 | FULL: x | EMPTY: 0
# UVM_INFO fifo_scoreboard.sv(44) @ 98450: uvm_test_top.env.scb [SCBD_PASS] PASS! Expected: 'd129 | Actual: 'd129
# UVM_INFO fifo_driver.sv(44) @ 98550: uvm_test_top.env.in_agent.drv [DRV] WR_CS: 0 | WR_EN: 0 | RD_CS: 1 | RD_EN: 1 | D_IN: 'd213 | D_OUT: 'dx | FULL: x | EMPTY: x
# UVM_INFO fifo_outmonitor.sv(44) @ 98650: uvm_test_top.env.out_agent.mon [uvm_test_top.env.out_agent.mon] READ TX Captured:
# WR_CS: x | WR_EN: x | RD_CS: 1 | RD_EN: 1 | D_IN: 'dx | D_OUT: 'd21 | FULL: x | EMPTY: 0
# UVM_INFO fifo_scoreboard.sv(44) @ 98650: uvm_test_top.env.scb [SCBD_PASS] PASS! Expected: 'd21 | Actual: 'd21
# UVM_INFO fifo_driver.sv(44) @ 98750: uvm_test_top.env.in_agent.drv [DRV] WR_CS: 0 | WR_EN: 0 | RD_CS: 1 | RD_EN: 1 | D_IN: 'd164 | D_OUT: 'dx | FULL: x | EMPTY: x
# UVM_INFO fifo_outmonitor.sv(44) @ 98850: uvm_test_top.env.out_agent.mon [uvm_test_top.env.out_agent.mon] READ TX Captured:
# WR_CS: x | WR_EN: x | RD_CS: 1 | RD_EN: 1 | D_IN: 'dx | D_OUT: 'd185 | FULL: x | EMPTY: 0
# UVM_INFO fifo_scoreboard.sv(44) @ 98850: uvm_test_top.env.scb [SCBD_PASS] PASS! Expected: 'd185 | Actual: 'd185
# UVM_INFO fifo_driver.sv(44) @ 98950: uvm_test_top.env.in_agent.drv [DRV] WR_CS: 0 | WR_EN: 0 | RD_CS: 1 | RD_EN: 1 | D_IN: 'd52 | D_OUT: 'dx | FULL: x | EMPTY: x
# UVM_INFO fifo_outmonitor.sv(44) @ 99050: uvm_test_top.env.out_agent.mon [uvm_test_top.env.out_agent.mon] READ TX Captured:
# WR_CS: x | WR_EN: x | RD_CS: 1 | RD_EN: 1 | D_IN: 'dx | D_OUT: 'd192 | FULL: x | EMPTY: 0
# UVM_INFO fifo_scoreboard.sv(44) @ 99050: uvm_test_top.env.scb [SCBD_PASS] PASS! Expected: 'd192 | Actual: 'd192
# UVM_INFO fifo_driver.sv(44) @ 99150: uvm_test_top.env.in_agent.drv [DRV] WR_CS: 0 | WR_EN: 0 | RD_CS: 1 | RD_EN: 1 | D_IN: 'd253 | D_OUT: 'dx | FULL: x | EMPTY: x
# UVM_INFO fifo_outmonitor.sv(44) @ 99250: uvm_test_top.env.out_agent.mon [uvm_test_top.env.out_agent.mon] READ TX Captured:
# WR_CS: x | WR_EN: x | RD_CS: 1 | RD_EN: 1 | D_IN: 'dx | D_OUT: 'd95 | FULL: x | EMPTY: 0
# UVM_INFO fifo_scoreboard.sv(44) @ 99250: uvm_test_top.env.scb [SCBD_PASS] PASS! Expected: 'd95 | Actual: 'd95
# UVM_INFO fifo_driver.sv(44) @ 99350: uvm_test_top.env.in_agent.drv [DRV] WR_CS: 0 | WR_EN: 0 | RD_CS: 1 | RD_EN: 1 | D_IN: 'd106 | D_OUT: 'dx | FULL: x | EMPTY: x
# UVM_INFO fifo_outmonitor.sv(44) @ 99450: uvm_test_top.env.out_agent.mon [uvm_test_top.env.out_agent.mon] READ TX Captured:
# WR_CS: x | WR_EN: x | RD_CS: 1 | RD_EN: 1 | D_IN: 'dx | D_OUT: 'd186 | FULL: x | EMPTY: 0
# UVM_INFO fifo_scoreboard.sv(44) @ 99450: uvm_test_top.env.scb [SCBD_PASS] PASS! Expected: 'd186 | Actual: 'd186
# UVM_INFO fifo_driver.sv(44) @ 99550: uvm_test_top.env.in_agent.drv [DRV] WR_CS: 0 | WR_EN: 0 | RD_CS: 1 | RD_EN: 1 | D_IN: 'd19 | D_OUT: 'dx | FULL: x | EMPTY: x
# UVM_INFO fifo_outmonitor.sv(44) @ 99650: uvm_test_top.env.out_agent.mon [uvm_test_top.env.out_agent.mon] READ TX Captured:
# WR_CS: x | WR_EN: x | RD_CS: 1 | RD_EN: 1 | D_IN: 'dx | D_OUT: 'd128 | FULL: x | EMPTY: 0
# UVM_INFO fifo_scoreboard.sv(44) @ 99650: uvm_test_top.env.scb [SCBD_PASS] PASS! Expected: 'd128 | Actual: 'd128
# UVM_INFO fifo_driver.sv(44) @ 99750: uvm_test_top.env.in_agent.drv [DRV] WR_CS: 0 | WR_EN: 0 | RD_CS: 1 | RD_EN: 1 | D_IN: 'd250 | D_OUT: 'dx | FULL: x | EMPTY: x
# UVM_INFO fifo_outmonitor.sv(44) @ 99850: uvm_test_top.env.out_agent.mon [uvm_test_top.env.out_agent.mon] READ TX Captured:
# WR_CS: x | WR_EN: x | RD_CS: 1 | RD_EN: 1 | D_IN: 'dx | D_OUT: 'd125 | FULL: x | EMPTY: 0
# UVM_INFO fifo_scoreboard.sv(44) @ 99850: uvm_test_top.env.scb [SCBD_PASS] PASS! Expected: 'd125 | Actual: 'd125
# UVM_INFO fifo_driver.sv(44) @ 99950: uvm_test_top.env.in_agent.drv [DRV] WR_CS: 0 | WR_EN: 0 | RD_CS: 1 | RD_EN: 1 | D_IN: 'd30 | D_OUT: 'dx | FULL: x | EMPTY: x
# UVM_INFO fifo_outmonitor.sv(44) @ 100050: uvm_test_top.env.out_agent.mon [uvm_test_top.env.out_agent.mon] READ TX Captured:
# WR_CS: x | WR_EN: x | RD_CS: 1 | RD_EN: 1 | D_IN: 'dx | D_OUT: 'd81 | FULL: x | EMPTY: 0
# UVM_INFO fifo_scoreboard.sv(44) @ 100050: uvm_test_top.env.scb [SCBD_PASS] PASS! Expected: 'd81 | Actual: 'd81
# UVM_INFO fifo_driver.sv(44) @ 100150: uvm_test_top.env.in_agent.drv [DRV] WR_CS: 0 | WR_EN: 0 | RD_CS: 1 | RD_EN: 1 | D_IN: 'd89 | D_OUT: 'dx | FULL: x | EMPTY: x
# UVM_INFO fifo_outmonitor.sv(44) @ 100250: uvm_test_top.env.out_agent.mon [uvm_test_top.env.out_agent.mon] READ TX Captured:
# WR_CS: x | WR_EN: x | RD_CS: 1 | RD_EN: 1 | D_IN: 'dx | D_OUT: 'd63 | FULL: x | EMPTY: 0
# UVM_INFO fifo_scoreboard.sv(44) @ 100250: uvm_test_top.env.scb [SCBD_PASS] PASS! Expected: 'd63 | Actual: 'd63
# UVM_INFO fifo_driver.sv(44) @ 100350: uvm_test_top.env.in_agent.drv [DRV] WR_CS: 0 | WR_EN: 0 | RD_CS: 1 | RD_EN: 1 | D_IN: 'd4 | D_OUT: 'dx | FULL: x | EMPTY: x
# UVM_INFO fifo_outmonitor.sv(44) @ 100450: uvm_test_top.env.out_agent.mon [uvm_test_top.env.out_agent.mon] READ TX Captured:
# WR_CS: x | WR_EN: x | RD_CS: 1 | RD_EN: 1 | D_IN: 'dx | D_OUT: 'd114 | FULL: x | EMPTY: 0
# UVM_INFO fifo_scoreboard.sv(44) @ 100450: uvm_test_top.env.scb [SCBD_PASS] PASS! Expected: 'd114 | Actual: 'd114
# UVM_INFO fifo_driver.sv(44) @ 100550: uvm_test_top.env.in_agent.drv [DRV] WR_CS: 0 | WR_EN: 0 | RD_CS: 1 | RD_EN: 1 | D_IN: 'd62 | D_OUT: 'dx | FULL: x | EMPTY: x
# UVM_INFO fifo_outmonitor.sv(44) @ 100650: uvm_test_top.env.out_agent.mon [uvm_test_top.env.out_agent.mon] READ TX Captured:
# WR_CS: x | WR_EN: x | RD_CS: 1 | RD_EN: 1 | D_IN: 'dx | D_OUT: 'd60 | FULL: x | EMPTY: 0
# UVM_INFO fifo_scoreboard.sv(44) @ 100650: uvm_test_top.env.scb [SCBD_PASS] PASS! Expected: 'd60 | Actual: 'd60
# UVM_INFO fifo_driver.sv(44) @ 100750: uvm_test_top.env.in_agent.drv [DRV] WR_CS: 0 | WR_EN: 0 | RD_CS: 1 | RD_EN: 1 | D_IN: 'd75 | D_OUT: 'dx | FULL: x | EMPTY: x
# UVM_INFO fifo_outmonitor.sv(44) @ 100850: uvm_test_top.env.out_agent.mon [uvm_test_top.env.out_agent.mon] READ TX Captured:
# WR_CS: x | WR_EN: x | RD_CS: 1 | RD_EN: 1 | D_IN: 'dx | D_OUT: 'd192 | FULL: x | EMPTY: 0
# UVM_INFO fifo_scoreboard.sv(44) @ 100850: uvm_test_top.env.scb [SCBD_PASS] PASS! Expected: 'd192 | Actual: 'd192
# UVM_INFO fifo_driver.sv(44) @ 100950: uvm_test_top.env.in_agent.drv [DRV] WR_CS: 0 | WR_EN: 0 | RD_CS: 1 | RD_EN: 1 | D_IN: 'd165 | D_OUT: 'dx | FULL: x | EMPTY: x
# UVM_INFO fifo_outmonitor.sv(44) @ 101050: uvm_test_top.env.out_agent.mon [uvm_test_top.env.out_agent.mon] READ TX Captured:
# WR_CS: x | WR_EN: x | RD_CS: 1 | RD_EN: 1 | D_IN: 'dx | D_OUT: 'd100 | FULL: x | EMPTY: 0
# UVM_INFO fifo_scoreboard.sv(44) @ 101050: uvm_test_top.env.scb [SCBD_PASS] PASS! Expected: 'd100 | Actual: 'd100
# UVM_INFO fifo_driver.sv(44) @ 101150: uvm_test_top.env.in_agent.drv [DRV] WR_CS: 0 | WR_EN: 0 | RD_CS: 1 | RD_EN: 1 | D_IN: 'd212 | D_OUT: 'dx | FULL: x | EMPTY: x
# UVM_INFO fifo_outmonitor.sv(44) @ 101250: uvm_test_top.env.out_agent.mon [uvm_test_top.env.out_agent.mon] READ TX Captured:
# WR_CS: x | WR_EN: x | RD_CS: 1 | RD_EN: 1 | D_IN: 'dx | D_OUT: 'd209 | FULL: x | EMPTY: 0
# UVM_INFO fifo_scoreboard.sv(44) @ 101250: uvm_test_top.env.scb [SCBD_PASS] PASS! Expected: 'd209 | Actual: 'd209
# UVM_INFO fifo_driver.sv(44) @ 101350: uvm_test_top.env.in_agent.drv [DRV] WR_CS: 0 | WR_EN: 0 | RD_CS: 1 | RD_EN: 1 | D_IN: 'd6 | D_OUT: 'dx | FULL: x | EMPTY: x
# UVM_INFO fifo_outmonitor.sv(44) @ 101450: uvm_test_top.env.out_agent.mon [uvm_test_top.env.out_agent.mon] READ TX Captured:
# WR_CS: x | WR_EN: x | RD_CS: 1 | RD_EN: 1 | D_IN: 'dx | D_OUT: 'd106 | FULL: x | EMPTY: 0
# UVM_INFO fifo_scoreboard.sv(44) @ 101450: uvm_test_top.env.scb [SCBD_PASS] PASS! Expected: 'd106 | Actual: 'd106
# UVM_INFO fifo_driver.sv(44) @ 101550: uvm_test_top.env.in_agent.drv [DRV] WR_CS: 0 | WR_EN: 0 | RD_CS: 1 | RD_EN: 1 | D_IN: 'd176 | D_OUT: 'dx | FULL: x | EMPTY: x
# UVM_INFO fifo_outmonitor.sv(44) @ 101650: uvm_test_top.env.out_agent.mon [uvm_test_top.env.out_agent.mon] READ TX Captured:
# WR_CS: x | WR_EN: x | RD_CS: 1 | RD_EN: 1 | D_IN: 'dx | D_OUT: 'd209 | FULL: x | EMPTY: 0
# UVM_INFO fifo_scoreboard.sv(44) @ 101650: uvm_test_top.env.scb [SCBD_PASS] PASS! Expected: 'd209 | Actual: 'd209
# UVM_INFO fifo_driver.sv(44) @ 101750: uvm_test_top.env.in_agent.drv [DRV] WR_CS: 0 | WR_EN: 0 | RD_CS: 1 | RD_EN: 1 | D_IN: 'd3 | D_OUT: 'dx | FULL: x | EMPTY: x
# UVM_INFO fifo_outmonitor.sv(44) @ 101850: uvm_test_top.env.out_agent.mon [uvm_test_top.env.out_agent.mon] READ TX Captured:
# WR_CS: x | WR_EN: x | RD_CS: 1 | RD_EN: 1 | D_IN: 'dx | D_OUT: 'd207 | FULL: x | EMPTY: 0
# UVM_INFO fifo_scoreboard.sv(44) @ 101850: uvm_test_top.env.scb [SCBD_PASS] PASS! Expected: 'd207 | Actual: 'd207
# UVM_INFO fifo_driver.sv(44) @ 101950: uvm_test_top.env.in_agent.drv [DRV] WR_CS: 0 | WR_EN: 0 | RD_CS: 1 | RD_EN: 1 | D_IN: 'd206 | D_OUT: 'dx | FULL: x | EMPTY: x
# UVM_INFO fifo_outmonitor.sv(44) @ 102050: uvm_test_top.env.out_agent.mon [uvm_test_top.env.out_agent.mon] READ TX Captured:
# WR_CS: x | WR_EN: x | RD_CS: 1 | RD_EN: 1 | D_IN: 'dx | D_OUT: 'd179 | FULL: x | EMPTY: 0
# UVM_INFO fifo_scoreboard.sv(44) @ 102050: uvm_test_top.env.scb [SCBD_PASS] PASS! Expected: 'd179 | Actual: 'd179
# UVM_INFO fifo_driver.sv(44) @ 102150: uvm_test_top.env.in_agent.drv [DRV] WR_CS: 0 | WR_EN: 0 | RD_CS: 1 | RD_EN: 1 | D_IN: 'd142 | D_OUT: 'dx | FULL: x | EMPTY: x
# UVM_INFO fifo_outmonitor.sv(44) @ 102250: uvm_test_top.env.out_agent.mon [uvm_test_top.env.out_agent.mon] READ TX Captured:
# WR_CS: x | WR_EN: x | RD_CS: 1 | RD_EN: 1 | D_IN: 'dx | D_OUT: 'd127 | FULL: x | EMPTY: 0
# UVM_INFO fifo_scoreboard.sv(44) @ 102250: uvm_test_top.env.scb [SCBD_PASS] PASS! Expected: 'd127 | Actual: 'd127
# UVM_INFO fifo_driver.sv(44) @ 102350: uvm_test_top.env.in_agent.drv [DRV] WR_CS: 0 | WR_EN: 0 | RD_CS: 1 | RD_EN: 1 | D_IN: 'd126 | D_OUT: 'dx | FULL: x | EMPTY: x
# UVM_INFO fifo_outmonitor.sv(44) @ 102450: uvm_test_top.env.out_agent.mon [uvm_test_top.env.out_agent.mon] READ TX Captured:
# WR_CS: x | WR_EN: x | RD_CS: 1 | RD_EN: 1 | D_IN: 'dx | D_OUT: 'd164 | FULL: x | EMPTY: 0
# UVM_INFO fifo_scoreboard.sv(44) @ 102450: uvm_test_top.env.scb [SCBD_PASS] PASS! Expected: 'd164 | Actual: 'd164
# UVM_INFO fifo_driver.sv(44) @ 102550: uvm_test_top.env.in_agent.drv [DRV] WR_CS: 0 | WR_EN: 0 | RD_CS: 1 | RD_EN: 1 | D_IN: 'd201 | D_OUT: 'dx | FULL: x | EMPTY: x
# UVM_INFO fifo_outmonitor.sv(44) @ 102650: uvm_test_top.env.out_agent.mon [uvm_test_top.env.out_agent.mon] READ TX Captured:
# WR_CS: x | WR_EN: x | RD_CS: 1 | RD_EN: 1 | D_IN: 'dx | D_OUT: 'd161 | FULL: x | EMPTY: 0
# UVM_INFO fifo_scoreboard.sv(44) @ 102650: uvm_test_top.env.scb [SCBD_PASS] PASS! Expected: 'd161 | Actual: 'd161
# UVM_INFO fifo_driver.sv(44) @ 102750: uvm_test_top.env.in_agent.drv [DRV] WR_CS: 0 | WR_EN: 0 | RD_CS: 1 | RD_EN: 1 | D_IN: 'd135 | D_OUT: 'dx | FULL: x | EMPTY: x
# UVM_INFO fifo_outmonitor.sv(44) @ 102850: uvm_test_top.env.out_agent.mon [uvm_test_top.env.out_agent.mon] READ TX Captured:
# WR_CS: x | WR_EN: x | RD_CS: 1 | RD_EN: 1 | D_IN: 'dx | D_OUT: 'd200 | FULL: x | EMPTY: 0
# UVM_INFO fifo_scoreboard.sv(44) @ 102850: uvm_test_top.env.scb [SCBD_PASS] PASS! Expected: 'd200 | Actual: 'd200
# UVM_INFO fifo_driver.sv(44) @ 102950: uvm_test_top.env.in_agent.drv [DRV] WR_CS: 0 | WR_EN: 0 | RD_CS: 1 | RD_EN: 1 | D_IN: 'd116 | D_OUT: 'dx | FULL: x | EMPTY: x
# UVM_INFO fifo_outmonitor.sv(44) @ 103050: uvm_test_top.env.out_agent.mon [uvm_test_top.env.out_agent.mon] READ TX Captured:
# WR_CS: x | WR_EN: x | RD_CS: 1 | RD_EN: 1 | D_IN: 'dx | D_OUT: 'd5 | FULL: x | EMPTY: 0
# UVM_INFO fifo_scoreboard.sv(44) @ 103050: uvm_test_top.env.scb [SCBD_PASS] PASS! Expected: 'd5 | Actual: 'd5
# UVM_INFO fifo_driver.sv(44) @ 103150: uvm_test_top.env.in_agent.drv [DRV] WR_CS: 0 | WR_EN: 0 | RD_CS: 1 | RD_EN: 1 | D_IN: 'd173 | D_OUT: 'dx | FULL: x | EMPTY: x
# UVM_INFO fifo_outmonitor.sv(44) @ 103250: uvm_test_top.env.out_agent.mon [uvm_test_top.env.out_agent.mon] READ TX Captured:
# WR_CS: x | WR_EN: x | RD_CS: 1 | RD_EN: 1 | D_IN: 'dx | D_OUT: 'd68 | FULL: x | EMPTY: 0
# UVM_INFO fifo_scoreboard.sv(44) @ 103250: uvm_test_top.env.scb [SCBD_PASS] PASS! Expected: 'd68 | Actual: 'd68
# UVM_INFO fifo_driver.sv(44) @ 103350: uvm_test_top.env.in_agent.drv [DRV] WR_CS: 0 | WR_EN: 0 | RD_CS: 1 | RD_EN: 1 | D_IN: 'd228 | D_OUT: 'dx | FULL: x | EMPTY: x
# UVM_INFO fifo_outmonitor.sv(44) @ 103450: uvm_test_top.env.out_agent.mon [uvm_test_top.env.out_agent.mon] READ TX Captured:
# WR_CS: x | WR_EN: x | RD_CS: 1 | RD_EN: 1 | D_IN: 'dx | D_OUT: 'd108 | FULL: x | EMPTY: 0
# UVM_INFO fifo_scoreboard.sv(44) @ 103450: uvm_test_top.env.scb [SCBD_PASS] PASS! Expected: 'd108 | Actual: 'd108
# UVM_INFO fifo_driver.sv(44) @ 103550: uvm_test_top.env.in_agent.drv [DRV] WR_CS: 0 | WR_EN: 0 | RD_CS: 1 | RD_EN: 1 | D_IN: 'd222 | D_OUT: 'dx | FULL: x | EMPTY: x
# UVM_INFO fifo_outmonitor.sv(44) @ 103650: uvm_test_top.env.out_agent.mon [uvm_test_top.env.out_agent.mon] READ TX Captured:
# WR_CS: x | WR_EN: x | RD_CS: 1 | RD_EN: 1 | D_IN: 'dx | D_OUT: 'd220 | FULL: x | EMPTY: 0
# UVM_INFO fifo_scoreboard.sv(44) @ 103650: uvm_test_top.env.scb [SCBD_PASS] PASS! Expected: 'd220 | Actual: 'd220
# UVM_INFO fifo_driver.sv(44) @ 103750: uvm_test_top.env.in_agent.drv [DRV] WR_CS: 0 | WR_EN: 0 | RD_CS: 1 | RD_EN: 1 | D_IN: 'd206 | D_OUT: 'dx | FULL: x | EMPTY: x
# UVM_INFO fifo_outmonitor.sv(44) @ 103850: uvm_test_top.env.out_agent.mon [uvm_test_top.env.out_agent.mon] READ TX Captured:
# WR_CS: x | WR_EN: x | RD_CS: 1 | RD_EN: 1 | D_IN: 'dx | D_OUT: 'd223 | FULL: x | EMPTY: 0
# UVM_INFO fifo_scoreboard.sv(44) @ 103850: uvm_test_top.env.scb [SCBD_PASS] PASS! Expected: 'd223 | Actual: 'd223
# UVM_INFO fifo_driver.sv(44) @ 103950: uvm_test_top.env.in_agent.drv [DRV] WR_CS: 0 | WR_EN: 0 | RD_CS: 1 | RD_EN: 1 | D_IN: 'd213 | D_OUT: 'dx | FULL: x | EMPTY: x
# UVM_INFO fifo_outmonitor.sv(44) @ 104050: uvm_test_top.env.out_agent.mon [uvm_test_top.env.out_agent.mon] READ TX Captured:
# WR_CS: x | WR_EN: x | RD_CS: 1 | RD_EN: 1 | D_IN: 'dx | D_OUT: 'd134 | FULL: x | EMPTY: 0
# UVM_INFO fifo_scoreboard.sv(44) @ 104050: uvm_test_top.env.scb [SCBD_PASS] PASS! Expected: 'd134 | Actual: 'd134
# UVM_INFO fifo_driver.sv(44) @ 104150: uvm_test_top.env.in_agent.drv [DRV] WR_CS: 0 | WR_EN: 0 | RD_CS: 1 | RD_EN: 1 | D_IN: 'd124 | D_OUT: 'dx | FULL: x | EMPTY: x
# UVM_INFO fifo_outmonitor.sv(44) @ 104250: uvm_test_top.env.out_agent.mon [uvm_test_top.env.out_agent.mon] READ TX Captured:
# WR_CS: x | WR_EN: x | RD_CS: 1 | RD_EN: 1 | D_IN: 'dx | D_OUT: 'd240 | FULL: x | EMPTY: 0
# UVM_INFO fifo_scoreboard.sv(44) @ 104250: uvm_test_top.env.scb [SCBD_PASS] PASS! Expected: 'd240 | Actual: 'd240
# UVM_INFO fifo_driver.sv(44) @ 104350: uvm_test_top.env.in_agent.drv [DRV] WR_CS: 0 | WR_EN: 0 | RD_CS: 1 | RD_EN: 1 | D_IN: 'd233 | D_OUT: 'dx | FULL: x | EMPTY: x
# UVM_INFO fifo_outmonitor.sv(44) @ 104450: uvm_test_top.env.out_agent.mon [uvm_test_top.env.out_agent.mon] READ TX Captured:
# WR_CS: x | WR_EN: x | RD_CS: 1 | RD_EN: 1 | D_IN: 'dx | D_OUT: 'd39 | FULL: x | EMPTY: 0
# UVM_INFO fifo_scoreboard.sv(44) @ 104450: uvm_test_top.env.scb [SCBD_PASS] PASS! Expected: 'd39 | Actual: 'd39
# UVM_INFO fifo_driver.sv(44) @ 104550: uvm_test_top.env.in_agent.drv [DRV] WR_CS: 0 | WR_EN: 0 | RD_CS: 1 | RD_EN: 1 | D_IN: 'd189 | D_OUT: 'dx | FULL: x | EMPTY: x
# UVM_INFO fifo_outmonitor.sv(44) @ 104650: uvm_test_top.env.out_agent.mon [uvm_test_top.env.out_agent.mon] READ TX Captured:
# WR_CS: x | WR_EN: x | RD_CS: 1 | RD_EN: 1 | D_IN: 'dx | D_OUT: 'd193 | FULL: x | EMPTY: 0
# UVM_INFO fifo_scoreboard.sv(44) @ 104650: uvm_test_top.env.scb [SCBD_PASS] PASS! Expected: 'd193 | Actual: 'd193
# UVM_INFO fifo_driver.sv(44) @ 104750: uvm_test_top.env.in_agent.drv [DRV] WR_CS: 0 | WR_EN: 0 | RD_CS: 1 | RD_EN: 1 | D_IN: 'd241 | D_OUT: 'dx | FULL: x | EMPTY: x
# UVM_INFO fifo_outmonitor.sv(44) @ 104850: uvm_test_top.env.out_agent.mon [uvm_test_top.env.out_agent.mon] READ TX Captured:
# WR_CS: x | WR_EN: x | RD_CS: 1 | RD_EN: 1 | D_IN: 'dx | D_OUT: 'd147 | FULL: x | EMPTY: 0
# UVM_INFO fifo_scoreboard.sv(44) @ 104850: uvm_test_top.env.scb [SCBD_PASS] PASS! Expected: 'd147 | Actual: 'd147
# UVM_INFO fifo_driver.sv(44) @ 104950: uvm_test_top.env.in_agent.drv [DRV] WR_CS: 0 | WR_EN: 0 | RD_CS: 1 | RD_EN: 1 | D_IN: 'd194 | D_OUT: 'dx | FULL: x | EMPTY: x
# UVM_INFO fifo_outmonitor.sv(44) @ 105050: uvm_test_top.env.out_agent.mon [uvm_test_top.env.out_agent.mon] READ TX Captured:
# WR_CS: x | WR_EN: x | RD_CS: 1 | RD_EN: 1 | D_IN: 'dx | D_OUT: 'd89 | FULL: x | EMPTY: 0
# UVM_INFO fifo_scoreboard.sv(44) @ 105050: uvm_test_top.env.scb [SCBD_PASS] PASS! Expected: 'd89 | Actual: 'd89
# UVM_INFO fifo_driver.sv(44) @ 105150: uvm_test_top.env.in_agent.drv [DRV] WR_CS: 0 | WR_EN: 0 | RD_CS: 1 | RD_EN: 1 | D_IN: 'd186 | D_OUT: 'dx | FULL: x | EMPTY: x
# UVM_INFO fifo_outmonitor.sv(44) @ 105250: uvm_test_top.env.out_agent.mon [uvm_test_top.env.out_agent.mon] READ TX Captured:
# WR_CS: x | WR_EN: x | RD_CS: 1 | RD_EN: 1 | D_IN: 'dx | D_OUT: 'd109 | FULL: x | EMPTY: 0
# UVM_INFO fifo_scoreboard.sv(44) @ 105250: uvm_test_top.env.scb [SCBD_PASS] PASS! Expected: 'd109 | Actual: 'd109
# UVM_INFO fifo_driver.sv(44) @ 105350: uvm_test_top.env.in_agent.drv [DRV] WR_CS: 0 | WR_EN: 0 | RD_CS: 1 | RD_EN: 1 | D_IN: 'd66 | D_OUT: 'dx | FULL: x | EMPTY: x
# UVM_INFO fifo_outmonitor.sv(44) @ 105450: uvm_test_top.env.out_agent.mon [uvm_test_top.env.out_agent.mon] READ TX Captured:
# WR_CS: x | WR_EN: x | RD_CS: 1 | RD_EN: 1 | D_IN: 'dx | D_OUT: 'd218 | FULL: x | EMPTY: 0
# UVM_INFO fifo_scoreboard.sv(44) @ 105450: uvm_test_top.env.scb [SCBD_PASS] PASS! Expected: 'd218 | Actual: 'd218
# UVM_INFO fifo_driver.sv(44) @ 105550: uvm_test_top.env.in_agent.drv [DRV] WR_CS: 0 | WR_EN: 0 | RD_CS: 1 | RD_EN: 1 | D_IN: 'd70 | D_OUT: 'dx | FULL: x | EMPTY: x
# UVM_INFO fifo_outmonitor.sv(44) @ 105650: uvm_test_top.env.out_agent.mon [uvm_test_top.env.out_agent.mon] READ TX Captured:
# WR_CS: x | WR_EN: x | RD_CS: 1 | RD_EN: 1 | D_IN: 'dx | D_OUT: 'd105 | FULL: x | EMPTY: 0
# UVM_INFO fifo_scoreboard.sv(44) @ 105650: uvm_test_top.env.scb [SCBD_PASS] PASS! Expected: 'd105 | Actual: 'd105
# UVM_INFO fifo_driver.sv(44) @ 105750: uvm_test_top.env.in_agent.drv [DRV] WR_CS: 0 | WR_EN: 0 | RD_CS: 1 | RD_EN: 1 | D_IN: 'd87 | D_OUT: 'dx | FULL: x | EMPTY: x
# UVM_INFO fifo_outmonitor.sv(44) @ 105850: uvm_test_top.env.out_agent.mon [uvm_test_top.env.out_agent.mon] READ TX Captured:
# WR_CS: x | WR_EN: x | RD_CS: 1 | RD_EN: 1 | D_IN: 'dx | D_OUT: 'd68 | FULL: x | EMPTY: 0
# UVM_INFO fifo_scoreboard.sv(44) @ 105850: uvm_test_top.env.scb [SCBD_PASS] PASS! Expected: 'd68 | Actual: 'd68
# UVM_INFO fifo_driver.sv(44) @ 105950: uvm_test_top.env.in_agent.drv [DRV] WR_CS: 0 | WR_EN: 0 | RD_CS: 1 | RD_EN: 1 | D_IN: 'd98 | D_OUT: 'dx | FULL: x | EMPTY: x
# UVM_INFO fifo_outmonitor.sv(44) @ 106050: uvm_test_top.env.out_agent.mon [uvm_test_top.env.out_agent.mon] READ TX Captured:
# WR_CS: x | WR_EN: x | RD_CS: 1 | RD_EN: 1 | D_IN: 'dx | D_OUT: 'd88 | FULL: x | EMPTY: 0
# UVM_INFO fifo_scoreboard.sv(44) @ 106050: uvm_test_top.env.scb [SCBD_PASS] PASS! Expected: 'd88 | Actual: 'd88
# UVM_INFO fifo_driver.sv(44) @ 106150: uvm_test_top.env.in_agent.drv [DRV] WR_CS: 0 | WR_EN: 0 | RD_CS: 1 | RD_EN: 1 | D_IN: 'd3 | D_OUT: 'dx | FULL: x | EMPTY: x
# UVM_INFO fifo_outmonitor.sv(44) @ 106250: uvm_test_top.env.out_agent.mon [uvm_test_top.env.out_agent.mon] READ TX Captured:
# WR_CS: x | WR_EN: x | RD_CS: 1 | RD_EN: 1 | D_IN: 'dx | D_OUT: 'd66 | FULL: x | EMPTY: 0
# UVM_INFO fifo_scoreboard.sv(44) @ 106250: uvm_test_top.env.scb [SCBD_PASS] PASS! Expected: 'd66 | Actual: 'd66
# UVM_INFO fifo_driver.sv(44) @ 106350: uvm_test_top.env.in_agent.drv [DRV] WR_CS: 0 | WR_EN: 0 | RD_CS: 1 | RD_EN: 1 | D_IN: 'd169 | D_OUT: 'dx | FULL: x | EMPTY: x
# UVM_INFO fifo_outmonitor.sv(44) @ 106450: uvm_test_top.env.out_agent.mon [uvm_test_top.env.out_agent.mon] READ TX Captured:
# WR_CS: x | WR_EN: x | RD_CS: 1 | RD_EN: 1 | D_IN: 'dx | D_OUT: 'd111 | FULL: x | EMPTY: 0
# UVM_INFO fifo_scoreboard.sv(44) @ 106450: uvm_test_top.env.scb [SCBD_PASS] PASS! Expected: 'd111 | Actual: 'd111
# UVM_INFO fifo_driver.sv(44) @ 106550: uvm_test_top.env.in_agent.drv [DRV] WR_CS: 0 | WR_EN: 0 | RD_CS: 1 | RD_EN: 1 | D_IN: 'd161 | D_OUT: 'dx | FULL: x | EMPTY: x
# UVM_INFO fifo_outmonitor.sv(44) @ 106650: uvm_test_top.env.out_agent.mon [uvm_test_top.env.out_agent.mon] READ TX Captured:
# WR_CS: x | WR_EN: x | RD_CS: 1 | RD_EN: 1 | D_IN: 'dx | D_OUT: 'd219 | FULL: x | EMPTY: 0
# UVM_INFO fifo_scoreboard.sv(44) @ 106650: uvm_test_top.env.scb [SCBD_PASS] PASS! Expected: 'd219 | Actual: 'd219
# UVM_INFO fifo_driver.sv(44) @ 106750: uvm_test_top.env.in_agent.drv [DRV] WR_CS: 0 | WR_EN: 0 | RD_CS: 1 | RD_EN: 1 | D_IN: 'd2 | D_OUT: 'dx | FULL: x | EMPTY: x
# UVM_INFO fifo_outmonitor.sv(44) @ 106850: uvm_test_top.env.out_agent.mon [uvm_test_top.env.out_agent.mon] READ TX Captured:
# WR_CS: x | WR_EN: x | RD_CS: 1 | RD_EN: 1 | D_IN: 'dx | D_OUT: 'd130 | FULL: x | EMPTY: 0
# UVM_INFO fifo_scoreboard.sv(44) @ 106850: uvm_test_top.env.scb [SCBD_PASS] PASS! Expected: 'd130 | Actual: 'd130
# UVM_INFO fifo_driver.sv(44) @ 106950: uvm_test_top.env.in_agent.drv [DRV] WR_CS: 0 | WR_EN: 0 | RD_CS: 1 | RD_EN: 1 | D_IN: 'd98 | D_OUT: 'dx | FULL: x | EMPTY: x
# UVM_INFO fifo_outmonitor.sv(44) @ 107050: uvm_test_top.env.out_agent.mon [uvm_test_top.env.out_agent.mon] READ TX Captured:
# WR_CS: x | WR_EN: x | RD_CS: 1 | RD_EN: 1 | D_IN: 'dx | D_OUT: 'd99 | FULL: x | EMPTY: 0
# UVM_INFO fifo_scoreboard.sv(44) @ 107050: uvm_test_top.env.scb [SCBD_PASS] PASS! Expected: 'd99 | Actual: 'd99
# UVM_INFO fifo_driver.sv(44) @ 107150: uvm_test_top.env.in_agent.drv [DRV] WR_CS: 0 | WR_EN: 0 | RD_CS: 1 | RD_EN: 1 | D_IN: 'd124 | D_OUT: 'dx | FULL: x | EMPTY: x
# UVM_INFO fifo_outmonitor.sv(44) @ 107250: uvm_test_top.env.out_agent.mon [uvm_test_top.env.out_agent.mon] READ TX Captured:
# WR_CS: x | WR_EN: x | RD_CS: 1 | RD_EN: 1 | D_IN: 'dx | D_OUT: 'd214 | FULL: x | EMPTY: 0
# UVM_INFO fifo_scoreboard.sv(44) @ 107250: uvm_test_top.env.scb [SCBD_PASS] PASS! Expected: 'd214 | Actual: 'd214
# UVM_INFO fifo_driver.sv(44) @ 107350: uvm_test_top.env.in_agent.drv [DRV] WR_CS: 0 | WR_EN: 0 | RD_CS: 1 | RD_EN: 1 | D_IN: 'd170 | D_OUT: 'dx | FULL: x | EMPTY: x
# UVM_INFO fifo_outmonitor.sv(44) @ 107450: uvm_test_top.env.out_agent.mon [uvm_test_top.env.out_agent.mon] READ TX Captured:
# WR_CS: x | WR_EN: x | RD_CS: 1 | RD_EN: 1 | D_IN: 'dx | D_OUT: 'd221 | FULL: x | EMPTY: 0
# UVM_INFO fifo_scoreboard.sv(44) @ 107450: uvm_test_top.env.scb [SCBD_PASS] PASS! Expected: 'd221 | Actual: 'd221
# UVM_INFO fifo_driver.sv(44) @ 107550: uvm_test_top.env.in_agent.drv [DRV] WR_CS: 0 | WR_EN: 0 | RD_CS: 1 | RD_EN: 1 | D_IN: 'd26 | D_OUT: 'dx | FULL: x | EMPTY: x
# UVM_INFO fifo_outmonitor.sv(44) @ 107650: uvm_test_top.env.out_agent.mon [uvm_test_top.env.out_agent.mon] READ TX Captured:
# WR_CS: x | WR_EN: x | RD_CS: 1 | RD_EN: 1 | D_IN: 'dx | D_OUT: 'd53 | FULL: x | EMPTY: 0
# UVM_INFO fifo_scoreboard.sv(44) @ 107650: uvm_test_top.env.scb [SCBD_PASS] PASS! Expected: 'd53 | Actual: 'd53
# UVM_INFO fifo_driver.sv(44) @ 107750: uvm_test_top.env.in_agent.drv [DRV] WR_CS: 0 | WR_EN: 0 | RD_CS: 1 | RD_EN: 1 | D_IN: 'd31 | D_OUT: 'dx | FULL: x | EMPTY: x
# UVM_INFO fifo_outmonitor.sv(44) @ 107850: uvm_test_top.env.out_agent.mon [uvm_test_top.env.out_agent.mon] READ TX Captured:
# WR_CS: x | WR_EN: x | RD_CS: 1 | RD_EN: 1 | D_IN: 'dx | D_OUT: 'd124 | FULL: x | EMPTY: 0
# UVM_INFO fifo_scoreboard.sv(44) @ 107850: uvm_test_top.env.scb [SCBD_PASS] PASS! Expected: 'd124 | Actual: 'd124
# UVM_INFO fifo_driver.sv(44) @ 107950: uvm_test_top.env.in_agent.drv [DRV] WR_CS: 0 | WR_EN: 0 | RD_CS: 1 | RD_EN: 1 | D_IN: 'd194 | D_OUT: 'dx | FULL: x | EMPTY: x
# UVM_INFO fifo_outmonitor.sv(44) @ 108050: uvm_test_top.env.out_agent.mon [uvm_test_top.env.out_agent.mon] READ TX Captured:
# WR_CS: x | WR_EN: x | RD_CS: 1 | RD_EN: 1 | D_IN: 'dx | D_OUT: 'd204 | FULL: x | EMPTY: 0
# UVM_INFO fifo_scoreboard.sv(44) @ 108050: uvm_test_top.env.scb [SCBD_PASS] PASS! Expected: 'd204 | Actual: 'd204
# UVM_INFO fifo_driver.sv(44) @ 108150: uvm_test_top.env.in_agent.drv [DRV] WR_CS: 0 | WR_EN: 0 | RD_CS: 1 | RD_EN: 1 | D_IN: 'd105 | D_OUT: 'dx | FULL: x | EMPTY: x
# UVM_INFO fifo_regression_test.sv(35) @ 108150: uvm_test_top [REG_TEST] Error Test
# UVM_INFO fifo_outmonitor.sv(44) @ 108250: uvm_test_top.env.out_agent.mon [uvm_test_top.env.out_agent.mon] READ TX Captured:
# WR_CS: x | WR_EN: x | RD_CS: 1 | RD_EN: 1 | D_IN: 'dx | D_OUT: 'd111 | FULL: x | EMPTY: 0
# UVM_INFO fifo_scoreboard.sv(44) @ 108250: uvm_test_top.env.scb [SCBD_PASS] PASS! Expected: 'd111 | Actual: 'd111
# UVM_INFO fifo_driver.sv(44) @ 108350: uvm_test_top.env.in_agent.drv [DRV] WR_CS: 1 | WR_EN: 0 | RD_CS: 0 | RD_EN: 0 | D_IN: 'd158 | D_OUT: 'dx | FULL: x | EMPTY: x
# UVM_INFO fifo_driver.sv(44) @ 108550: uvm_test_top.env.in_agent.drv [DRV] WR_CS: 1 | WR_EN: 0 | RD_CS: 0 | RD_EN: 0 | D_IN: 'd155 | D_OUT: 'dx | FULL: x | EMPTY: x
# UVM_INFO fifo_driver.sv(44) @ 108750: uvm_test_top.env.in_agent.drv [DRV] WR_CS: 1 | WR_EN: 0 | RD_CS: 0 | RD_EN: 0 | D_IN: 'd96 | D_OUT: 'dx | FULL: x | EMPTY: x
# UVM_INFO fifo_driver.sv(44) @ 108950: uvm_test_top.env.in_agent.drv [DRV] WR_CS: 1 | WR_EN: 0 | RD_CS: 0 | RD_EN: 0 | D_IN: 'd63 | D_OUT: 'dx | FULL: x | EMPTY: x
# UVM_INFO fifo_driver.sv(44) @ 109150: uvm_test_top.env.in_agent.drv [DRV] WR_CS: 1 | WR_EN: 0 | RD_CS: 0 | RD_EN: 0 | D_IN: 'd154 | D_OUT: 'dx | FULL: x | EMPTY: x
# UVM_INFO fifo_driver.sv(44) @ 109350: uvm_test_top.env.in_agent.drv [DRV] WR_CS: 1 | WR_EN: 0 | RD_CS: 0 | RD_EN: 0 | D_IN: 'd179 | D_OUT: 'dx | FULL: x | EMPTY: x
# UVM_INFO fifo_driver.sv(44) @ 109550: uvm_test_top.env.in_agent.drv [DRV] WR_CS: 0 | WR_EN: 1 | RD_CS: 0 | RD_EN: 0 | D_IN: 'd85 | D_OUT: 'dx | FULL: x | EMPTY: x
# UVM_INFO fifo_driver.sv(44) @ 109750: uvm_test_top.env.in_agent.drv [DRV] WR_CS: 0 | WR_EN: 1 | RD_CS: 0 | RD_EN: 0 | D_IN: 'd48 | D_OUT: 'dx | FULL: x | EMPTY: x
# UVM_INFO fifo_driver.sv(44) @ 109950: uvm_test_top.env.in_agent.drv [DRV] WR_CS: 0 | WR_EN: 1 | RD_CS: 0 | RD_EN: 0 | D_IN: 'd96 | D_OUT: 'dx | FULL: x | EMPTY: x
# UVM_INFO fifo_driver.sv(44) @ 110150: uvm_test_top.env.in_agent.drv [DRV] WR_CS: 0 | WR_EN: 1 | RD_CS: 0 | RD_EN: 0 | D_IN: 'd221 | D_OUT: 'dx | FULL: x | EMPTY: x
# UVM_INFO fifo_driver.sv(44) @ 110350: uvm_test_top.env.in_agent.drv [DRV] WR_CS: 0 | WR_EN: 1 | RD_CS: 0 | RD_EN: 0 | D_IN: 'd134 | D_OUT: 'dx | FULL: x | EMPTY: x
# UVM_INFO fifo_driver.sv(44) @ 110550: uvm_test_top.env.in_agent.drv [DRV] WR_CS: 0 | WR_EN: 1 | RD_CS: 0 | RD_EN: 0 | D_IN: 'd195 | D_OUT: 'dx | FULL: x | EMPTY: x
# UVM_INFO fifo_driver.sv(44) @ 110750: uvm_test_top.env.in_agent.drv [DRV] WR_CS: 0 | WR_EN: 0 | RD_CS: 1 | RD_EN: 0 | D_IN: 'd60 | D_OUT: 'dx | FULL: x | EMPTY: x
# UVM_INFO fifo_driver.sv(44) @ 110950: uvm_test_top.env.in_agent.drv [DRV] WR_CS: 0 | WR_EN: 0 | RD_CS: 1 | RD_EN: 0 | D_IN: 'd249 | D_OUT: 'dx | FULL: x | EMPTY: x
# UVM_INFO fifo_driver.sv(44) @ 111150: uvm_test_top.env.in_agent.drv [DRV] WR_CS: 0 | WR_EN: 0 | RD_CS: 1 | RD_EN: 0 | D_IN: 'd6 | D_OUT: 'dx | FULL: x | EMPTY: x
# UVM_INFO fifo_driver.sv(44) @ 111350: uvm_test_top.env.in_agent.drv [DRV] WR_CS: 0 | WR_EN: 0 | RD_CS: 1 | RD_EN: 0 | D_IN: 'd151 | D_OUT: 'dx | FULL: x | EMPTY: x
# UVM_INFO fifo_driver.sv(44) @ 111550: uvm_test_top.env.in_agent.drv [DRV] WR_CS: 0 | WR_EN: 0 | RD_CS: 1 | RD_EN: 0 | D_IN: 'd82 | D_OUT: 'dx | FULL: x | EMPTY: x
# UVM_INFO fifo_driver.sv(44) @ 111750: uvm_test_top.env.in_agent.drv [DRV] WR_CS: 0 | WR_EN: 0 | RD_CS: 1 | RD_EN: 0 | D_IN: 'd188 | D_OUT: 'dx | FULL: x | EMPTY: x
# UVM_INFO fifo_driver.sv(44) @ 111950: uvm_test_top.env.in_agent.drv [DRV] WR_CS: 0 | WR_EN: 0 | RD_CS: 0 | RD_EN: 1 | D_IN: 'd237 | D_OUT: 'dx | FULL: x | EMPTY: x
# UVM_INFO fifo_driver.sv(44) @ 112150: uvm_test_top.env.in_agent.drv [DRV] WR_CS: 0 | WR_EN: 0 | RD_CS: 0 | RD_EN: 1 | D_IN: 'd95 | D_OUT: 'dx | FULL: x | EMPTY: x
# UVM_INFO fifo_driver.sv(44) @ 112350: uvm_test_top.env.in_agent.drv [DRV] WR_CS: 0 | WR_EN: 0 | RD_CS: 0 | RD_EN: 1 | D_IN: 'd83 | D_OUT: 'dx | FULL: x | EMPTY: x
# UVM_INFO fifo_driver.sv(44) @ 112550: uvm_test_top.env.in_agent.drv [DRV] WR_CS: 0 | WR_EN: 0 | RD_CS: 0 | RD_EN: 1 | D_IN: 'd241 | D_OUT: 'dx | FULL: x | EMPTY: x
# UVM_INFO fifo_driver.sv(44) @ 112750: uvm_test_top.env.in_agent.drv [DRV] WR_CS: 0 | WR_EN: 0 | RD_CS: 0 | RD_EN: 1 | D_IN: 'd215 | D_OUT: 'dx | FULL: x | EMPTY: x
# UVM_INFO fifo_driver.sv(44) @ 112950: uvm_test_top.env.in_agent.drv [DRV] WR_CS: 0 | WR_EN: 0 | RD_CS: 0 | RD_EN: 1 | D_IN: 'd216 | D_OUT: 'dx | FULL: x | EMPTY: x
# UVM_INFO fifo_regression_test.sv(40) @ 112950: uvm_test_top [REG_TEST] Rand Test
# UVM_INFO fifo_driver.sv(44) @ 113150: uvm_test_top.env.in_agent.drv [DRV] WR_CS: 1 | WR_EN: 1 | RD_CS: 1 | RD_EN: 0 | D_IN: 'd105 | D_OUT: 'dx | FULL: x | EMPTY: x
# UVM_INFO fifo_inmonitor.sv(34) @ 113150: uvm_test_top.env.in_agent.mon [uvm_test_top.env.in_agent.mon] WRITE TX Captured:
# WR_CS: 1 | WR_EN: 1 | RD_CS: x | RD_EN: x | D_IN: 'd105 | D_OUT: 'dx | FULL: 0 | EMPTY: x
# UVM_INFO fifo_scoreboard.sv(29) @ 113150: uvm_test_top.env.scb [SCBD_WRITE] Stored Data: 'd105 | Queue Size: 1
# UVM_INFO fifo_driver.sv(44) @ 113350: uvm_test_top.env.in_agent.drv [DRV] WR_CS: 1 | WR_EN: 1 | RD_CS: 1 | RD_EN: 0 | D_IN: 'd159 | D_OUT: 'dx | FULL: x | EMPTY: x
# UVM_INFO fifo_inmonitor.sv(34) @ 113350: uvm_test_top.env.in_agent.mon [uvm_test_top.env.in_agent.mon] WRITE TX Captured:
# WR_CS: 1 | WR_EN: 1 | RD_CS: x | RD_EN: x | D_IN: 'd159 | D_OUT: 'dx | FULL: 0 | EMPTY: x
# UVM_INFO fifo_scoreboard.sv(29) @ 113350: uvm_test_top.env.scb [SCBD_WRITE] Stored Data: 'd159 | Queue Size: 2
# UVM_INFO fifo_driver.sv(44) @ 113550: uvm_test_top.env.in_agent.drv [DRV] WR_CS: 1 | WR_EN: 0 | RD_CS: 1 | RD_EN: 1 | D_IN: 'd239 | D_OUT: 'dx | FULL: x | EMPTY: x
# UVM_INFO fifo_outmonitor.sv(44) @ 113650: uvm_test_top.env.out_agent.mon [uvm_test_top.env.out_agent.mon] READ TX Captured:
# WR_CS: x | WR_EN: x | RD_CS: 1 | RD_EN: 1 | D_IN: 'dx | D_OUT: 'd105 | FULL: x | EMPTY: 0
# UVM_INFO fifo_scoreboard.sv(44) @ 113650: uvm_test_top.env.scb [SCBD_PASS] PASS! Expected: 'd105 | Actual: 'd105
# UVM_INFO fifo_driver.sv(44) @ 113750: uvm_test_top.env.in_agent.drv [DRV] WR_CS: 1 | WR_EN: 0 | RD_CS: 1 | RD_EN: 1 | D_IN: 'd209 | D_OUT: 'dx | FULL: x | EMPTY: x
# UVM_INFO fifo_outmonitor.sv(44) @ 113850: uvm_test_top.env.out_agent.mon [uvm_test_top.env.out_agent.mon] READ TX Captured:
# WR_CS: x | WR_EN: x | RD_CS: 1 | RD_EN: 1 | D_IN: 'dx | D_OUT: 'd159 | FULL: x | EMPTY: 0
# UVM_INFO fifo_scoreboard.sv(44) @ 113850: uvm_test_top.env.scb [SCBD_PASS] PASS! Expected: 'd159 | Actual: 'd159
# UVM_INFO fifo_driver.sv(44) @ 113950: uvm_test_top.env.in_agent.drv [DRV] WR_CS: 1 | WR_EN: 1 | RD_CS: 1 | RD_EN: 0 | D_IN: 'd169 | D_OUT: 'dx | FULL: x | EMPTY: x
# UVM_INFO fifo_inmonitor.sv(34) @ 113950: uvm_test_top.env.in_agent.mon [uvm_test_top.env.in_agent.mon] WRITE TX Captured:
# WR_CS: 1 | WR_EN: 1 | RD_CS: x | RD_EN: x | D_IN: 'd169 | D_OUT: 'dx | FULL: 0 | EMPTY: x
# UVM_INFO fifo_scoreboard.sv(29) @ 113950: uvm_test_top.env.scb [SCBD_WRITE] Stored Data: 'd169 | Queue Size: 1
# UVM_INFO fifo_driver.sv(44) @ 114150: uvm_test_top.env.in_agent.drv [DRV] WR_CS: 1 | WR_EN: 0 | RD_CS: 1 | RD_EN: 1 | D_IN: 'd195 | D_OUT: 'dx | FULL: x | EMPTY: x
# UVM_INFO fifo_outmonitor.sv(44) @ 114250: uvm_test_top.env.out_agent.mon [uvm_test_top.env.out_agent.mon] READ TX Captured:
# WR_CS: x | WR_EN: x | RD_CS: 1 | RD_EN: 1 | D_IN: 'dx | D_OUT: 'd169 | FULL: x | EMPTY: 0
# UVM_INFO fifo_scoreboard.sv(44) @ 114250: uvm_test_top.env.scb [SCBD_PASS] PASS! Expected: 'd169 | Actual: 'd169
# UVM_INFO fifo_driver.sv(44) @ 114350: uvm_test_top.env.in_agent.drv [DRV] WR_CS: 1 | WR_EN: 1 | RD_CS: 1 | RD_EN: 0 | D_IN: 'd75 | D_OUT: 'dx | FULL: x | EMPTY: x
# UVM_INFO fifo_inmonitor.sv(34) @ 114350: uvm_test_top.env.in_agent.mon [uvm_test_top.env.in_agent.mon] WRITE TX Captured:
# WR_CS: 1 | WR_EN: 1 | RD_CS: x | RD_EN: x | D_IN: 'd75 | D_OUT: 'dx | FULL: 0 | EMPTY: x
# UVM_INFO fifo_scoreboard.sv(29) @ 114350: uvm_test_top.env.scb [SCBD_WRITE] Stored Data: 'd75 | Queue Size: 1
# UVM_INFO fifo_driver.sv(44) @ 114550: uvm_test_top.env.in_agent.drv [DRV] WR_CS: 1 | WR_EN: 0 | RD_CS: 1 | RD_EN: 1 | D_IN: 'd236 | D_OUT: 'dx | FULL: x | EMPTY: x
# UVM_INFO fifo_outmonitor.sv(44) @ 114650: uvm_test_top.env.out_agent.mon [uvm_test_top.env.out_agent.mon] READ TX Captured:
# WR_CS: x | WR_EN: x | RD_CS: 1 | RD_EN: 1 | D_IN: 'dx | D_OUT: 'd75 | FULL: x | EMPTY: 0
# UVM_INFO fifo_scoreboard.sv(44) @ 114650: uvm_test_top.env.scb [SCBD_PASS] PASS! Expected: 'd75 | Actual: 'd75
# UVM_INFO fifo_driver.sv(44) @ 114750: uvm_test_top.env.in_agent.drv [DRV] WR_CS: 1 | WR_EN: 0 | RD_CS: 1 | RD_EN: 1 | D_IN: 'd42 | D_OUT: 'dx | FULL: x | EMPTY: x
# UVM_INFO fifo_driver.sv(44) @ 114950: uvm_test_top.env.in_agent.drv [DRV] WR_CS: 1 | WR_EN: 1 | RD_CS: 1 | RD_EN: 0 | D_IN: 'd57 | D_OUT: 'dx | FULL: x | EMPTY: x
# UVM_INFO fifo_inmonitor.sv(34) @ 114950: uvm_test_top.env.in_agent.mon [uvm_test_top.env.in_agent.mon] WRITE TX Captured:
# WR_CS: 1 | WR_EN: 1 | RD_CS: x | RD_EN: x | D_IN: 'd57 | D_OUT: 'dx | FULL: 0 | EMPTY: x
# UVM_INFO fifo_scoreboard.sv(29) @ 114950: uvm_test_top.env.scb [SCBD_WRITE] Stored Data: 'd57 | Queue Size: 1
# UVM_INFO fifo_driver.sv(44) @ 115150: uvm_test_top.env.in_agent.drv [DRV] WR_CS: 1 | WR_EN: 1 | RD_CS: 1 | RD_EN: 0 | D_IN: 'd37 | D_OUT: 'dx | FULL: x | EMPTY: x
# UVM_INFO fifo_inmonitor.sv(34) @ 115150: uvm_test_top.env.in_agent.mon [uvm_test_top.env.in_agent.mon] WRITE TX Captured:
# WR_CS: 1 | WR_EN: 1 | RD_CS: x | RD_EN: x | D_IN: 'd37 | D_OUT: 'dx | FULL: 0 | EMPTY: x
# UVM_INFO fifo_scoreboard.sv(29) @ 115150: uvm_test_top.env.scb [SCBD_WRITE] Stored Data: 'd37 | Queue Size: 2
# UVM_INFO fifo_driver.sv(44) @ 115350: uvm_test_top.env.in_agent.drv [DRV] WR_CS: 1 | WR_EN: 1 | RD_CS: 1 | RD_EN: 0 | D_IN: 'd88 | D_OUT: 'dx | FULL: x | EMPTY: x
# UVM_INFO fifo_inmonitor.sv(34) @ 115350: uvm_test_top.env.in_agent.mon [uvm_test_top.env.in_agent.mon] WRITE TX Captured:
# WR_CS: 1 | WR_EN: 1 | RD_CS: x | RD_EN: x | D_IN: 'd88 | D_OUT: 'dx | FULL: 0 | EMPTY: x
# UVM_INFO fifo_scoreboard.sv(29) @ 115350: uvm_test_top.env.scb [SCBD_WRITE] Stored Data: 'd88 | Queue Size: 3
# UVM_INFO fifo_driver.sv(44) @ 115550: uvm_test_top.env.in_agent.drv [DRV] WR_CS: 1 | WR_EN: 1 | RD_CS: 1 | RD_EN: 0 | D_IN: 'd2 | D_OUT: 'dx | FULL: x | EMPTY: x
# UVM_INFO fifo_inmonitor.sv(34) @ 115550: uvm_test_top.env.in_agent.mon [uvm_test_top.env.in_agent.mon] WRITE TX Captured:
# WR_CS: 1 | WR_EN: 1 | RD_CS: x | RD_EN: x | D_IN: 'd2 | D_OUT: 'dx | FULL: 0 | EMPTY: x
# UVM_INFO fifo_scoreboard.sv(29) @ 115550: uvm_test_top.env.scb [SCBD_WRITE] Stored Data: 'd2 | Queue Size: 4
# UVM_INFO fifo_driver.sv(44) @ 115750: uvm_test_top.env.in_agent.drv [DRV] WR_CS: 1 | WR_EN: 0 | RD_CS: 1 | RD_EN: 1 | D_IN: 'd241 | D_OUT: 'dx | FULL: x | EMPTY: x
# UVM_INFO fifo_outmonitor.sv(44) @ 115850: uvm_test_top.env.out_agent.mon [uvm_test_top.env.out_agent.mon] READ TX Captured:
# WR_CS: x | WR_EN: x | RD_CS: 1 | RD_EN: 1 | D_IN: 'dx | D_OUT: 'd57 | FULL: x | EMPTY: 0
# UVM_INFO fifo_scoreboard.sv(44) @ 115850: uvm_test_top.env.scb [SCBD_PASS] PASS! Expected: 'd57 | Actual: 'd57
# UVM_INFO fifo_driver.sv(44) @ 115950: uvm_test_top.env.in_agent.drv [DRV] WR_CS: 1 | WR_EN: 1 | RD_CS: 1 | RD_EN: 0 | D_IN: 'd225 | D_OUT: 'dx | FULL: x | EMPTY: x
# UVM_INFO fifo_inmonitor.sv(34) @ 115950: uvm_test_top.env.in_agent.mon [uvm_test_top.env.in_agent.mon] WRITE TX Captured:
# WR_CS: 1 | WR_EN: 1 | RD_CS: x | RD_EN: x | D_IN: 'd225 | D_OUT: 'dx | FULL: 0 | EMPTY: x
# UVM_INFO fifo_scoreboard.sv(29) @ 115950: uvm_test_top.env.scb [SCBD_WRITE] Stored Data: 'd225 | Queue Size: 4
# UVM_INFO fifo_driver.sv(44) @ 116150: uvm_test_top.env.in_agent.drv [DRV] WR_CS: 1 | WR_EN: 0 | RD_CS: 1 | RD_EN: 1 | D_IN: 'd146 | D_OUT: 'dx | FULL: x | EMPTY: x
# UVM_INFO fifo_outmonitor.sv(44) @ 116250: uvm_test_top.env.out_agent.mon [uvm_test_top.env.out_agent.mon] READ TX Captured:
# WR_CS: x | WR_EN: x | RD_CS: 1 | RD_EN: 1 | D_IN: 'dx | D_OUT: 'd37 | FULL: x | EMPTY: 0
# UVM_INFO fifo_scoreboard.sv(44) @ 116250: uvm_test_top.env.scb [SCBD_PASS] PASS! Expected: 'd37 | Actual: 'd37
# UVM_INFO fifo_driver.sv(44) @ 116350: uvm_test_top.env.in_agent.drv [DRV] WR_CS: 1 | WR_EN: 1 | RD_CS: 1 | RD_EN: 0 | D_IN: 'd62 | D_OUT: 'dx | FULL: x | EMPTY: x
# UVM_INFO fifo_inmonitor.sv(34) @ 116350: uvm_test_top.env.in_agent.mon [uvm_test_top.env.in_agent.mon] WRITE TX Captured:
# WR_CS: 1 | WR_EN: 1 | RD_CS: x | RD_EN: x | D_IN: 'd62 | D_OUT: 'dx | FULL: 0 | EMPTY: x
# UVM_INFO fifo_scoreboard.sv(29) @ 116350: uvm_test_top.env.scb [SCBD_WRITE] Stored Data: 'd62 | Queue Size: 4
# UVM_INFO fifo_driver.sv(44) @ 116550: uvm_test_top.env.in_agent.drv [DRV] WR_CS: 1 | WR_EN: 0 | RD_CS: 1 | RD_EN: 1 | D_IN: 'd211 | D_OUT: 'dx | FULL: x | EMPTY: x
# UVM_INFO fifo_outmonitor.sv(44) @ 116650: uvm_test_top.env.out_agent.mon [uvm_test_top.env.out_agent.mon] READ TX Captured:
# WR_CS: x | WR_EN: x | RD_CS: 1 | RD_EN: 1 | D_IN: 'dx | D_OUT: 'd88 | FULL: x | EMPTY: 0
# UVM_INFO fifo_scoreboard.sv(44) @ 116650: uvm_test_top.env.scb [SCBD_PASS] PASS! Expected: 'd88 | Actual: 'd88
# UVM_INFO fifo_driver.sv(44) @ 116750: uvm_test_top.env.in_agent.drv [DRV] WR_CS: 1 | WR_EN: 1 | RD_CS: 1 | RD_EN: 0 | D_IN: 'd172 | D_OUT: 'dx | FULL: x | EMPTY: x
# UVM_INFO fifo_inmonitor.sv(34) @ 116750: uvm_test_top.env.in_agent.mon [uvm_test_top.env.in_agent.mon] WRITE TX Captured:
# WR_CS: 1 | WR_EN: 1 | RD_CS: x | RD_EN: x | D_IN: 'd172 | D_OUT: 'dx | FULL: 0 | EMPTY: x
# UVM_INFO fifo_scoreboard.sv(29) @ 116750: uvm_test_top.env.scb [SCBD_WRITE] Stored Data: 'd172 | Queue Size: 4
# UVM_INFO fifo_driver.sv(44) @ 116950: uvm_test_top.env.in_agent.drv [DRV] WR_CS: 1 | WR_EN: 1 | RD_CS: 1 | RD_EN: 0 | D_IN: 'd201 | D_OUT: 'dx | FULL: x | EMPTY: x
# UVM_INFO fifo_inmonitor.sv(34) @ 116950: uvm_test_top.env.in_agent.mon [uvm_test_top.env.in_agent.mon] WRITE TX Captured:
# WR_CS: 1 | WR_EN: 1 | RD_CS: x | RD_EN: x | D_IN: 'd201 | D_OUT: 'dx | FULL: 0 | EMPTY: x
# UVM_INFO fifo_scoreboard.sv(29) @ 116950: uvm_test_top.env.scb [SCBD_WRITE] Stored Data: 'd201 | Queue Size: 5
# UVM_INFO fifo_driver.sv(44) @ 117150: uvm_test_top.env.in_agent.drv [DRV] WR_CS: 1 | WR_EN: 1 | RD_CS: 1 | RD_EN: 0 | D_IN: 'd190 | D_OUT: 'dx | FULL: x | EMPTY: x
# UVM_INFO fifo_inmonitor.sv(34) @ 117150: uvm_test_top.env.in_agent.mon [uvm_test_top.env.in_agent.mon] WRITE TX Captured:
# WR_CS: 1 | WR_EN: 1 | RD_CS: x | RD_EN: x | D_IN: 'd190 | D_OUT: 'dx | FULL: 0 | EMPTY: x
# UVM_INFO fifo_scoreboard.sv(29) @ 117150: uvm_test_top.env.scb [SCBD_WRITE] Stored Data: 'd190 | Queue Size: 6
# UVM_INFO fifo_driver.sv(44) @ 117350: uvm_test_top.env.in_agent.drv [DRV] WR_CS: 1 | WR_EN: 0 | RD_CS: 1 | RD_EN: 1 | D_IN: 'd82 | D_OUT: 'dx | FULL: x | EMPTY: x
# UVM_INFO fifo_outmonitor.sv(44) @ 117450: uvm_test_top.env.out_agent.mon [uvm_test_top.env.out_agent.mon] READ TX Captured:
# WR_CS: x | WR_EN: x | RD_CS: 1 | RD_EN: 1 | D_IN: 'dx | D_OUT: 'd2 | FULL: x | EMPTY: 0
# UVM_INFO fifo_scoreboard.sv(44) @ 117450: uvm_test_top.env.scb [SCBD_PASS] PASS! Expected: 'd2 | Actual: 'd2
# UVM_INFO fifo_driver.sv(44) @ 117550: uvm_test_top.env.in_agent.drv [DRV] WR_CS: 1 | WR_EN: 0 | RD_CS: 1 | RD_EN: 1 | D_IN: 'd181 | D_OUT: 'dx | FULL: x | EMPTY: x
# UVM_INFO fifo_outmonitor.sv(44) @ 117650: uvm_test_top.env.out_agent.mon [uvm_test_top.env.out_agent.mon] READ TX Captured:
# WR_CS: x | WR_EN: x | RD_CS: 1 | RD_EN: 1 | D_IN: 'dx | D_OUT: 'd225 | FULL: x | EMPTY: 0
# UVM_INFO fifo_scoreboard.sv(44) @ 117650: uvm_test_top.env.scb [SCBD_PASS] PASS! Expected: 'd225 | Actual: 'd225
# UVM_INFO fifo_driver.sv(44) @ 117750: uvm_test_top.env.in_agent.drv [DRV] WR_CS: 1 | WR_EN: 1 | RD_CS: 1 | RD_EN: 0 | D_IN: 'd199 | D_OUT: 'dx | FULL: x | EMPTY: x
# UVM_INFO fifo_inmonitor.sv(34) @ 117750: uvm_test_top.env.in_agent.mon [uvm_test_top.env.in_agent.mon] WRITE TX Captured:
# WR_CS: 1 | WR_EN: 1 | RD_CS: x | RD_EN: x | D_IN: 'd199 | D_OUT: 'dx | FULL: 0 | EMPTY: x
# UVM_INFO fifo_scoreboard.sv(29) @ 117750: uvm_test_top.env.scb [SCBD_WRITE] Stored Data: 'd199 | Queue Size: 5
# UVM_INFO fifo_driver.sv(44) @ 117950: uvm_test_top.env.in_agent.drv [DRV] WR_CS: 1 | WR_EN: 1 | RD_CS: 1 | RD_EN: 0 | D_IN: 'd150 | D_OUT: 'dx | FULL: x | EMPTY: x
# UVM_INFO fifo_inmonitor.sv(34) @ 117950: uvm_test_top.env.in_agent.mon [uvm_test_top.env.in_agent.mon] WRITE TX Captured:
# WR_CS: 1 | WR_EN: 1 | RD_CS: x | RD_EN: x | D_IN: 'd150 | D_OUT: 'dx | FULL: 0 | EMPTY: x
# UVM_INFO fifo_scoreboard.sv(29) @ 117950: uvm_test_top.env.scb [SCBD_WRITE] Stored Data: 'd150 | Queue Size: 6
# UVM_INFO fifo_driver.sv(44) @ 118150: uvm_test_top.env.in_agent.drv [DRV] WR_CS: 1 | WR_EN: 1 | RD_CS: 1 | RD_EN: 0 | D_IN: 'd4 | D_OUT: 'dx | FULL: x | EMPTY: x
# UVM_INFO fifo_inmonitor.sv(34) @ 118150: uvm_test_top.env.in_agent.mon [uvm_test_top.env.in_agent.mon] WRITE TX Captured:
# WR_CS: 1 | WR_EN: 1 | RD_CS: x | RD_EN: x | D_IN: 'd4 | D_OUT: 'dx | FULL: 0 | EMPTY: x
# UVM_INFO fifo_scoreboard.sv(29) @ 118150: uvm_test_top.env.scb [SCBD_WRITE] Stored Data: 'd4 | Queue Size: 7
# UVM_INFO fifo_driver.sv(44) @ 118350: uvm_test_top.env.in_agent.drv [DRV] WR_CS: 1 | WR_EN: 1 | RD_CS: 1 | RD_EN: 0 | D_IN: 'd164 | D_OUT: 'dx | FULL: x | EMPTY: x
# UVM_INFO fifo_inmonitor.sv(34) @ 118350: uvm_test_top.env.in_agent.mon [uvm_test_top.env.in_agent.mon] WRITE TX Captured:
# WR_CS: 1 | WR_EN: 1 | RD_CS: x | RD_EN: x | D_IN: 'd164 | D_OUT: 'dx | FULL: 0 | EMPTY: x
# UVM_INFO fifo_scoreboard.sv(29) @ 118350: uvm_test_top.env.scb [SCBD_WRITE] Stored Data: 'd164 | Queue Size: 8
# UVM_INFO fifo_driver.sv(44) @ 118550: uvm_test_top.env.in_agent.drv [DRV] WR_CS: 1 | WR_EN: 0 | RD_CS: 1 | RD_EN: 1 | D_IN: 'd148 | D_OUT: 'dx | FULL: x | EMPTY: x
# UVM_INFO fifo_outmonitor.sv(44) @ 118650: uvm_test_top.env.out_agent.mon [uvm_test_top.env.out_agent.mon] READ TX Captured:
# WR_CS: x | WR_EN: x | RD_CS: 1 | RD_EN: 1 | D_IN: 'dx | D_OUT: 'd62 | FULL: x | EMPTY: 0
# UVM_INFO fifo_scoreboard.sv(44) @ 118650: uvm_test_top.env.scb [SCBD_PASS] PASS! Expected: 'd62 | Actual: 'd62
# UVM_INFO fifo_driver.sv(44) @ 118750: uvm_test_top.env.in_agent.drv [DRV] WR_CS: 1 | WR_EN: 0 | RD_CS: 1 | RD_EN: 1 | D_IN: 'd248 | D_OUT: 'dx | FULL: x | EMPTY: x
# UVM_INFO fifo_outmonitor.sv(44) @ 118850: uvm_test_top.env.out_agent.mon [uvm_test_top.env.out_agent.mon] READ TX Captured:
# WR_CS: x | WR_EN: x | RD_CS: 1 | RD_EN: 1 | D_IN: 'dx | D_OUT: 'd172 | FULL: x | EMPTY: 0
# UVM_INFO fifo_scoreboard.sv(44) @ 118850: uvm_test_top.env.scb [SCBD_PASS] PASS! Expected: 'd172 | Actual: 'd172
# UVM_INFO fifo_driver.sv(44) @ 118950: uvm_test_top.env.in_agent.drv [DRV] WR_CS: 1 | WR_EN: 1 | RD_CS: 1 | RD_EN: 0 | D_IN: 'd85 | D_OUT: 'dx | FULL: x | EMPTY: x
# UVM_INFO fifo_inmonitor.sv(34) @ 118950: uvm_test_top.env.in_agent.mon [uvm_test_top.env.in_agent.mon] WRITE TX Captured:
# WR_CS: 1 | WR_EN: 1 | RD_CS: x | RD_EN: x | D_IN: 'd85 | D_OUT: 'dx | FULL: 0 | EMPTY: x
# UVM_INFO fifo_scoreboard.sv(29) @ 118950: uvm_test_top.env.scb [SCBD_WRITE] Stored Data: 'd85 | Queue Size: 7
# UVM_INFO fifo_driver.sv(44) @ 119150: uvm_test_top.env.in_agent.drv [DRV] WR_CS: 1 | WR_EN: 0 | RD_CS: 1 | RD_EN: 1 | D_IN: 'd97 | D_OUT: 'dx | FULL: x | EMPTY: x
# UVM_INFO fifo_outmonitor.sv(44) @ 119250: uvm_test_top.env.out_agent.mon [uvm_test_top.env.out_agent.mon] READ TX Captured:
# WR_CS: x | WR_EN: x | RD_CS: 1 | RD_EN: 1 | D_IN: 'dx | D_OUT: 'd201 | FULL: x | EMPTY: 0
# UVM_INFO fifo_scoreboard.sv(44) @ 119250: uvm_test_top.env.scb [SCBD_PASS] PASS! Expected: 'd201 | Actual: 'd201
# UVM_INFO fifo_driver.sv(44) @ 119350: uvm_test_top.env.in_agent.drv [DRV] WR_CS: 1 | WR_EN: 1 | RD_CS: 1 | RD_EN: 0 | D_IN: 'd200 | D_OUT: 'dx | FULL: x | EMPTY: x
# UVM_INFO fifo_inmonitor.sv(34) @ 119350: uvm_test_top.env.in_agent.mon [uvm_test_top.env.in_agent.mon] WRITE TX Captured:
# WR_CS: 1 | WR_EN: 1 | RD_CS: x | RD_EN: x | D_IN: 'd200 | D_OUT: 'dx | FULL: 0 | EMPTY: x
# UVM_INFO fifo_scoreboard.sv(29) @ 119350: uvm_test_top.env.scb [SCBD_WRITE] Stored Data: 'd200 | Queue Size: 7
# UVM_INFO fifo_driver.sv(44) @ 119550: uvm_test_top.env.in_agent.drv [DRV] WR_CS: 1 | WR_EN: 0 | RD_CS: 1 | RD_EN: 1 | D_IN: 'd75 | D_OUT: 'dx | FULL: x | EMPTY: x
# UVM_INFO fifo_outmonitor.sv(44) @ 119650: uvm_test_top.env.out_agent.mon [uvm_test_top.env.out_agent.mon] READ TX Captured:
# WR_CS: x | WR_EN: x | RD_CS: 1 | RD_EN: 1 | D_IN: 'dx | D_OUT: 'd190 | FULL: x | EMPTY: 0
# UVM_INFO fifo_scoreboard.sv(44) @ 119650: uvm_test_top.env.scb [SCBD_PASS] PASS! Expected: 'd190 | Actual: 'd190
# UVM_INFO fifo_driver.sv(44) @ 119750: uvm_test_top.env.in_agent.drv [DRV] WR_CS: 1 | WR_EN: 0 | RD_CS: 1 | RD_EN: 1 | D_IN: 'd57 | D_OUT: 'dx | FULL: x | EMPTY: x
# UVM_INFO fifo_outmonitor.sv(44) @ 119850: uvm_test_top.env.out_agent.mon [uvm_test_top.env.out_agent.mon] READ TX Captured:
# WR_CS: x | WR_EN: x | RD_CS: 1 | RD_EN: 1 | D_IN: 'dx | D_OUT: 'd199 | FULL: x | EMPTY: 0
# UVM_INFO fifo_scoreboard.sv(44) @ 119850: uvm_test_top.env.scb [SCBD_PASS] PASS! Expected: 'd199 | Actual: 'd199
# UVM_INFO fifo_driver.sv(44) @ 119950: uvm_test_top.env.in_agent.drv [DRV] WR_CS: 1 | WR_EN: 0 | RD_CS: 1 | RD_EN: 1 | D_IN: 'd49 | D_OUT: 'dx | FULL: x | EMPTY: x
# UVM_INFO fifo_outmonitor.sv(44) @ 120050: uvm_test_top.env.out_agent.mon [uvm_test_top.env.out_agent.mon] READ TX Captured:
# WR_CS: x | WR_EN: x | RD_CS: 1 | RD_EN: 1 | D_IN: 'dx | D_OUT: 'd150 | FULL: x | EMPTY: 0
# UVM_INFO fifo_scoreboard.sv(44) @ 120050: uvm_test_top.env.scb [SCBD_PASS] PASS! Expected: 'd150 | Actual: 'd150
# UVM_INFO fifo_driver.sv(44) @ 120150: uvm_test_top.env.in_agent.drv [DRV] WR_CS: 1 | WR_EN: 1 | RD_CS: 1 | RD_EN: 0 | D_IN: 'd93 | D_OUT: 'dx | FULL: x | EMPTY: x
# UVM_INFO fifo_inmonitor.sv(34) @ 120150: uvm_test_top.env.in_agent.mon [uvm_test_top.env.in_agent.mon] WRITE TX Captured:
# WR_CS: 1 | WR_EN: 1 | RD_CS: x | RD_EN: x | D_IN: 'd93 | D_OUT: 'dx | FULL: 0 | EMPTY: x
# UVM_INFO fifo_scoreboard.sv(29) @ 120150: uvm_test_top.env.scb [SCBD_WRITE] Stored Data: 'd93 | Queue Size: 5
# UVM_INFO fifo_driver.sv(44) @ 120350: uvm_test_top.env.in_agent.drv [DRV] WR_CS: 1 | WR_EN: 1 | RD_CS: 1 | RD_EN: 0 | D_IN: 'd239 | D_OUT: 'dx | FULL: x | EMPTY: x
# UVM_INFO fifo_inmonitor.sv(34) @ 120350: uvm_test_top.env.in_agent.mon [uvm_test_top.env.in_agent.mon] WRITE TX Captured:
# WR_CS: 1 | WR_EN: 1 | RD_CS: x | RD_EN: x | D_IN: 'd239 | D_OUT: 'dx | FULL: 0 | EMPTY: x
# UVM_INFO fifo_scoreboard.sv(29) @ 120350: uvm_test_top.env.scb [SCBD_WRITE] Stored Data: 'd239 | Queue Size: 6
# UVM_INFO fifo_driver.sv(44) @ 120550: uvm_test_top.env.in_agent.drv [DRV] WR_CS: 1 | WR_EN: 0 | RD_CS: 1 | RD_EN: 1 | D_IN: 'd196 | D_OUT: 'dx | FULL: x | EMPTY: x
# UVM_INFO fifo_outmonitor.sv(44) @ 120650: uvm_test_top.env.out_agent.mon [uvm_test_top.env.out_agent.mon] READ TX Captured:
# WR_CS: x | WR_EN: x | RD_CS: 1 | RD_EN: 1 | D_IN: 'dx | D_OUT: 'd4 | FULL: x | EMPTY: 0
# UVM_INFO fifo_scoreboard.sv(44) @ 120650: uvm_test_top.env.scb [SCBD_PASS] PASS! Expected: 'd4 | Actual: 'd4
# UVM_INFO fifo_driver.sv(44) @ 120750: uvm_test_top.env.in_agent.drv [DRV] WR_CS: 1 | WR_EN: 0 | RD_CS: 1 | RD_EN: 1 | D_IN: 'd157 | D_OUT: 'dx | FULL: x | EMPTY: x
# UVM_INFO fifo_outmonitor.sv(44) @ 120850: uvm_test_top.env.out_agent.mon [uvm_test_top.env.out_agent.mon] READ TX Captured:
# WR_CS: x | WR_EN: x | RD_CS: 1 | RD_EN: 1 | D_IN: 'dx | D_OUT: 'd164 | FULL: x | EMPTY: 0
# UVM_INFO fifo_scoreboard.sv(44) @ 120850: uvm_test_top.env.scb [SCBD_PASS] PASS! Expected: 'd164 | Actual: 'd164
# UVM_INFO fifo_driver.sv(44) @ 120950: uvm_test_top.env.in_agent.drv [DRV] WR_CS: 1 | WR_EN: 1 | RD_CS: 1 | RD_EN: 0 | D_IN: 'd51 | D_OUT: 'dx | FULL: x | EMPTY: x
# UVM_INFO fifo_inmonitor.sv(34) @ 120950: uvm_test_top.env.in_agent.mon [uvm_test_top.env.in_agent.mon] WRITE TX Captured:
# WR_CS: 1 | WR_EN: 1 | RD_CS: x | RD_EN: x | D_IN: 'd51 | D_OUT: 'dx | FULL: 0 | EMPTY: x
# UVM_INFO fifo_scoreboard.sv(29) @ 120950: uvm_test_top.env.scb [SCBD_WRITE] Stored Data: 'd51 | Queue Size: 5
# UVM_INFO fifo_driver.sv(44) @ 121150: uvm_test_top.env.in_agent.drv [DRV] WR_CS: 1 | WR_EN: 1 | RD_CS: 1 | RD_EN: 0 | D_IN: 'd133 | D_OUT: 'dx | FULL: x | EMPTY: x
# UVM_INFO fifo_inmonitor.sv(34) @ 121150: uvm_test_top.env.in_agent.mon [uvm_test_top.env.in_agent.mon] WRITE TX Captured:
# WR_CS: 1 | WR_EN: 1 | RD_CS: x | RD_EN: x | D_IN: 'd133 | D_OUT: 'dx | FULL: 0 | EMPTY: x
# UVM_INFO fifo_scoreboard.sv(29) @ 121150: uvm_test_top.env.scb [SCBD_WRITE] Stored Data: 'd133 | Queue Size: 6
# UVM_INFO fifo_driver.sv(44) @ 121350: uvm_test_top.env.in_agent.drv [DRV] WR_CS: 1 | WR_EN: 1 | RD_CS: 1 | RD_EN: 0 | D_IN: 'd64 | D_OUT: 'dx | FULL: x | EMPTY: x
# UVM_INFO fifo_inmonitor.sv(34) @ 121350: uvm_test_top.env.in_agent.mon [uvm_test_top.env.in_agent.mon] WRITE TX Captured:
# WR_CS: 1 | WR_EN: 1 | RD_CS: x | RD_EN: x | D_IN: 'd64 | D_OUT: 'dx | FULL: 0 | EMPTY: x
# UVM_INFO fifo_scoreboard.sv(29) @ 121350: uvm_test_top.env.scb [SCBD_WRITE] Stored Data: 'd64 | Queue Size: 7
# UVM_INFO fifo_driver.sv(44) @ 121550: uvm_test_top.env.in_agent.drv [DRV] WR_CS: 1 | WR_EN: 0 | RD_CS: 1 | RD_EN: 1 | D_IN: 'd43 | D_OUT: 'dx | FULL: x | EMPTY: x
# UVM_INFO fifo_outmonitor.sv(44) @ 121650: uvm_test_top.env.out_agent.mon [uvm_test_top.env.out_agent.mon] READ TX Captured:
# WR_CS: x | WR_EN: x | RD_CS: 1 | RD_EN: 1 | D_IN: 'dx | D_OUT: 'd85 | FULL: x | EMPTY: 0
# UVM_INFO fifo_scoreboard.sv(44) @ 121650: uvm_test_top.env.scb [SCBD_PASS] PASS! Expected: 'd85 | Actual: 'd85
# UVM_INFO fifo_driver.sv(44) @ 121750: uvm_test_top.env.in_agent.drv [DRV] WR_CS: 1 | WR_EN: 1 | RD_CS: 1 | RD_EN: 0 | D_IN: 'd103 | D_OUT: 'dx | FULL: x | EMPTY: x
# UVM_INFO fifo_inmonitor.sv(34) @ 121750: uvm_test_top.env.in_agent.mon [uvm_test_top.env.in_agent.mon] WRITE TX Captured:
# WR_CS: 1 | WR_EN: 1 | RD_CS: x | RD_EN: x | D_IN: 'd103 | D_OUT: 'dx | FULL: 0 | EMPTY: x
# UVM_INFO fifo_scoreboard.sv(29) @ 121750: uvm_test_top.env.scb [SCBD_WRITE] Stored Data: 'd103 | Queue Size: 7
# UVM_INFO fifo_driver.sv(44) @ 121950: uvm_test_top.env.in_agent.drv [DRV] WR_CS: 1 | WR_EN: 1 | RD_CS: 1 | RD_EN: 0 | D_IN: 'd37 | D_OUT: 'dx | FULL: x | EMPTY: x
# UVM_INFO fifo_inmonitor.sv(34) @ 121950: uvm_test_top.env.in_agent.mon [uvm_test_top.env.in_agent.mon] WRITE TX Captured:
# WR_CS: 1 | WR_EN: 1 | RD_CS: x | RD_EN: x | D_IN: 'd37 | D_OUT: 'dx | FULL: 0 | EMPTY: x
# UVM_INFO fifo_scoreboard.sv(29) @ 121950: uvm_test_top.env.scb [SCBD_WRITE] Stored Data: 'd37 | Queue Size: 8
# UVM_INFO fifo_driver.sv(44) @ 122150: uvm_test_top.env.in_agent.drv [DRV] WR_CS: 1 | WR_EN: 0 | RD_CS: 1 | RD_EN: 1 | D_IN: 'd31 | D_OUT: 'dx | FULL: x | EMPTY: x
# UVM_INFO fifo_outmonitor.sv(44) @ 122250: uvm_test_top.env.out_agent.mon [uvm_test_top.env.out_agent.mon] READ TX Captured:
# WR_CS: x | WR_EN: x | RD_CS: 1 | RD_EN: 1 | D_IN: 'dx | D_OUT: 'd200 | FULL: x | EMPTY: 0
# UVM_INFO fifo_scoreboard.sv(44) @ 122250: uvm_test_top.env.scb [SCBD_PASS] PASS! Expected: 'd200 | Actual: 'd200
# UVM_INFO fifo_driver.sv(44) @ 122350: uvm_test_top.env.in_agent.drv [DRV] WR_CS: 1 | WR_EN: 0 | RD_CS: 1 | RD_EN: 1 | D_IN: 'd75 | D_OUT: 'dx | FULL: x | EMPTY: x
# UVM_INFO fifo_outmonitor.sv(44) @ 122450: uvm_test_top.env.out_agent.mon [uvm_test_top.env.out_agent.mon] READ TX Captured:
# WR_CS: x | WR_EN: x | RD_CS: 1 | RD_EN: 1 | D_IN: 'dx | D_OUT: 'd93 | FULL: x | EMPTY: 0
# UVM_INFO fifo_scoreboard.sv(44) @ 122450: uvm_test_top.env.scb [SCBD_PASS] PASS! Expected: 'd93 | Actual: 'd93
# UVM_INFO fifo_driver.sv(44) @ 122550: uvm_test_top.env.in_agent.drv [DRV] WR_CS: 1 | WR_EN: 0 | RD_CS: 1 | RD_EN: 1 | D_IN: 'd47 | D_OUT: 'dx | FULL: x | EMPTY: x
# UVM_INFO fifo_outmonitor.sv(44) @ 122650: uvm_test_top.env.out_agent.mon [uvm_test_top.env.out_agent.mon] READ TX Captured:
# WR_CS: x | WR_EN: x | RD_CS: 1 | RD_EN: 1 | D_IN: 'dx | D_OUT: 'd239 | FULL: x | EMPTY: 0
# UVM_INFO fifo_scoreboard.sv(44) @ 122650: uvm_test_top.env.scb [SCBD_PASS] PASS! Expected: 'd239 | Actual: 'd239
# UVM_INFO fifo_driver.sv(44) @ 122750: uvm_test_top.env.in_agent.drv [DRV] WR_CS: 1 | WR_EN: 1 | RD_CS: 1 | RD_EN: 0 | D_IN: 'd239 | D_OUT: 'dx | FULL: x | EMPTY: x
# UVM_INFO fifo_inmonitor.sv(34) @ 122750: uvm_test_top.env.in_agent.mon [uvm_test_top.env.in_agent.mon] WRITE TX Captured:
# WR_CS: 1 | WR_EN: 1 | RD_CS: x | RD_EN: x | D_IN: 'd239 | D_OUT: 'dx | FULL: 0 | EMPTY: x
# UVM_INFO fifo_scoreboard.sv(29) @ 122750: uvm_test_top.env.scb [SCBD_WRITE] Stored Data: 'd239 | Queue Size: 6
# UVM_INFO fifo_driver.sv(44) @ 122950: uvm_test_top.env.in_agent.drv [DRV] WR_CS: 1 | WR_EN: 1 | RD_CS: 1 | RD_EN: 0 | D_IN: 'd204 | D_OUT: 'dx | FULL: x | EMPTY: x
# UVM_INFO fifo_inmonitor.sv(34) @ 122950: uvm_test_top.env.in_agent.mon [uvm_test_top.env.in_agent.mon] WRITE TX Captured:
# WR_CS: 1 | WR_EN: 1 | RD_CS: x | RD_EN: x | D_IN: 'd204 | D_OUT: 'dx | FULL: 0 | EMPTY: x
# UVM_INFO fifo_scoreboard.sv(29) @ 122950: uvm_test_top.env.scb [SCBD_WRITE] Stored Data: 'd204 | Queue Size: 7
# UVM_INFO fifo_driver.sv(44) @ 123150: uvm_test_top.env.in_agent.drv [DRV] WR_CS: 1 | WR_EN: 1 | RD_CS: 1 | RD_EN: 0 | D_IN: 'd109 | D_OUT: 'dx | FULL: x | EMPTY: x
# UVM_INFO fifo_inmonitor.sv(34) @ 123150: uvm_test_top.env.in_agent.mon [uvm_test_top.env.in_agent.mon] WRITE TX Captured:
# WR_CS: 1 | WR_EN: 1 | RD_CS: x | RD_EN: x | D_IN: 'd109 | D_OUT: 'dx | FULL: 0 | EMPTY: x
# UVM_INFO fifo_scoreboard.sv(29) @ 123150: uvm_test_top.env.scb [SCBD_WRITE] Stored Data: 'd109 | Queue Size: 8
# UVM_INFO fifo_driver.sv(44) @ 123350: uvm_test_top.env.in_agent.drv [DRV] WR_CS: 1 | WR_EN: 0 | RD_CS: 1 | RD_EN: 1 | D_IN: 'd19 | D_OUT: 'dx | FULL: x | EMPTY: x
# UVM_INFO fifo_outmonitor.sv(44) @ 123450: uvm_test_top.env.out_agent.mon [uvm_test_top.env.out_agent.mon] READ TX Captured:
# WR_CS: x | WR_EN: x | RD_CS: 1 | RD_EN: 1 | D_IN: 'dx | D_OUT: 'd51 | FULL: x | EMPTY: 0
# UVM_INFO fifo_scoreboard.sv(44) @ 123450: uvm_test_top.env.scb [SCBD_PASS] PASS! Expected: 'd51 | Actual: 'd51
# UVM_INFO fifo_driver.sv(44) @ 123550: uvm_test_top.env.in_agent.drv [DRV] WR_CS: 1 | WR_EN: 1 | RD_CS: 1 | RD_EN: 0 | D_IN: 'd33 | D_OUT: 'dx | FULL: x | EMPTY: x
# UVM_INFO fifo_inmonitor.sv(34) @ 123550: uvm_test_top.env.in_agent.mon [uvm_test_top.env.in_agent.mon] WRITE TX Captured:
# WR_CS: 1 | WR_EN: 1 | RD_CS: x | RD_EN: x | D_IN: 'd33 | D_OUT: 'dx | FULL: 0 | EMPTY: x
# UVM_INFO fifo_scoreboard.sv(29) @ 123550: uvm_test_top.env.scb [SCBD_WRITE] Stored Data: 'd33 | Queue Size: 8
# UVM_INFO fifo_driver.sv(44) @ 123750: uvm_test_top.env.in_agent.drv [DRV] WR_CS: 1 | WR_EN: 0 | RD_CS: 1 | RD_EN: 1 | D_IN: 'd14 | D_OUT: 'dx | FULL: x | EMPTY: x
# UVM_INFO fifo_outmonitor.sv(44) @ 123850: uvm_test_top.env.out_agent.mon [uvm_test_top.env.out_agent.mon] READ TX Captured:
# WR_CS: x | WR_EN: x | RD_CS: 1 | RD_EN: 1 | D_IN: 'dx | D_OUT: 'd133 | FULL: x | EMPTY: 0
# UVM_INFO fifo_scoreboard.sv(44) @ 123850: uvm_test_top.env.scb [SCBD_PASS] PASS! Expected: 'd133 | Actual: 'd133
# UVM_INFO fifo_driver.sv(44) @ 123950: uvm_test_top.env.in_agent.drv [DRV] WR_CS: 1 | WR_EN: 1 | RD_CS: 1 | RD_EN: 0 | D_IN: 'd57 | D_OUT: 'dx | FULL: x | EMPTY: x
# UVM_INFO fifo_inmonitor.sv(34) @ 123950: uvm_test_top.env.in_agent.mon [uvm_test_top.env.in_agent.mon] WRITE TX Captured:
# WR_CS: 1 | WR_EN: 1 | RD_CS: x | RD_EN: x | D_IN: 'd57 | D_OUT: 'dx | FULL: 0 | EMPTY: x
# UVM_INFO fifo_scoreboard.sv(29) @ 123950: uvm_test_top.env.scb [SCBD_WRITE] Stored Data: 'd57 | Queue Size: 8
# UVM_INFO fifo_driver.sv(44) @ 124150: uvm_test_top.env.in_agent.drv [DRV] WR_CS: 1 | WR_EN: 0 | RD_CS: 1 | RD_EN: 1 | D_IN: 'd71 | D_OUT: 'dx | FULL: x | EMPTY: x
# UVM_INFO fifo_outmonitor.sv(44) @ 124250: uvm_test_top.env.out_agent.mon [uvm_test_top.env.out_agent.mon] READ TX Captured:
# WR_CS: x | WR_EN: x | RD_CS: 1 | RD_EN: 1 | D_IN: 'dx | D_OUT: 'd64 | FULL: x | EMPTY: 0
# UVM_INFO fifo_scoreboard.sv(44) @ 124250: uvm_test_top.env.scb [SCBD_PASS] PASS! Expected: 'd64 | Actual: 'd64
# UVM_INFO fifo_driver.sv(44) @ 124350: uvm_test_top.env.in_agent.drv [DRV] WR_CS: 1 | WR_EN: 1 | RD_CS: 1 | RD_EN: 0 | D_IN: 'd9 | D_OUT: 'dx | FULL: x | EMPTY: x
# UVM_INFO fifo_inmonitor.sv(34) @ 124350: uvm_test_top.env.in_agent.mon [uvm_test_top.env.in_agent.mon] WRITE TX Captured:
# WR_CS: 1 | WR_EN: 1 | RD_CS: x | RD_EN: x | D_IN: 'd9 | D_OUT: 'dx | FULL: 0 | EMPTY: x
# UVM_INFO fifo_scoreboard.sv(29) @ 124350: uvm_test_top.env.scb [SCBD_WRITE] Stored Data: 'd9 | Queue Size: 8
# UVM_INFO fifo_driver.sv(44) @ 124550: uvm_test_top.env.in_agent.drv [DRV] WR_CS: 1 | WR_EN: 0 | RD_CS: 1 | RD_EN: 1 | D_IN: 'd187 | D_OUT: 'dx | FULL: x | EMPTY: x
# UVM_INFO fifo_outmonitor.sv(44) @ 124650: uvm_test_top.env.out_agent.mon [uvm_test_top.env.out_agent.mon] READ TX Captured:
# WR_CS: x | WR_EN: x | RD_CS: 1 | RD_EN: 1 | D_IN: 'dx | D_OUT: 'd103 | FULL: x | EMPTY: 0
# UVM_INFO fifo_scoreboard.sv(44) @ 124650: uvm_test_top.env.scb [SCBD_PASS] PASS! Expected: 'd103 | Actual: 'd103
# UVM_INFO fifo_driver.sv(44) @ 124750: uvm_test_top.env.in_agent.drv [DRV] WR_CS: 1 | WR_EN: 1 | RD_CS: 1 | RD_EN: 0 | D_IN: 'd2 | D_OUT: 'dx | FULL: x | EMPTY: x
# UVM_INFO fifo_inmonitor.sv(34) @ 124750: uvm_test_top.env.in_agent.mon [uvm_test_top.env.in_agent.mon] WRITE TX Captured:
# WR_CS: 1 | WR_EN: 1 | RD_CS: x | RD_EN: x | D_IN: 'd2 | D_OUT: 'dx | FULL: 0 | EMPTY: x
# UVM_INFO fifo_scoreboard.sv(29) @ 124750: uvm_test_top.env.scb [SCBD_WRITE] Stored Data: 'd2 | Queue Size: 8
# UVM_INFO fifo_driver.sv(44) @ 124950: uvm_test_top.env.in_agent.drv [DRV] WR_CS: 1 | WR_EN: 0 | RD_CS: 1 | RD_EN: 1 | D_IN: 'd231 | D_OUT: 'dx | FULL: x | EMPTY: x
# UVM_INFO fifo_outmonitor.sv(44) @ 125050: uvm_test_top.env.out_agent.mon [uvm_test_top.env.out_agent.mon] READ TX Captured:
# WR_CS: x | WR_EN: x | RD_CS: 1 | RD_EN: 1 | D_IN: 'dx | D_OUT: 'd37 | FULL: x | EMPTY: 0
# UVM_INFO fifo_scoreboard.sv(44) @ 125050: uvm_test_top.env.scb [SCBD_PASS] PASS! Expected: 'd37 | Actual: 'd37
# UVM_INFO fifo_driver.sv(44) @ 125150: uvm_test_top.env.in_agent.drv [DRV] WR_CS: 1 | WR_EN: 1 | RD_CS: 1 | RD_EN: 0 | D_IN: 'd119 | D_OUT: 'dx | FULL: x | EMPTY: x
# UVM_INFO fifo_inmonitor.sv(34) @ 125150: uvm_test_top.env.in_agent.mon [uvm_test_top.env.in_agent.mon] WRITE TX Captured:
# WR_CS: 1 | WR_EN: 1 | RD_CS: x | RD_EN: x | D_IN: 'd119 | D_OUT: 'dx | FULL: 0 | EMPTY: x
# UVM_INFO fifo_scoreboard.sv(29) @ 125150: uvm_test_top.env.scb [SCBD_WRITE] Stored Data: 'd119 | Queue Size: 8
# UVM_INFO fifo_driver.sv(44) @ 125350: uvm_test_top.env.in_agent.drv [DRV] WR_CS: 1 | WR_EN: 1 | RD_CS: 1 | RD_EN: 0 | D_IN: 'd63 | D_OUT: 'dx | FULL: x | EMPTY: x
# UVM_INFO fifo_inmonitor.sv(34) @ 125350: uvm_test_top.env.in_agent.mon [uvm_test_top.env.in_agent.mon] WRITE TX Captured:
# WR_CS: 1 | WR_EN: 1 | RD_CS: x | RD_EN: x | D_IN: 'd63 | D_OUT: 'dx | FULL: 0 | EMPTY: x
# UVM_INFO fifo_scoreboard.sv(29) @ 125350: uvm_test_top.env.scb [SCBD_WRITE] Stored Data: 'd63 | Queue Size: 9
# UVM_INFO fifo_driver.sv(44) @ 125550: uvm_test_top.env.in_agent.drv [DRV] WR_CS: 1 | WR_EN: 0 | RD_CS: 1 | RD_EN: 1 | D_IN: 'd199 | D_OUT: 'dx | FULL: x | EMPTY: x
# UVM_INFO fifo_outmonitor.sv(44) @ 125650: uvm_test_top.env.out_agent.mon [uvm_test_top.env.out_agent.mon] READ TX Captured:
# WR_CS: x | WR_EN: x | RD_CS: 1 | RD_EN: 1 | D_IN: 'dx | D_OUT: 'd239 | FULL: x | EMPTY: 0
# UVM_INFO fifo_scoreboard.sv(44) @ 125650: uvm_test_top.env.scb [SCBD_PASS] PASS! Expected: 'd239 | Actual: 'd239
# UVM_INFO fifo_driver.sv(44) @ 125750: uvm_test_top.env.in_agent.drv [DRV] WR_CS: 1 | WR_EN: 1 | RD_CS: 1 | RD_EN: 0 | D_IN: 'd254 | D_OUT: 'dx | FULL: x | EMPTY: x
# UVM_INFO fifo_inmonitor.sv(34) @ 125750: uvm_test_top.env.in_agent.mon [uvm_test_top.env.in_agent.mon] WRITE TX Captured:
# WR_CS: 1 | WR_EN: 1 | RD_CS: x | RD_EN: x | D_IN: 'd254 | D_OUT: 'dx | FULL: 0 | EMPTY: x
# UVM_INFO fifo_scoreboard.sv(29) @ 125750: uvm_test_top.env.scb [SCBD_WRITE] Stored Data: 'd254 | Queue Size: 9
# UVM_INFO fifo_driver.sv(44) @ 125950: uvm_test_top.env.in_agent.drv [DRV] WR_CS: 1 | WR_EN: 0 | RD_CS: 1 | RD_EN: 1 | D_IN: 'd208 | D_OUT: 'dx | FULL: x | EMPTY: x
# UVM_INFO fifo_outmonitor.sv(44) @ 126050: uvm_test_top.env.out_agent.mon [uvm_test_top.env.out_agent.mon] READ TX Captured:
# WR_CS: x | WR_EN: x | RD_CS: 1 | RD_EN: 1 | D_IN: 'dx | D_OUT: 'd204 | FULL: x | EMPTY: 0
# UVM_INFO fifo_scoreboard.sv(44) @ 126050: uvm_test_top.env.scb [SCBD_PASS] PASS! Expected: 'd204 | Actual: 'd204
# UVM_INFO fifo_driver.sv(44) @ 126150: uvm_test_top.env.in_agent.drv [DRV] WR_CS: 1 | WR_EN: 1 | RD_CS: 1 | RD_EN: 0 | D_IN: 'd9 | D_OUT: 'dx | FULL: x | EMPTY: x
# UVM_INFO fifo_inmonitor.sv(34) @ 126150: uvm_test_top.env.in_agent.mon [uvm_test_top.env.in_agent.mon] WRITE TX Captured:
# WR_CS: 1 | WR_EN: 1 | RD_CS: x | RD_EN: x | D_IN: 'd9 | D_OUT: 'dx | FULL: 0 | EMPTY: x
# UVM_INFO fifo_scoreboard.sv(29) @ 126150: uvm_test_top.env.scb [SCBD_WRITE] Stored Data: 'd9 | Queue Size: 9
# UVM_INFO fifo_driver.sv(44) @ 126350: uvm_test_top.env.in_agent.drv [DRV] WR_CS: 1 | WR_EN: 1 | RD_CS: 1 | RD_EN: 0 | D_IN: 'd20 | D_OUT: 'dx | FULL: x | EMPTY: x
# UVM_INFO fifo_inmonitor.sv(34) @ 126350: uvm_test_top.env.in_agent.mon [uvm_test_top.env.in_agent.mon] WRITE TX Captured:
# WR_CS: 1 | WR_EN: 1 | RD_CS: x | RD_EN: x | D_IN: 'd20 | D_OUT: 'dx | FULL: 0 | EMPTY: x
# UVM_INFO fifo_scoreboard.sv(29) @ 126350: uvm_test_top.env.scb [SCBD_WRITE] Stored Data: 'd20 | Queue Size: 10
# UVM_INFO fifo_driver.sv(44) @ 126550: uvm_test_top.env.in_agent.drv [DRV] WR_CS: 1 | WR_EN: 1 | RD_CS: 1 | RD_EN: 0 | D_IN: 'd213 | D_OUT: 'dx | FULL: x | EMPTY: x
# UVM_INFO fifo_inmonitor.sv(34) @ 126550: uvm_test_top.env.in_agent.mon [uvm_test_top.env.in_agent.mon] WRITE TX Captured:
# WR_CS: 1 | WR_EN: 1 | RD_CS: x | RD_EN: x | D_IN: 'd213 | D_OUT: 'dx | FULL: 0 | EMPTY: x
# UVM_INFO fifo_scoreboard.sv(29) @ 126550: uvm_test_top.env.scb [SCBD_WRITE] Stored Data: 'd213 | Queue Size: 11
# UVM_INFO fifo_driver.sv(44) @ 126750: uvm_test_top.env.in_agent.drv [DRV] WR_CS: 1 | WR_EN: 0 | RD_CS: 1 | RD_EN: 1 | D_IN: 'd91 | D_OUT: 'dx | FULL: x | EMPTY: x
# UVM_INFO fifo_outmonitor.sv(44) @ 126850: uvm_test_top.env.out_agent.mon [uvm_test_top.env.out_agent.mon] READ TX Captured:
# WR_CS: x | WR_EN: x | RD_CS: 1 | RD_EN: 1 | D_IN: 'dx | D_OUT: 'd109 | FULL: x | EMPTY: 0
# UVM_INFO fifo_scoreboard.sv(44) @ 126850: uvm_test_top.env.scb [SCBD_PASS] PASS! Expected: 'd109 | Actual: 'd109
# UVM_INFO fifo_driver.sv(44) @ 126950: uvm_test_top.env.in_agent.drv [DRV] WR_CS: 1 | WR_EN: 1 | RD_CS: 1 | RD_EN: 0 | D_IN: 'd57 | D_OUT: 'dx | FULL: x | EMPTY: x
# UVM_INFO fifo_inmonitor.sv(34) @ 126950: uvm_test_top.env.in_agent.mon [uvm_test_top.env.in_agent.mon] WRITE TX Captured:
# WR_CS: 1 | WR_EN: 1 | RD_CS: x | RD_EN: x | D_IN: 'd57 | D_OUT: 'dx | FULL: 0 | EMPTY: x
# UVM_INFO fifo_scoreboard.sv(29) @ 126950: uvm_test_top.env.scb [SCBD_WRITE] Stored Data: 'd57 | Queue Size: 11
# UVM_INFO fifo_driver.sv(44) @ 127150: uvm_test_top.env.in_agent.drv [DRV] WR_CS: 1 | WR_EN: 1 | RD_CS: 1 | RD_EN: 0 | D_IN: 'd33 | D_OUT: 'dx | FULL: x | EMPTY: x
# UVM_INFO fifo_inmonitor.sv(34) @ 127150: uvm_test_top.env.in_agent.mon [uvm_test_top.env.in_agent.mon] WRITE TX Captured:
# WR_CS: 1 | WR_EN: 1 | RD_CS: x | RD_EN: x | D_IN: 'd33 | D_OUT: 'dx | FULL: 0 | EMPTY: x
# UVM_INFO fifo_scoreboard.sv(29) @ 127150: uvm_test_top.env.scb [SCBD_WRITE] Stored Data: 'd33 | Queue Size: 12
# UVM_INFO fifo_driver.sv(44) @ 127350: uvm_test_top.env.in_agent.drv [DRV] WR_CS: 1 | WR_EN: 0 | RD_CS: 1 | RD_EN: 1 | D_IN: 'd136 | D_OUT: 'dx | FULL: x | EMPTY: x
# UVM_INFO fifo_outmonitor.sv(44) @ 127450: uvm_test_top.env.out_agent.mon [uvm_test_top.env.out_agent.mon] READ TX Captured:
# WR_CS: x | WR_EN: x | RD_CS: 1 | RD_EN: 1 | D_IN: 'dx | D_OUT: 'd33 | FULL: x | EMPTY: 0
# UVM_INFO fifo_scoreboard.sv(44) @ 127450: uvm_test_top.env.scb [SCBD_PASS] PASS! Expected: 'd33 | Actual: 'd33
# UVM_INFO fifo_driver.sv(44) @ 127550: uvm_test_top.env.in_agent.drv [DRV] WR_CS: 1 | WR_EN: 1 | RD_CS: 1 | RD_EN: 0 | D_IN: 'd142 | D_OUT: 'dx | FULL: x | EMPTY: x
# UVM_INFO fifo_inmonitor.sv(34) @ 127550: uvm_test_top.env.in_agent.mon [uvm_test_top.env.in_agent.mon] WRITE TX Captured:
# WR_CS: 1 | WR_EN: 1 | RD_CS: x | RD_EN: x | D_IN: 'd142 | D_OUT: 'dx | FULL: 0 | EMPTY: x
# UVM_INFO fifo_scoreboard.sv(29) @ 127550: uvm_test_top.env.scb [SCBD_WRITE] Stored Data: 'd142 | Queue Size: 12
# UVM_INFO fifo_driver.sv(44) @ 127750: uvm_test_top.env.in_agent.drv [DRV] WR_CS: 1 | WR_EN: 1 | RD_CS: 1 | RD_EN: 0 | D_IN: 'd81 | D_OUT: 'dx | FULL: x | EMPTY: x
# UVM_INFO fifo_inmonitor.sv(34) @ 127750: uvm_test_top.env.in_agent.mon [uvm_test_top.env.in_agent.mon] WRITE TX Captured:
# WR_CS: 1 | WR_EN: 1 | RD_CS: x | RD_EN: x | D_IN: 'd81 | D_OUT: 'dx | FULL: 0 | EMPTY: x
# UVM_INFO fifo_scoreboard.sv(29) @ 127750: uvm_test_top.env.scb [SCBD_WRITE] Stored Data: 'd81 | Queue Size: 13
# UVM_INFO fifo_driver.sv(44) @ 127950: uvm_test_top.env.in_agent.drv [DRV] WR_CS: 1 | WR_EN: 0 | RD_CS: 1 | RD_EN: 1 | D_IN: 'd82 | D_OUT: 'dx | FULL: x | EMPTY: x
# UVM_INFO fifo_outmonitor.sv(44) @ 128050: uvm_test_top.env.out_agent.mon [uvm_test_top.env.out_agent.mon] READ TX Captured:
# WR_CS: x | WR_EN: x | RD_CS: 1 | RD_EN: 1 | D_IN: 'dx | D_OUT: 'd57 | FULL: x | EMPTY: 0
# UVM_INFO fifo_scoreboard.sv(44) @ 128050: uvm_test_top.env.scb [SCBD_PASS] PASS! Expected: 'd57 | Actual: 'd57
# UVM_INFO fifo_driver.sv(44) @ 128150: uvm_test_top.env.in_agent.drv [DRV] WR_CS: 1 | WR_EN: 0 | RD_CS: 1 | RD_EN: 1 | D_IN: 'd196 | D_OUT: 'dx | FULL: x | EMPTY: x
# UVM_INFO fifo_outmonitor.sv(44) @ 128250: uvm_test_top.env.out_agent.mon [uvm_test_top.env.out_agent.mon] READ TX Captured:
# WR_CS: x | WR_EN: x | RD_CS: 1 | RD_EN: 1 | D_IN: 'dx | D_OUT: 'd9 | FULL: x | EMPTY: 0
# UVM_INFO fifo_scoreboard.sv(44) @ 128250: uvm_test_top.env.scb [SCBD_PASS] PASS! Expected: 'd9 | Actual: 'd9
# UVM_INFO fifo_driver.sv(44) @ 128350: uvm_test_top.env.in_agent.drv [DRV] WR_CS: 1 | WR_EN: 0 | RD_CS: 1 | RD_EN: 1 | D_IN: 'd199 | D_OUT: 'dx | FULL: x | EMPTY: x
# UVM_INFO fifo_outmonitor.sv(44) @ 128450: uvm_test_top.env.out_agent.mon [uvm_test_top.env.out_agent.mon] READ TX Captured:
# WR_CS: x | WR_EN: x | RD_CS: 1 | RD_EN: 1 | D_IN: 'dx | D_OUT: 'd2 | FULL: x | EMPTY: 0
# UVM_INFO fifo_scoreboard.sv(44) @ 128450: uvm_test_top.env.scb [SCBD_PASS] PASS! Expected: 'd2 | Actual: 'd2
# UVM_INFO fifo_driver.sv(44) @ 128550: uvm_test_top.env.in_agent.drv [DRV] WR_CS: 1 | WR_EN: 1 | RD_CS: 1 | RD_EN: 0 | D_IN: 'd55 | D_OUT: 'dx | FULL: x | EMPTY: x
# UVM_INFO fifo_inmonitor.sv(34) @ 128550: uvm_test_top.env.in_agent.mon [uvm_test_top.env.in_agent.mon] WRITE TX Captured:
# WR_CS: 1 | WR_EN: 1 | RD_CS: x | RD_EN: x | D_IN: 'd55 | D_OUT: 'dx | FULL: 0 | EMPTY: x
# UVM_INFO fifo_scoreboard.sv(29) @ 128550: uvm_test_top.env.scb [SCBD_WRITE] Stored Data: 'd55 | Queue Size: 11
# UVM_INFO fifo_driver.sv(44) @ 128750: uvm_test_top.env.in_agent.drv [DRV] WR_CS: 1 | WR_EN: 0 | RD_CS: 1 | RD_EN: 1 | D_IN: 'd66 | D_OUT: 'dx | FULL: x | EMPTY: x
# UVM_INFO fifo_outmonitor.sv(44) @ 128850: uvm_test_top.env.out_agent.mon [uvm_test_top.env.out_agent.mon] READ TX Captured:
# WR_CS: x | WR_EN: x | RD_CS: 1 | RD_EN: 1 | D_IN: 'dx | D_OUT: 'd119 | FULL: x | EMPTY: 0
# UVM_INFO fifo_scoreboard.sv(44) @ 128850: uvm_test_top.env.scb [SCBD_PASS] PASS! Expected: 'd119 | Actual: 'd119
# UVM_INFO fifo_driver.sv(44) @ 128950: uvm_test_top.env.in_agent.drv [DRV] WR_CS: 1 | WR_EN: 0 | RD_CS: 1 | RD_EN: 1 | D_IN: 'd52 | D_OUT: 'dx | FULL: x | EMPTY: x
# UVM_INFO fifo_outmonitor.sv(44) @ 129050: uvm_test_top.env.out_agent.mon [uvm_test_top.env.out_agent.mon] READ TX Captured:
# WR_CS: x | WR_EN: x | RD_CS: 1 | RD_EN: 1 | D_IN: 'dx | D_OUT: 'd63 | FULL: x | EMPTY: 0
# UVM_INFO fifo_scoreboard.sv(44) @ 129050: uvm_test_top.env.scb [SCBD_PASS] PASS! Expected: 'd63 | Actual: 'd63
# UVM_INFO fifo_driver.sv(44) @ 129150: uvm_test_top.env.in_agent.drv [DRV] WR_CS: 1 | WR_EN: 0 | RD_CS: 1 | RD_EN: 1 | D_IN: 'd114 | D_OUT: 'dx | FULL: x | EMPTY: x
# UVM_INFO fifo_outmonitor.sv(44) @ 129250: uvm_test_top.env.out_agent.mon [uvm_test_top.env.out_agent.mon] READ TX Captured:
# WR_CS: x | WR_EN: x | RD_CS: 1 | RD_EN: 1 | D_IN: 'dx | D_OUT: 'd254 | FULL: x | EMPTY: 0
# UVM_INFO fifo_scoreboard.sv(44) @ 129250: uvm_test_top.env.scb [SCBD_PASS] PASS! Expected: 'd254 | Actual: 'd254
# UVM_INFO fifo_driver.sv(44) @ 129350: uvm_test_top.env.in_agent.drv [DRV] WR_CS: 1 | WR_EN: 0 | RD_CS: 1 | RD_EN: 1 | D_IN: 'd78 | D_OUT: 'dx | FULL: x | EMPTY: x
# UVM_INFO fifo_outmonitor.sv(44) @ 129450: uvm_test_top.env.out_agent.mon [uvm_test_top.env.out_agent.mon] READ TX Captured:
# WR_CS: x | WR_EN: x | RD_CS: 1 | RD_EN: 1 | D_IN: 'dx | D_OUT: 'd9 | FULL: x | EMPTY: 0
# UVM_INFO fifo_scoreboard.sv(44) @ 129450: uvm_test_top.env.scb [SCBD_PASS] PASS! Expected: 'd9 | Actual: 'd9
# UVM_INFO fifo_driver.sv(44) @ 129550: uvm_test_top.env.in_agent.drv [DRV] WR_CS: 1 | WR_EN: 1 | RD_CS: 1 | RD_EN: 0 | D_IN: 'd252 | D_OUT: 'dx | FULL: x | EMPTY: x
# UVM_INFO fifo_inmonitor.sv(34) @ 129550: uvm_test_top.env.in_agent.mon [uvm_test_top.env.in_agent.mon] WRITE TX Captured:
# WR_CS: 1 | WR_EN: 1 | RD_CS: x | RD_EN: x | D_IN: 'd252 | D_OUT: 'dx | FULL: 0 | EMPTY: x
# UVM_INFO fifo_scoreboard.sv(29) @ 129550: uvm_test_top.env.scb [SCBD_WRITE] Stored Data: 'd252 | Queue Size: 8
# UVM_INFO fifo_driver.sv(44) @ 129750: uvm_test_top.env.in_agent.drv [DRV] WR_CS: 1 | WR_EN: 0 | RD_CS: 1 | RD_EN: 1 | D_IN: 'd168 | D_OUT: 'dx | FULL: x | EMPTY: x
# UVM_INFO fifo_outmonitor.sv(44) @ 129850: uvm_test_top.env.out_agent.mon [uvm_test_top.env.out_agent.mon] READ TX Captured:
# WR_CS: x | WR_EN: x | RD_CS: 1 | RD_EN: 1 | D_IN: 'dx | D_OUT: 'd20 | FULL: x | EMPTY: 0
# UVM_INFO fifo_scoreboard.sv(44) @ 129850: uvm_test_top.env.scb [SCBD_PASS] PASS! Expected: 'd20 | Actual: 'd20
# UVM_INFO fifo_driver.sv(44) @ 129950: uvm_test_top.env.in_agent.drv [DRV] WR_CS: 1 | WR_EN: 0 | RD_CS: 1 | RD_EN: 1 | D_IN: 'd245 | D_OUT: 'dx | FULL: x | EMPTY: x
# UVM_INFO fifo_outmonitor.sv(44) @ 130050: uvm_test_top.env.out_agent.mon [uvm_test_top.env.out_agent.mon] READ TX Captured:
# WR_CS: x | WR_EN: x | RD_CS: 1 | RD_EN: 1 | D_IN: 'dx | D_OUT: 'd213 | FULL: x | EMPTY: 0
# UVM_INFO fifo_scoreboard.sv(44) @ 130050: uvm_test_top.env.scb [SCBD_PASS] PASS! Expected: 'd213 | Actual: 'd213
# UVM_INFO fifo_driver.sv(44) @ 130150: uvm_test_top.env.in_agent.drv [DRV] WR_CS: 1 | WR_EN: 1 | RD_CS: 1 | RD_EN: 0 | D_IN: 'd104 | D_OUT: 'dx | FULL: x | EMPTY: x
# UVM_INFO fifo_inmonitor.sv(34) @ 130150: uvm_test_top.env.in_agent.mon [uvm_test_top.env.in_agent.mon] WRITE TX Captured:
# WR_CS: 1 | WR_EN: 1 | RD_CS: x | RD_EN: x | D_IN: 'd104 | D_OUT: 'dx | FULL: 0 | EMPTY: x
# UVM_INFO fifo_scoreboard.sv(29) @ 130150: uvm_test_top.env.scb [SCBD_WRITE] Stored Data: 'd104 | Queue Size: 7
# UVM_INFO fifo_driver.sv(44) @ 130350: uvm_test_top.env.in_agent.drv [DRV] WR_CS: 1 | WR_EN: 1 | RD_CS: 1 | RD_EN: 0 | D_IN: 'd248 | D_OUT: 'dx | FULL: x | EMPTY: x
# UVM_INFO fifo_inmonitor.sv(34) @ 130350: uvm_test_top.env.in_agent.mon [uvm_test_top.env.in_agent.mon] WRITE TX Captured:
# WR_CS: 1 | WR_EN: 1 | RD_CS: x | RD_EN: x | D_IN: 'd248 | D_OUT: 'dx | FULL: 0 | EMPTY: x
# UVM_INFO fifo_scoreboard.sv(29) @ 130350: uvm_test_top.env.scb [SCBD_WRITE] Stored Data: 'd248 | Queue Size: 8
# UVM_INFO fifo_driver.sv(44) @ 130550: uvm_test_top.env.in_agent.drv [DRV] WR_CS: 1 | WR_EN: 1 | RD_CS: 1 | RD_EN: 0 | D_IN: 'd208 | D_OUT: 'dx | FULL: x | EMPTY: x
# UVM_INFO fifo_inmonitor.sv(34) @ 130550: uvm_test_top.env.in_agent.mon [uvm_test_top.env.in_agent.mon] WRITE TX Captured:
# WR_CS: 1 | WR_EN: 1 | RD_CS: x | RD_EN: x | D_IN: 'd208 | D_OUT: 'dx | FULL: 0 | EMPTY: x
# UVM_INFO fifo_scoreboard.sv(29) @ 130550: uvm_test_top.env.scb [SCBD_WRITE] Stored Data: 'd208 | Queue Size: 9
# UVM_INFO fifo_driver.sv(44) @ 130750: uvm_test_top.env.in_agent.drv [DRV] WR_CS: 1 | WR_EN: 1 | RD_CS: 1 | RD_EN: 0 | D_IN: 'd219 | D_OUT: 'dx | FULL: x | EMPTY: x
# UVM_INFO fifo_inmonitor.sv(34) @ 130750: uvm_test_top.env.in_agent.mon [uvm_test_top.env.in_agent.mon] WRITE TX Captured:
# WR_CS: 1 | WR_EN: 1 | RD_CS: x | RD_EN: x | D_IN: 'd219 | D_OUT: 'dx | FULL: 0 | EMPTY: x
# UVM_INFO fifo_scoreboard.sv(29) @ 130750: uvm_test_top.env.scb [SCBD_WRITE] Stored Data: 'd219 | Queue Size: 10
# UVM_INFO fifo_driver.sv(44) @ 130950: uvm_test_top.env.in_agent.drv [DRV] WR_CS: 1 | WR_EN: 1 | RD_CS: 1 | RD_EN: 0 | D_IN: 'd166 | D_OUT: 'dx | FULL: x | EMPTY: x
# UVM_INFO fifo_inmonitor.sv(34) @ 130950: uvm_test_top.env.in_agent.mon [uvm_test_top.env.in_agent.mon] WRITE TX Captured:
# WR_CS: 1 | WR_EN: 1 | RD_CS: x | RD_EN: x | D_IN: 'd166 | D_OUT: 'dx | FULL: 0 | EMPTY: x
# UVM_INFO fifo_scoreboard.sv(29) @ 130950: uvm_test_top.env.scb [SCBD_WRITE] Stored Data: 'd166 | Queue Size: 11
# UVM_INFO fifo_driver.sv(44) @ 131150: uvm_test_top.env.in_agent.drv [DRV] WR_CS: 1 | WR_EN: 1 | RD_CS: 1 | RD_EN: 0 | D_IN: 'd152 | D_OUT: 'dx | FULL: x | EMPTY: x
# UVM_INFO fifo_inmonitor.sv(34) @ 131150: uvm_test_top.env.in_agent.mon [uvm_test_top.env.in_agent.mon] WRITE TX Captured:
# WR_CS: 1 | WR_EN: 1 | RD_CS: x | RD_EN: x | D_IN: 'd152 | D_OUT: 'dx | FULL: 0 | EMPTY: x
# UVM_INFO fifo_scoreboard.sv(29) @ 131150: uvm_test_top.env.scb [SCBD_WRITE] Stored Data: 'd152 | Queue Size: 12
# UVM_INFO fifo_driver.sv(44) @ 131350: uvm_test_top.env.in_agent.drv [DRV] WR_CS: 1 | WR_EN: 1 | RD_CS: 1 | RD_EN: 0 | D_IN: 'd26 | D_OUT: 'dx | FULL: x | EMPTY: x
# UVM_INFO fifo_inmonitor.sv(34) @ 131350: uvm_test_top.env.in_agent.mon [uvm_test_top.env.in_agent.mon] WRITE TX Captured:
# WR_CS: 1 | WR_EN: 1 | RD_CS: x | RD_EN: x | D_IN: 'd26 | D_OUT: 'dx | FULL: 0 | EMPTY: x
# UVM_INFO fifo_scoreboard.sv(29) @ 131350: uvm_test_top.env.scb [SCBD_WRITE] Stored Data: 'd26 | Queue Size: 13
# UVM_INFO fifo_driver.sv(44) @ 131550: uvm_test_top.env.in_agent.drv [DRV] WR_CS: 1 | WR_EN: 1 | RD_CS: 1 | RD_EN: 0 | D_IN: 'd85 | D_OUT: 'dx | FULL: x | EMPTY: x
# UVM_INFO fifo_inmonitor.sv(34) @ 131550: uvm_test_top.env.in_agent.mon [uvm_test_top.env.in_agent.mon] WRITE TX Captured:
# WR_CS: 1 | WR_EN: 1 | RD_CS: x | RD_EN: x | D_IN: 'd85 | D_OUT: 'dx | FULL: 0 | EMPTY: x
# UVM_INFO fifo_scoreboard.sv(29) @ 131550: uvm_test_top.env.scb [SCBD_WRITE] Stored Data: 'd85 | Queue Size: 14
# UVM_INFO fifo_driver.sv(44) @ 131750: uvm_test_top.env.in_agent.drv [DRV] WR_CS: 1 | WR_EN: 0 | RD_CS: 1 | RD_EN: 1 | D_IN: 'd100 | D_OUT: 'dx | FULL: x | EMPTY: x
# UVM_INFO fifo_outmonitor.sv(44) @ 131850: uvm_test_top.env.out_agent.mon [uvm_test_top.env.out_agent.mon] READ TX Captured:
# WR_CS: x | WR_EN: x | RD_CS: 1 | RD_EN: 1 | D_IN: 'dx | D_OUT: 'd57 | FULL: x | EMPTY: 0
# UVM_INFO fifo_scoreboard.sv(44) @ 131850: uvm_test_top.env.scb [SCBD_PASS] PASS! Expected: 'd57 | Actual: 'd57
# UVM_INFO fifo_driver.sv(44) @ 131950: uvm_test_top.env.in_agent.drv [DRV] WR_CS: 1 | WR_EN: 0 | RD_CS: 1 | RD_EN: 1 | D_IN: 'd116 | D_OUT: 'dx | FULL: x | EMPTY: x
# UVM_INFO fifo_outmonitor.sv(44) @ 132050: uvm_test_top.env.out_agent.mon [uvm_test_top.env.out_agent.mon] READ TX Captured:
# WR_CS: x | WR_EN: x | RD_CS: 1 | RD_EN: 1 | D_IN: 'dx | D_OUT: 'd33 | FULL: x | EMPTY: 0
# UVM_INFO fifo_scoreboard.sv(44) @ 132050: uvm_test_top.env.scb [SCBD_PASS] PASS! Expected: 'd33 | Actual: 'd33
# UVM_INFO fifo_driver.sv(44) @ 132150: uvm_test_top.env.in_agent.drv [DRV] WR_CS: 1 | WR_EN: 1 | RD_CS: 1 | RD_EN: 0 | D_IN: 'd60 | D_OUT: 'dx | FULL: x | EMPTY: x
# UVM_INFO fifo_inmonitor.sv(34) @ 132150: uvm_test_top.env.in_agent.mon [uvm_test_top.env.in_agent.mon] WRITE TX Captured:
# WR_CS: 1 | WR_EN: 1 | RD_CS: x | RD_EN: x | D_IN: 'd60 | D_OUT: 'dx | FULL: 0 | EMPTY: x
# UVM_INFO fifo_scoreboard.sv(29) @ 132150: uvm_test_top.env.scb [SCBD_WRITE] Stored Data: 'd60 | Queue Size: 13
# UVM_INFO fifo_driver.sv(44) @ 132350: uvm_test_top.env.in_agent.drv [DRV] WR_CS: 1 | WR_EN: 0 | RD_CS: 1 | RD_EN: 1 | D_IN: 'd7 | D_OUT: 'dx | FULL: x | EMPTY: x
# UVM_INFO fifo_outmonitor.sv(44) @ 132450: uvm_test_top.env.out_agent.mon [uvm_test_top.env.out_agent.mon] READ TX Captured:
# WR_CS: x | WR_EN: x | RD_CS: 1 | RD_EN: 1 | D_IN: 'dx | D_OUT: 'd142 | FULL: x | EMPTY: 0
# UVM_INFO fifo_scoreboard.sv(44) @ 132450: uvm_test_top.env.scb [SCBD_PASS] PASS! Expected: 'd142 | Actual: 'd142
# UVM_INFO fifo_driver.sv(44) @ 132550: uvm_test_top.env.in_agent.drv [DRV] WR_CS: 1 | WR_EN: 0 | RD_CS: 1 | RD_EN: 1 | D_IN: 'd138 | D_OUT: 'dx | FULL: x | EMPTY: x
# UVM_INFO fifo_outmonitor.sv(44) @ 132650: uvm_test_top.env.out_agent.mon [uvm_test_top.env.out_agent.mon] READ TX Captured:
# WR_CS: x | WR_EN: x | RD_CS: 1 | RD_EN: 1 | D_IN: 'dx | D_OUT: 'd81 | FULL: x | EMPTY: 0
# UVM_INFO fifo_scoreboard.sv(44) @ 132650: uvm_test_top.env.scb [SCBD_PASS] PASS! Expected: 'd81 | Actual: 'd81
# UVM_INFO fifo_driver.sv(44) @ 132750: uvm_test_top.env.in_agent.drv [DRV] WR_CS: 1 | WR_EN: 0 | RD_CS: 1 | RD_EN: 1 | D_IN: 'd163 | D_OUT: 'dx | FULL: x | EMPTY: x
# UVM_INFO fifo_outmonitor.sv(44) @ 132850: uvm_test_top.env.out_agent.mon [uvm_test_top.env.out_agent.mon] READ TX Captured:
# WR_CS: x | WR_EN: x | RD_CS: 1 | RD_EN: 1 | D_IN: 'dx | D_OUT: 'd55 | FULL: x | EMPTY: 0
# UVM_INFO fifo_scoreboard.sv(44) @ 132850: uvm_test_top.env.scb [SCBD_PASS] PASS! Expected: 'd55 | Actual: 'd55
# UVM_INFO fifo_driver.sv(44) @ 132950: uvm_test_top.env.in_agent.drv [DRV] WR_CS: 1 | WR_EN: 1 | RD_CS: 1 | RD_EN: 0 | D_IN: 'd232 | D_OUT: 'dx | FULL: x | EMPTY: x
# UVM_INFO fifo_inmonitor.sv(34) @ 132950: uvm_test_top.env.in_agent.mon [uvm_test_top.env.in_agent.mon] WRITE TX Captured:
# WR_CS: 1 | WR_EN: 1 | RD_CS: x | RD_EN: x | D_IN: 'd232 | D_OUT: 'dx | FULL: 0 | EMPTY: x
# UVM_INFO fifo_scoreboard.sv(29) @ 132950: uvm_test_top.env.scb [SCBD_WRITE] Stored Data: 'd232 | Queue Size: 11
# UVM_INFO fifo_driver.sv(44) @ 133150: uvm_test_top.env.in_agent.drv [DRV] WR_CS: 1 | WR_EN: 0 | RD_CS: 1 | RD_EN: 1 | D_IN: 'd146 | D_OUT: 'dx | FULL: x | EMPTY: x
# UVM_INFO fifo_outmonitor.sv(44) @ 133250: uvm_test_top.env.out_agent.mon [uvm_test_top.env.out_agent.mon] READ TX Captured:
# WR_CS: x | WR_EN: x | RD_CS: 1 | RD_EN: 1 | D_IN: 'dx | D_OUT: 'd252 | FULL: x | EMPTY: 0
# UVM_INFO fifo_scoreboard.sv(44) @ 133250: uvm_test_top.env.scb [SCBD_PASS] PASS! Expected: 'd252 | Actual: 'd252
# UVM_INFO fifo_driver.sv(44) @ 133350: uvm_test_top.env.in_agent.drv [DRV] WR_CS: 1 | WR_EN: 1 | RD_CS: 1 | RD_EN: 0 | D_IN: 'd170 | D_OUT: 'dx | FULL: x | EMPTY: x
# UVM_INFO fifo_inmonitor.sv(34) @ 133350: uvm_test_top.env.in_agent.mon [uvm_test_top.env.in_agent.mon] WRITE TX Captured:
# WR_CS: 1 | WR_EN: 1 | RD_CS: x | RD_EN: x | D_IN: 'd170 | D_OUT: 'dx | FULL: 0 | EMPTY: x
# UVM_INFO fifo_scoreboard.sv(29) @ 133350: uvm_test_top.env.scb [SCBD_WRITE] Stored Data: 'd170 | Queue Size: 11
# UVM_INFO fifo_driver.sv(44) @ 133550: uvm_test_top.env.in_agent.drv [DRV] WR_CS: 1 | WR_EN: 0 | RD_CS: 1 | RD_EN: 1 | D_IN: 'd105 | D_OUT: 'dx | FULL: x | EMPTY: x
# UVM_INFO fifo_outmonitor.sv(44) @ 133650: uvm_test_top.env.out_agent.mon [uvm_test_top.env.out_agent.mon] READ TX Captured:
# WR_CS: x | WR_EN: x | RD_CS: 1 | RD_EN: 1 | D_IN: 'dx | D_OUT: 'd104 | FULL: x | EMPTY: 0
# UVM_INFO fifo_scoreboard.sv(44) @ 133650: uvm_test_top.env.scb [SCBD_PASS] PASS! Expected: 'd104 | Actual: 'd104
# UVM_INFO fifo_driver.sv(44) @ 133750: uvm_test_top.env.in_agent.drv [DRV] WR_CS: 1 | WR_EN: 0 | RD_CS: 1 | RD_EN: 1 | D_IN: 'd16 | D_OUT: 'dx | FULL: x | EMPTY: x
# UVM_INFO fifo_outmonitor.sv(44) @ 133850: uvm_test_top.env.out_agent.mon [uvm_test_top.env.out_agent.mon] READ TX Captured:
# WR_CS: x | WR_EN: x | RD_CS: 1 | RD_EN: 1 | D_IN: 'dx | D_OUT: 'd248 | FULL: x | EMPTY: 0
# UVM_INFO fifo_scoreboard.sv(44) @ 133850: uvm_test_top.env.scb [SCBD_PASS] PASS! Expected: 'd248 | Actual: 'd248
# UVM_INFO fifo_driver.sv(44) @ 133950: uvm_test_top.env.in_agent.drv [DRV] WR_CS: 1 | WR_EN: 1 | RD_CS: 1 | RD_EN: 0 | D_IN: 'd136 | D_OUT: 'dx | FULL: x | EMPTY: x
# UVM_INFO fifo_inmonitor.sv(34) @ 133950: uvm_test_top.env.in_agent.mon [uvm_test_top.env.in_agent.mon] WRITE TX Captured:
# WR_CS: 1 | WR_EN: 1 | RD_CS: x | RD_EN: x | D_IN: 'd136 | D_OUT: 'dx | FULL: 0 | EMPTY: x
# UVM_INFO fifo_scoreboard.sv(29) @ 133950: uvm_test_top.env.scb [SCBD_WRITE] Stored Data: 'd136 | Queue Size: 10
# UVM_INFO fifo_driver.sv(44) @ 134150: uvm_test_top.env.in_agent.drv [DRV] WR_CS: 1 | WR_EN: 0 | RD_CS: 1 | RD_EN: 1 | D_IN: 'd15 | D_OUT: 'dx | FULL: x | EMPTY: x
# UVM_INFO fifo_outmonitor.sv(44) @ 134250: uvm_test_top.env.out_agent.mon [uvm_test_top.env.out_agent.mon] READ TX Captured:
# WR_CS: x | WR_EN: x | RD_CS: 1 | RD_EN: 1 | D_IN: 'dx | D_OUT: 'd208 | FULL: x | EMPTY: 0
# UVM_INFO fifo_scoreboard.sv(44) @ 134250: uvm_test_top.env.scb [SCBD_PASS] PASS! Expected: 'd208 | Actual: 'd208
# UVM_INFO fifo_driver.sv(44) @ 134350: uvm_test_top.env.in_agent.drv [DRV] WR_CS: 1 | WR_EN: 1 | RD_CS: 1 | RD_EN: 0 | D_IN: 'd22 | D_OUT: 'dx | FULL: x | EMPTY: x
# UVM_INFO fifo_inmonitor.sv(34) @ 134350: uvm_test_top.env.in_agent.mon [uvm_test_top.env.in_agent.mon] WRITE TX Captured:
# WR_CS: 1 | WR_EN: 1 | RD_CS: x | RD_EN: x | D_IN: 'd22 | D_OUT: 'dx | FULL: 0 | EMPTY: x
# UVM_INFO fifo_scoreboard.sv(29) @ 134350: uvm_test_top.env.scb [SCBD_WRITE] Stored Data: 'd22 | Queue Size: 10
# UVM_INFO fifo_driver.sv(44) @ 134550: uvm_test_top.env.in_agent.drv [DRV] WR_CS: 1 | WR_EN: 1 | RD_CS: 1 | RD_EN: 0 | D_IN: 'd197 | D_OUT: 'dx | FULL: x | EMPTY: x
# UVM_INFO fifo_inmonitor.sv(34) @ 134550: uvm_test_top.env.in_agent.mon [uvm_test_top.env.in_agent.mon] WRITE TX Captured:
# WR_CS: 1 | WR_EN: 1 | RD_CS: x | RD_EN: x | D_IN: 'd197 | D_OUT: 'dx | FULL: 0 | EMPTY: x
# UVM_INFO fifo_scoreboard.sv(29) @ 134550: uvm_test_top.env.scb [SCBD_WRITE] Stored Data: 'd197 | Queue Size: 11
# UVM_INFO fifo_driver.sv(44) @ 134750: uvm_test_top.env.in_agent.drv [DRV] WR_CS: 1 | WR_EN: 0 | RD_CS: 1 | RD_EN: 1 | D_IN: 'd174 | D_OUT: 'dx | FULL: x | EMPTY: x
# UVM_INFO fifo_outmonitor.sv(44) @ 134850: uvm_test_top.env.out_agent.mon [uvm_test_top.env.out_agent.mon] READ TX Captured:
# WR_CS: x | WR_EN: x | RD_CS: 1 | RD_EN: 1 | D_IN: 'dx | D_OUT: 'd219 | FULL: x | EMPTY: 0
# UVM_INFO fifo_scoreboard.sv(44) @ 134850: uvm_test_top.env.scb [SCBD_PASS] PASS! Expected: 'd219 | Actual: 'd219
# UVM_INFO fifo_driver.sv(44) @ 134950: uvm_test_top.env.in_agent.drv [DRV] WR_CS: 1 | WR_EN: 1 | RD_CS: 1 | RD_EN: 0 | D_IN: 'd9 | D_OUT: 'dx | FULL: x | EMPTY: x
# UVM_INFO fifo_inmonitor.sv(34) @ 134950: uvm_test_top.env.in_agent.mon [uvm_test_top.env.in_agent.mon] WRITE TX Captured:
# WR_CS: 1 | WR_EN: 1 | RD_CS: x | RD_EN: x | D_IN: 'd9 | D_OUT: 'dx | FULL: 0 | EMPTY: x
# UVM_INFO fifo_scoreboard.sv(29) @ 134950: uvm_test_top.env.scb [SCBD_WRITE] Stored Data: 'd9 | Queue Size: 11
# UVM_INFO fifo_driver.sv(44) @ 135150: uvm_test_top.env.in_agent.drv [DRV] WR_CS: 1 | WR_EN: 1 | RD_CS: 1 | RD_EN: 0 | D_IN: 'd61 | D_OUT: 'dx | FULL: x | EMPTY: x
# UVM_INFO fifo_inmonitor.sv(34) @ 135150: uvm_test_top.env.in_agent.mon [uvm_test_top.env.in_agent.mon] WRITE TX Captured:
# WR_CS: 1 | WR_EN: 1 | RD_CS: x | RD_EN: x | D_IN: 'd61 | D_OUT: 'dx | FULL: 0 | EMPTY: x
# UVM_INFO fifo_scoreboard.sv(29) @ 135150: uvm_test_top.env.scb [SCBD_WRITE] Stored Data: 'd61 | Queue Size: 12
# UVM_INFO fifo_driver.sv(44) @ 135350: uvm_test_top.env.in_agent.drv [DRV] WR_CS: 1 | WR_EN: 0 | RD_CS: 1 | RD_EN: 1 | D_IN: 'd95 | D_OUT: 'dx | FULL: x | EMPTY: x
# UVM_INFO fifo_outmonitor.sv(44) @ 135450: uvm_test_top.env.out_agent.mon [uvm_test_top.env.out_agent.mon] READ TX Captured:
# WR_CS: x | WR_EN: x | RD_CS: 1 | RD_EN: 1 | D_IN: 'dx | D_OUT: 'd166 | FULL: x | EMPTY: 0
# UVM_INFO fifo_scoreboard.sv(44) @ 135450: uvm_test_top.env.scb [SCBD_PASS] PASS! Expected: 'd166 | Actual: 'd166
# UVM_INFO fifo_driver.sv(44) @ 135550: uvm_test_top.env.in_agent.drv [DRV] WR_CS: 1 | WR_EN: 0 | RD_CS: 1 | RD_EN: 1 | D_IN: 'd9 | D_OUT: 'dx | FULL: x | EMPTY: x
# UVM_INFO fifo_outmonitor.sv(44) @ 135650: uvm_test_top.env.out_agent.mon [uvm_test_top.env.out_agent.mon] READ TX Captured:
# WR_CS: x | WR_EN: x | RD_CS: 1 | RD_EN: 1 | D_IN: 'dx | D_OUT: 'd152 | FULL: x | EMPTY: 0
# UVM_INFO fifo_scoreboard.sv(44) @ 135650: uvm_test_top.env.scb [SCBD_PASS] PASS! Expected: 'd152 | Actual: 'd152
# UVM_INFO fifo_driver.sv(44) @ 135750: uvm_test_top.env.in_agent.drv [DRV] WR_CS: 1 | WR_EN: 1 | RD_CS: 1 | RD_EN: 0 | D_IN: 'd101 | D_OUT: 'dx | FULL: x | EMPTY: x
# UVM_INFO fifo_inmonitor.sv(34) @ 135750: uvm_test_top.env.in_agent.mon [uvm_test_top.env.in_agent.mon] WRITE TX Captured:
# WR_CS: 1 | WR_EN: 1 | RD_CS: x | RD_EN: x | D_IN: 'd101 | D_OUT: 'dx | FULL: 0 | EMPTY: x
# UVM_INFO fifo_scoreboard.sv(29) @ 135750: uvm_test_top.env.scb [SCBD_WRITE] Stored Data: 'd101 | Queue Size: 11
# UVM_INFO fifo_driver.sv(44) @ 135950: uvm_test_top.env.in_agent.drv [DRV] WR_CS: 1 | WR_EN: 0 | RD_CS: 1 | RD_EN: 1 | D_IN: 'd71 | D_OUT: 'dx | FULL: x | EMPTY: x
# UVM_INFO fifo_outmonitor.sv(44) @ 136050: uvm_test_top.env.out_agent.mon [uvm_test_top.env.out_agent.mon] READ TX Captured:
# WR_CS: x | WR_EN: x | RD_CS: 1 | RD_EN: 1 | D_IN: 'dx | D_OUT: 'd26 | FULL: x | EMPTY: 0
# UVM_INFO fifo_scoreboard.sv(44) @ 136050: uvm_test_top.env.scb [SCBD_PASS] PASS! Expected: 'd26 | Actual: 'd26
# UVM_INFO fifo_driver.sv(44) @ 136150: uvm_test_top.env.in_agent.drv [DRV] WR_CS: 1 | WR_EN: 1 | RD_CS: 1 | RD_EN: 0 | D_IN: 'd219 | D_OUT: 'dx | FULL: x | EMPTY: x
# UVM_INFO fifo_inmonitor.sv(34) @ 136150: uvm_test_top.env.in_agent.mon [uvm_test_top.env.in_agent.mon] WRITE TX Captured:
# WR_CS: 1 | WR_EN: 1 | RD_CS: x | RD_EN: x | D_IN: 'd219 | D_OUT: 'dx | FULL: 0 | EMPTY: x
# UVM_INFO fifo_scoreboard.sv(29) @ 136150: uvm_test_top.env.scb [SCBD_WRITE] Stored Data: 'd219 | Queue Size: 11
# UVM_INFO fifo_driver.sv(44) @ 136350: uvm_test_top.env.in_agent.drv [DRV] WR_CS: 1 | WR_EN: 0 | RD_CS: 1 | RD_EN: 1 | D_IN: 'd56 | D_OUT: 'dx | FULL: x | EMPTY: x
# UVM_INFO fifo_outmonitor.sv(44) @ 136450: uvm_test_top.env.out_agent.mon [uvm_test_top.env.out_agent.mon] READ TX Captured:
# WR_CS: x | WR_EN: x | RD_CS: 1 | RD_EN: 1 | D_IN: 'dx | D_OUT: 'd85 | FULL: x | EMPTY: 0
# UVM_INFO fifo_scoreboard.sv(44) @ 136450: uvm_test_top.env.scb [SCBD_PASS] PASS! Expected: 'd85 | Actual: 'd85
# UVM_INFO fifo_driver.sv(44) @ 136550: uvm_test_top.env.in_agent.drv [DRV] WR_CS: 1 | WR_EN: 0 | RD_CS: 1 | RD_EN: 1 | D_IN: 'd34 | D_OUT: 'dx | FULL: x | EMPTY: x
# UVM_INFO fifo_outmonitor.sv(44) @ 136650: uvm_test_top.env.out_agent.mon [uvm_test_top.env.out_agent.mon] READ TX Captured:
# WR_CS: x | WR_EN: x | RD_CS: 1 | RD_EN: 1 | D_IN: 'dx | D_OUT: 'd60 | FULL: x | EMPTY: 0
# UVM_INFO fifo_scoreboard.sv(44) @ 136650: uvm_test_top.env.scb [SCBD_PASS] PASS! Expected: 'd60 | Actual: 'd60
# UVM_INFO fifo_driver.sv(44) @ 136750: uvm_test_top.env.in_agent.drv [DRV] WR_CS: 1 | WR_EN: 1 | RD_CS: 1 | RD_EN: 0 | D_IN: 'd189 | D_OUT: 'dx | FULL: x | EMPTY: x
# UVM_INFO fifo_inmonitor.sv(34) @ 136750: uvm_test_top.env.in_agent.mon [uvm_test_top.env.in_agent.mon] WRITE TX Captured:
# WR_CS: 1 | WR_EN: 1 | RD_CS: x | RD_EN: x | D_IN: 'd189 | D_OUT: 'dx | FULL: 0 | EMPTY: x
# UVM_INFO fifo_scoreboard.sv(29) @ 136750: uvm_test_top.env.scb [SCBD_WRITE] Stored Data: 'd189 | Queue Size: 10
# UVM_INFO fifo_driver.sv(44) @ 136950: uvm_test_top.env.in_agent.drv [DRV] WR_CS: 1 | WR_EN: 1 | RD_CS: 1 | RD_EN: 0 | D_IN: 'd33 | D_OUT: 'dx | FULL: x | EMPTY: x
# UVM_INFO fifo_inmonitor.sv(34) @ 136950: uvm_test_top.env.in_agent.mon [uvm_test_top.env.in_agent.mon] WRITE TX Captured:
# WR_CS: 1 | WR_EN: 1 | RD_CS: x | RD_EN: x | D_IN: 'd33 | D_OUT: 'dx | FULL: 0 | EMPTY: x
# UVM_INFO fifo_scoreboard.sv(29) @ 136950: uvm_test_top.env.scb [SCBD_WRITE] Stored Data: 'd33 | Queue Size: 11
# UVM_INFO fifo_driver.sv(44) @ 137150: uvm_test_top.env.in_agent.drv [DRV] WR_CS: 1 | WR_EN: 1 | RD_CS: 1 | RD_EN: 0 | D_IN: 'd10 | D_OUT: 'dx | FULL: x | EMPTY: x
# UVM_INFO fifo_inmonitor.sv(34) @ 137150: uvm_test_top.env.in_agent.mon [uvm_test_top.env.in_agent.mon] WRITE TX Captured:
# WR_CS: 1 | WR_EN: 1 | RD_CS: x | RD_EN: x | D_IN: 'd10 | D_OUT: 'dx | FULL: 0 | EMPTY: x
# UVM_INFO fifo_scoreboard.sv(29) @ 137150: uvm_test_top.env.scb [SCBD_WRITE] Stored Data: 'd10 | Queue Size: 12
# UVM_INFO fifo_driver.sv(44) @ 137350: uvm_test_top.env.in_agent.drv [DRV] WR_CS: 1 | WR_EN: 1 | RD_CS: 1 | RD_EN: 0 | D_IN: 'd22 | D_OUT: 'dx | FULL: x | EMPTY: x
# UVM_INFO fifo_inmonitor.sv(34) @ 137350: uvm_test_top.env.in_agent.mon [uvm_test_top.env.in_agent.mon] WRITE TX Captured:
# WR_CS: 1 | WR_EN: 1 | RD_CS: x | RD_EN: x | D_IN: 'd22 | D_OUT: 'dx | FULL: 0 | EMPTY: x
# UVM_INFO fifo_scoreboard.sv(29) @ 137350: uvm_test_top.env.scb [SCBD_WRITE] Stored Data: 'd22 | Queue Size: 13
# UVM_INFO fifo_driver.sv(44) @ 137550: uvm_test_top.env.in_agent.drv [DRV] WR_CS: 1 | WR_EN: 0 | RD_CS: 1 | RD_EN: 1 | D_IN: 'd194 | D_OUT: 'dx | FULL: x | EMPTY: x
# UVM_INFO fifo_outmonitor.sv(44) @ 137650: uvm_test_top.env.out_agent.mon [uvm_test_top.env.out_agent.mon] READ TX Captured:
# WR_CS: x | WR_EN: x | RD_CS: 1 | RD_EN: 1 | D_IN: 'dx | D_OUT: 'd232 | FULL: x | EMPTY: 0
# UVM_INFO fifo_scoreboard.sv(44) @ 137650: uvm_test_top.env.scb [SCBD_PASS] PASS! Expected: 'd232 | Actual: 'd232
# UVM_INFO fifo_driver.sv(44) @ 137750: uvm_test_top.env.in_agent.drv [DRV] WR_CS: 1 | WR_EN: 0 | RD_CS: 1 | RD_EN: 1 | D_IN: 'd221 | D_OUT: 'dx | FULL: x | EMPTY: x
# UVM_INFO fifo_outmonitor.sv(44) @ 137850: uvm_test_top.env.out_agent.mon [uvm_test_top.env.out_agent.mon] READ TX Captured:
# WR_CS: x | WR_EN: x | RD_CS: 1 | RD_EN: 1 | D_IN: 'dx | D_OUT: 'd170 | FULL: x | EMPTY: 0
# UVM_INFO fifo_scoreboard.sv(44) @ 137850: uvm_test_top.env.scb [SCBD_PASS] PASS! Expected: 'd170 | Actual: 'd170
# UVM_INFO fifo_driver.sv(44) @ 137950: uvm_test_top.env.in_agent.drv [DRV] WR_CS: 1 | WR_EN: 1 | RD_CS: 1 | RD_EN: 0 | D_IN: 'd105 | D_OUT: 'dx | FULL: x | EMPTY: x
# UVM_INFO fifo_inmonitor.sv(34) @ 137950: uvm_test_top.env.in_agent.mon [uvm_test_top.env.in_agent.mon] WRITE TX Captured:
# WR_CS: 1 | WR_EN: 1 | RD_CS: x | RD_EN: x | D_IN: 'd105 | D_OUT: 'dx | FULL: 0 | EMPTY: x
# UVM_INFO fifo_scoreboard.sv(29) @ 137950: uvm_test_top.env.scb [SCBD_WRITE] Stored Data: 'd105 | Queue Size: 12
# UVM_INFO fifo_driver.sv(44) @ 138150: uvm_test_top.env.in_agent.drv [DRV] WR_CS: 1 | WR_EN: 1 | RD_CS: 1 | RD_EN: 0 | D_IN: 'd57 | D_OUT: 'dx | FULL: x | EMPTY: x
# UVM_INFO fifo_inmonitor.sv(34) @ 138150: uvm_test_top.env.in_agent.mon [uvm_test_top.env.in_agent.mon] WRITE TX Captured:
# WR_CS: 1 | WR_EN: 1 | RD_CS: x | RD_EN: x | D_IN: 'd57 | D_OUT: 'dx | FULL: 0 | EMPTY: x
# UVM_INFO fifo_scoreboard.sv(29) @ 138150: uvm_test_top.env.scb [SCBD_WRITE] Stored Data: 'd57 | Queue Size: 13
# UVM_INFO fifo_driver.sv(44) @ 138350: uvm_test_top.env.in_agent.drv [DRV] WR_CS: 1 | WR_EN: 1 | RD_CS: 1 | RD_EN: 0 | D_IN: 'd244 | D_OUT: 'dx | FULL: x | EMPTY: x
# UVM_INFO fifo_inmonitor.sv(34) @ 138350: uvm_test_top.env.in_agent.mon [uvm_test_top.env.in_agent.mon] WRITE TX Captured:
# WR_CS: 1 | WR_EN: 1 | RD_CS: x | RD_EN: x | D_IN: 'd244 | D_OUT: 'dx | FULL: 0 | EMPTY: x
# UVM_INFO fifo_scoreboard.sv(29) @ 138350: uvm_test_top.env.scb [SCBD_WRITE] Stored Data: 'd244 | Queue Size: 14
# UVM_INFO fifo_driver.sv(44) @ 138550: uvm_test_top.env.in_agent.drv [DRV] WR_CS: 1 | WR_EN: 1 | RD_CS: 1 | RD_EN: 0 | D_IN: 'd250 | D_OUT: 'dx | FULL: x | EMPTY: x
# UVM_INFO fifo_inmonitor.sv(34) @ 138550: uvm_test_top.env.in_agent.mon [uvm_test_top.env.in_agent.mon] WRITE TX Captured:
# WR_CS: 1 | WR_EN: 1 | RD_CS: x | RD_EN: x | D_IN: 'd250 | D_OUT: 'dx | FULL: 0 | EMPTY: x
# UVM_INFO fifo_scoreboard.sv(29) @ 138550: uvm_test_top.env.scb [SCBD_WRITE] Stored Data: 'd250 | Queue Size: 15
# UVM_INFO fifo_driver.sv(44) @ 138750: uvm_test_top.env.in_agent.drv [DRV] WR_CS: 1 | WR_EN: 1 | RD_CS: 1 | RD_EN: 0 | D_IN: 'd194 | D_OUT: 'dx | FULL: x | EMPTY: x
# UVM_INFO fifo_inmonitor.sv(34) @ 138750: uvm_test_top.env.in_agent.mon [uvm_test_top.env.in_agent.mon] WRITE TX Captured:
# WR_CS: 1 | WR_EN: 1 | RD_CS: x | RD_EN: x | D_IN: 'd194 | D_OUT: 'dx | FULL: 0 | EMPTY: x
# UVM_INFO fifo_scoreboard.sv(29) @ 138750: uvm_test_top.env.scb [SCBD_WRITE] Stored Data: 'd194 | Queue Size: 16
# UVM_INFO fifo_driver.sv(44) @ 138950: uvm_test_top.env.in_agent.drv [DRV] WR_CS: 1 | WR_EN: 1 | RD_CS: 1 | RD_EN: 0 | D_IN: 'd48 | D_OUT: 'dx | FULL: x | EMPTY: x
# UVM_INFO fifo_inmonitor.sv(34) @ 138950: uvm_test_top.env.in_agent.mon [uvm_test_top.env.in_agent.mon] WRITE TX Captured:
# WR_CS: 1 | WR_EN: 1 | RD_CS: x | RD_EN: x | D_IN: 'd48 | D_OUT: 'dx | FULL: 0 | EMPTY: x
# UVM_INFO fifo_scoreboard.sv(29) @ 138950: uvm_test_top.env.scb [SCBD_WRITE] Stored Data: 'd48 | Queue Size: 17
# UVM_INFO fifo_driver.sv(44) @ 139150: uvm_test_top.env.in_agent.drv [DRV] WR_CS: 1 | WR_EN: 0 | RD_CS: 1 | RD_EN: 1 | D_IN: 'd239 | D_OUT: 'dx | FULL: x | EMPTY: x
# UVM_INFO fifo_outmonitor.sv(44) @ 139250: uvm_test_top.env.out_agent.mon [uvm_test_top.env.out_agent.mon] READ TX Captured:
# WR_CS: x | WR_EN: x | RD_CS: 1 | RD_EN: 1 | D_IN: 'dx | D_OUT: 'd136 | FULL: x | EMPTY: 0
# UVM_INFO fifo_scoreboard.sv(44) @ 139250: uvm_test_top.env.scb [SCBD_PASS] PASS! Expected: 'd136 | Actual: 'd136
# UVM_INFO fifo_driver.sv(44) @ 139350: uvm_test_top.env.in_agent.drv [DRV] WR_CS: 1 | WR_EN: 1 | RD_CS: 1 | RD_EN: 0 | D_IN: 'd34 | D_OUT: 'dx | FULL: x | EMPTY: x
# UVM_INFO fifo_inmonitor.sv(34) @ 139350: uvm_test_top.env.in_agent.mon [uvm_test_top.env.in_agent.mon] WRITE TX Captured:
# WR_CS: 1 | WR_EN: 1 | RD_CS: x | RD_EN: x | D_IN: 'd34 | D_OUT: 'dx | FULL: 0 | EMPTY: x
# UVM_INFO fifo_scoreboard.sv(29) @ 139350: uvm_test_top.env.scb [SCBD_WRITE] Stored Data: 'd34 | Queue Size: 17
# UVM_INFO fifo_driver.sv(44) @ 139550: uvm_test_top.env.in_agent.drv [DRV] WR_CS: 1 | WR_EN: 1 | RD_CS: 1 | RD_EN: 0 | D_IN: 'd168 | D_OUT: 'dx | FULL: x | EMPTY: x
# UVM_INFO fifo_inmonitor.sv(34) @ 139550: uvm_test_top.env.in_agent.mon [uvm_test_top.env.in_agent.mon] WRITE TX Captured:
# WR_CS: 1 | WR_EN: 1 | RD_CS: x | RD_EN: x | D_IN: 'd168 | D_OUT: 'dx | FULL: 0 | EMPTY: x
# UVM_INFO fifo_scoreboard.sv(29) @ 139550: uvm_test_top.env.scb [SCBD_WRITE] Stored Data: 'd168 | Queue Size: 18
# UVM_INFO fifo_driver.sv(44) @ 139750: uvm_test_top.env.in_agent.drv [DRV] WR_CS: 1 | WR_EN: 1 | RD_CS: 1 | RD_EN: 0 | D_IN: 'd217 | D_OUT: 'dx | FULL: x | EMPTY: x
# UVM_INFO fifo_inmonitor.sv(34) @ 139750: uvm_test_top.env.in_agent.mon [uvm_test_top.env.in_agent.mon] WRITE TX Captured:
# WR_CS: 1 | WR_EN: 1 | RD_CS: x | RD_EN: x | D_IN: 'd217 | D_OUT: 'dx | FULL: 0 | EMPTY: x
# UVM_INFO fifo_scoreboard.sv(29) @ 139750: uvm_test_top.env.scb [SCBD_WRITE] Stored Data: 'd217 | Queue Size: 19
# UVM_INFO fifo_driver.sv(44) @ 139950: uvm_test_top.env.in_agent.drv [DRV] WR_CS: 1 | WR_EN: 0 | RD_CS: 1 | RD_EN: 1 | D_IN: 'd192 | D_OUT: 'dx | FULL: x | EMPTY: x
# UVM_INFO fifo_outmonitor.sv(44) @ 140050: uvm_test_top.env.out_agent.mon [uvm_test_top.env.out_agent.mon] READ TX Captured:
# WR_CS: x | WR_EN: x | RD_CS: 1 | RD_EN: 1 | D_IN: 'dx | D_OUT: 'd22 | FULL: x | EMPTY: 0
# UVM_INFO fifo_scoreboard.sv(44) @ 140050: uvm_test_top.env.scb [SCBD_PASS] PASS! Expected: 'd22 | Actual: 'd22
# UVM_INFO fifo_driver.sv(44) @ 140150: uvm_test_top.env.in_agent.drv [DRV] WR_CS: 1 | WR_EN: 1 | RD_CS: 1 | RD_EN: 0 | D_IN: 'd32 | D_OUT: 'dx | FULL: x | EMPTY: x
# UVM_INFO fifo_inmonitor.sv(34) @ 140150: uvm_test_top.env.in_agent.mon [uvm_test_top.env.in_agent.mon] WRITE TX Captured:
# WR_CS: 1 | WR_EN: 1 | RD_CS: x | RD_EN: x | D_IN: 'd32 | D_OUT: 'dx | FULL: 0 | EMPTY: x
# UVM_INFO fifo_scoreboard.sv(29) @ 140150: uvm_test_top.env.scb [SCBD_WRITE] Stored Data: 'd32 | Queue Size: 19
# UVM_INFO fifo_driver.sv(44) @ 140350: uvm_test_top.env.in_agent.drv [DRV] WR_CS: 1 | WR_EN: 0 | RD_CS: 1 | RD_EN: 1 | D_IN: 'd19 | D_OUT: 'dx | FULL: x | EMPTY: x
# UVM_INFO fifo_outmonitor.sv(44) @ 140450: uvm_test_top.env.out_agent.mon [uvm_test_top.env.out_agent.mon] READ TX Captured:
# WR_CS: x | WR_EN: x | RD_CS: 1 | RD_EN: 1 | D_IN: 'dx | D_OUT: 'd197 | FULL: x | EMPTY: 0
# UVM_INFO fifo_scoreboard.sv(44) @ 140450: uvm_test_top.env.scb [SCBD_PASS] PASS! Expected: 'd197 | Actual: 'd197
# UVM_INFO fifo_driver.sv(44) @ 140550: uvm_test_top.env.in_agent.drv [DRV] WR_CS: 1 | WR_EN: 0 | RD_CS: 1 | RD_EN: 1 | D_IN: 'd197 | D_OUT: 'dx | FULL: x | EMPTY: x
# UVM_INFO fifo_outmonitor.sv(44) @ 140650: uvm_test_top.env.out_agent.mon [uvm_test_top.env.out_agent.mon] READ TX Captured:
# WR_CS: x | WR_EN: x | RD_CS: 1 | RD_EN: 1 | D_IN: 'dx | D_OUT: 'd9 | FULL: x | EMPTY: 0
# UVM_INFO fifo_scoreboard.sv(44) @ 140650: uvm_test_top.env.scb [SCBD_PASS] PASS! Expected: 'd9 | Actual: 'd9
# UVM_INFO fifo_driver.sv(44) @ 140750: uvm_test_top.env.in_agent.drv [DRV] WR_CS: 1 | WR_EN: 0 | RD_CS: 1 | RD_EN: 1 | D_IN: 'd74 | D_OUT: 'dx | FULL: x | EMPTY: x
# UVM_INFO fifo_outmonitor.sv(44) @ 140850: uvm_test_top.env.out_agent.mon [uvm_test_top.env.out_agent.mon] READ TX Captured:
# WR_CS: x | WR_EN: x | RD_CS: 1 | RD_EN: 1 | D_IN: 'dx | D_OUT: 'd61 | FULL: x | EMPTY: 0
# UVM_INFO fifo_scoreboard.sv(44) @ 140850: uvm_test_top.env.scb [SCBD_PASS] PASS! Expected: 'd61 | Actual: 'd61
# UVM_INFO fifo_driver.sv(44) @ 140950: uvm_test_top.env.in_agent.drv [DRV] WR_CS: 1 | WR_EN: 0 | RD_CS: 1 | RD_EN: 1 | D_IN: 'd16 | D_OUT: 'dx | FULL: x | EMPTY: x
# UVM_INFO fifo_outmonitor.sv(44) @ 141050: uvm_test_top.env.out_agent.mon [uvm_test_top.env.out_agent.mon] READ TX Captured:
# WR_CS: x | WR_EN: x | RD_CS: 1 | RD_EN: 1 | D_IN: 'dx | D_OUT: 'd101 | FULL: x | EMPTY: 0
# UVM_INFO fifo_scoreboard.sv(44) @ 141050: uvm_test_top.env.scb [SCBD_PASS] PASS! Expected: 'd101 | Actual: 'd101
# UVM_INFO fifo_driver.sv(44) @ 141150: uvm_test_top.env.in_agent.drv [DRV] WR_CS: 1 | WR_EN: 1 | RD_CS: 1 | RD_EN: 0 | D_IN: 'd136 | D_OUT: 'dx | FULL: x | EMPTY: x
# UVM_INFO fifo_inmonitor.sv(34) @ 141150: uvm_test_top.env.in_agent.mon [uvm_test_top.env.in_agent.mon] WRITE TX Captured:
# WR_CS: 1 | WR_EN: 1 | RD_CS: x | RD_EN: x | D_IN: 'd136 | D_OUT: 'dx | FULL: 0 | EMPTY: x
# UVM_INFO fifo_scoreboard.sv(29) @ 141150: uvm_test_top.env.scb [SCBD_WRITE] Stored Data: 'd136 | Queue Size: 16
# UVM_INFO fifo_driver.sv(44) @ 141350: uvm_test_top.env.in_agent.drv [DRV] WR_CS: 1 | WR_EN: 1 | RD_CS: 1 | RD_EN: 0 | D_IN: 'd94 | D_OUT: 'dx | FULL: x | EMPTY: x
# UVM_INFO fifo_inmonitor.sv(34) @ 141350: uvm_test_top.env.in_agent.mon [uvm_test_top.env.in_agent.mon] WRITE TX Captured:
# WR_CS: 1 | WR_EN: 1 | RD_CS: x | RD_EN: x | D_IN: 'd94 | D_OUT: 'dx | FULL: 0 | EMPTY: x
# UVM_INFO fifo_scoreboard.sv(29) @ 141350: uvm_test_top.env.scb [SCBD_WRITE] Stored Data: 'd94 | Queue Size: 17
# UVM_INFO fifo_driver.sv(44) @ 141550: uvm_test_top.env.in_agent.drv [DRV] WR_CS: 1 | WR_EN: 1 | RD_CS: 1 | RD_EN: 0 | D_IN: 'd56 | D_OUT: 'dx | FULL: x | EMPTY: x
# UVM_INFO fifo_inmonitor.sv(34) @ 141550: uvm_test_top.env.in_agent.mon [uvm_test_top.env.in_agent.mon] WRITE TX Captured:
# WR_CS: 1 | WR_EN: 1 | RD_CS: x | RD_EN: x | D_IN: 'd56 | D_OUT: 'dx | FULL: 0 | EMPTY: x
# UVM_INFO fifo_scoreboard.sv(29) @ 141550: uvm_test_top.env.scb [SCBD_WRITE] Stored Data: 'd56 | Queue Size: 18
# UVM_INFO fifo_driver.sv(44) @ 141750: uvm_test_top.env.in_agent.drv [DRV] WR_CS: 1 | WR_EN: 1 | RD_CS: 1 | RD_EN: 0 | D_IN: 'd16 | D_OUT: 'dx | FULL: x | EMPTY: x
# UVM_INFO fifo_inmonitor.sv(34) @ 141750: uvm_test_top.env.in_agent.mon [uvm_test_top.env.in_agent.mon] WRITE TX Captured:
# WR_CS: 1 | WR_EN: 1 | RD_CS: x | RD_EN: x | D_IN: 'd16 | D_OUT: 'dx | FULL: 0 | EMPTY: x
# UVM_INFO fifo_scoreboard.sv(29) @ 141750: uvm_test_top.env.scb [SCBD_WRITE] Stored Data: 'd16 | Queue Size: 19
# UVM_INFO fifo_driver.sv(44) @ 141950: uvm_test_top.env.in_agent.drv [DRV] WR_CS: 1 | WR_EN: 0 | RD_CS: 1 | RD_EN: 1 | D_IN: 'd39 | D_OUT: 'dx | FULL: x | EMPTY: x
# UVM_INFO fifo_outmonitor.sv(44) @ 142050: uvm_test_top.env.out_agent.mon [uvm_test_top.env.out_agent.mon] READ TX Captured:
# WR_CS: x | WR_EN: x | RD_CS: 1 | RD_EN: 1 | D_IN: 'dx | D_OUT: 'd219 | FULL: x | EMPTY: 0
# UVM_INFO fifo_scoreboard.sv(44) @ 142050: uvm_test_top.env.scb [SCBD_PASS] PASS! Expected: 'd219 | Actual: 'd219
# UVM_INFO fifo_driver.sv(44) @ 142150: uvm_test_top.env.in_agent.drv [DRV] WR_CS: 1 | WR_EN: 1 | RD_CS: 1 | RD_EN: 0 | D_IN: 'd6 | D_OUT: 'dx | FULL: x | EMPTY: x
# UVM_INFO fifo_inmonitor.sv(34) @ 142150: uvm_test_top.env.in_agent.mon [uvm_test_top.env.in_agent.mon] WRITE TX Captured:
# WR_CS: 1 | WR_EN: 1 | RD_CS: x | RD_EN: x | D_IN: 'd6 | D_OUT: 'dx | FULL: 0 | EMPTY: x
# UVM_INFO fifo_scoreboard.sv(29) @ 142150: uvm_test_top.env.scb [SCBD_WRITE] Stored Data: 'd6 | Queue Size: 19
# UVM_INFO fifo_driver.sv(44) @ 142350: uvm_test_top.env.in_agent.drv [DRV] WR_CS: 1 | WR_EN: 0 | RD_CS: 1 | RD_EN: 1 | D_IN: 'd64 | D_OUT: 'dx | FULL: x | EMPTY: x
# UVM_INFO fifo_outmonitor.sv(44) @ 142450: uvm_test_top.env.out_agent.mon [uvm_test_top.env.out_agent.mon] READ TX Captured:
# WR_CS: x | WR_EN: x | RD_CS: 1 | RD_EN: 1 | D_IN: 'dx | D_OUT: 'd189 | FULL: x | EMPTY: 0
# UVM_INFO fifo_scoreboard.sv(44) @ 142450: uvm_test_top.env.scb [SCBD_PASS] PASS! Expected: 'd189 | Actual: 'd189
# UVM_INFO fifo_driver.sv(44) @ 142550: uvm_test_top.env.in_agent.drv [DRV] WR_CS: 1 | WR_EN: 0 | RD_CS: 1 | RD_EN: 1 | D_IN: 'd229 | D_OUT: 'dx | FULL: x | EMPTY: x
# UVM_INFO fifo_outmonitor.sv(44) @ 142650: uvm_test_top.env.out_agent.mon [uvm_test_top.env.out_agent.mon] READ TX Captured:
# WR_CS: x | WR_EN: x | RD_CS: 1 | RD_EN: 1 | D_IN: 'dx | D_OUT: 'd33 | FULL: x | EMPTY: 0
# UVM_INFO fifo_scoreboard.sv(44) @ 142650: uvm_test_top.env.scb [SCBD_PASS] PASS! Expected: 'd33 | Actual: 'd33
# UVM_INFO fifo_driver.sv(44) @ 142750: uvm_test_top.env.in_agent.drv [DRV] WR_CS: 1 | WR_EN: 1 | RD_CS: 1 | RD_EN: 0 | D_IN: 'd210 | D_OUT: 'dx | FULL: x | EMPTY: x
# UVM_INFO fifo_inmonitor.sv(34) @ 142750: uvm_test_top.env.in_agent.mon [uvm_test_top.env.in_agent.mon] WRITE TX Captured:
# WR_CS: 1 | WR_EN: 1 | RD_CS: x | RD_EN: x | D_IN: 'd210 | D_OUT: 'dx | FULL: 0 | EMPTY: x
# UVM_INFO fifo_scoreboard.sv(29) @ 142750: uvm_test_top.env.scb [SCBD_WRITE] Stored Data: 'd210 | Queue Size: 18
# UVM_INFO fifo_driver.sv(44) @ 142950: uvm_test_top.env.in_agent.drv [DRV] WR_CS: 1 | WR_EN: 0 | RD_CS: 1 | RD_EN: 1 | D_IN: 'd11 | D_OUT: 'dx | FULL: x | EMPTY: x
# UVM_INFO fifo_outmonitor.sv(44) @ 143050: uvm_test_top.env.out_agent.mon [uvm_test_top.env.out_agent.mon] READ TX Captured:
# WR_CS: x | WR_EN: x | RD_CS: 1 | RD_EN: 1 | D_IN: 'dx | D_OUT: 'd10 | FULL: x | EMPTY: 0
# UVM_INFO fifo_scoreboard.sv(44) @ 143050: uvm_test_top.env.scb [SCBD_PASS] PASS! Expected: 'd10 | Actual: 'd10
# UVM_INFO fifo_driver.sv(44) @ 143150: uvm_test_top.env.in_agent.drv [DRV] WR_CS: 1 | WR_EN: 1 | RD_CS: 1 | RD_EN: 0 | D_IN: 'd98 | D_OUT: 'dx | FULL: x | EMPTY: x
# UVM_INFO fifo_inmonitor.sv(34) @ 143150: uvm_test_top.env.in_agent.mon [uvm_test_top.env.in_agent.mon] WRITE TX Captured:
# WR_CS: 1 | WR_EN: 1 | RD_CS: x | RD_EN: x | D_IN: 'd98 | D_OUT: 'dx | FULL: 0 | EMPTY: x
# UVM_INFO fifo_scoreboard.sv(29) @ 143150: uvm_test_top.env.scb [SCBD_WRITE] Stored Data: 'd98 | Queue Size: 18
# UVM_INFO fifo_driver.sv(44) @ 143350: uvm_test_top.env.in_agent.drv [DRV] WR_CS: 1 | WR_EN: 0 | RD_CS: 1 | RD_EN: 1 | D_IN: 'd234 | D_OUT: 'dx | FULL: x | EMPTY: x
# UVM_INFO fifo_outmonitor.sv(44) @ 143450: uvm_test_top.env.out_agent.mon [uvm_test_top.env.out_agent.mon] READ TX Captured:
# WR_CS: x | WR_EN: x | RD_CS: 1 | RD_EN: 1 | D_IN: 'dx | D_OUT: 'd22 | FULL: x | EMPTY: 0
# UVM_INFO fifo_scoreboard.sv(44) @ 143450: uvm_test_top.env.scb [SCBD_PASS] PASS! Expected: 'd22 | Actual: 'd22
# UVM_INFO fifo_driver.sv(44) @ 143550: uvm_test_top.env.in_agent.drv [DRV] WR_CS: 1 | WR_EN: 0 | RD_CS: 1 | RD_EN: 1 | D_IN: 'd230 | D_OUT: 'dx | FULL: x | EMPTY: x
# UVM_INFO fifo_outmonitor.sv(44) @ 143650: uvm_test_top.env.out_agent.mon [uvm_test_top.env.out_agent.mon] READ TX Captured:
# WR_CS: x | WR_EN: x | RD_CS: 1 | RD_EN: 1 | D_IN: 'dx | D_OUT: 'd105 | FULL: x | EMPTY: 0
# UVM_INFO fifo_scoreboard.sv(44) @ 143650: uvm_test_top.env.scb [SCBD_PASS] PASS! Expected: 'd105 | Actual: 'd105
# UVM_INFO fifo_driver.sv(44) @ 143750: uvm_test_top.env.in_agent.drv [DRV] WR_CS: 1 | WR_EN: 0 | RD_CS: 1 | RD_EN: 1 | D_IN: 'd22 | D_OUT: 'dx | FULL: x | EMPTY: x
# UVM_INFO fifo_outmonitor.sv(44) @ 143850: uvm_test_top.env.out_agent.mon [uvm_test_top.env.out_agent.mon] READ TX Captured:
# WR_CS: x | WR_EN: x | RD_CS: 1 | RD_EN: 1 | D_IN: 'dx | D_OUT: 'd57 | FULL: x | EMPTY: 0
# UVM_INFO fifo_scoreboard.sv(44) @ 143850: uvm_test_top.env.scb [SCBD_PASS] PASS! Expected: 'd57 | Actual: 'd57
# UVM_INFO fifo_driver.sv(44) @ 143950: uvm_test_top.env.in_agent.drv [DRV] WR_CS: 1 | WR_EN: 1 | RD_CS: 1 | RD_EN: 0 | D_IN: 'd227 | D_OUT: 'dx | FULL: x | EMPTY: x
# UVM_INFO fifo_inmonitor.sv(34) @ 143950: uvm_test_top.env.in_agent.mon [uvm_test_top.env.in_agent.mon] WRITE TX Captured:
# WR_CS: 1 | WR_EN: 1 | RD_CS: x | RD_EN: x | D_IN: 'd227 | D_OUT: 'dx | FULL: 0 | EMPTY: x
# UVM_INFO fifo_scoreboard.sv(29) @ 143950: uvm_test_top.env.scb [SCBD_WRITE] Stored Data: 'd227 | Queue Size: 16
# UVM_INFO fifo_driver.sv(44) @ 144150: uvm_test_top.env.in_agent.drv [DRV] WR_CS: 1 | WR_EN: 0 | RD_CS: 1 | RD_EN: 1 | D_IN: 'd204 | D_OUT: 'dx | FULL: x | EMPTY: x
# UVM_INFO fifo_outmonitor.sv(44) @ 144250: uvm_test_top.env.out_agent.mon [uvm_test_top.env.out_agent.mon] READ TX Captured:
# WR_CS: x | WR_EN: x | RD_CS: 1 | RD_EN: 1 | D_IN: 'dx | D_OUT: 'd244 | FULL: x | EMPTY: 0
# UVM_INFO fifo_scoreboard.sv(44) @ 144250: uvm_test_top.env.scb [SCBD_PASS] PASS! Expected: 'd244 | Actual: 'd244
# UVM_INFO fifo_driver.sv(44) @ 144350: uvm_test_top.env.in_agent.drv [DRV] WR_CS: 1 | WR_EN: 1 | RD_CS: 1 | RD_EN: 0 | D_IN: 'd140 | D_OUT: 'dx | FULL: x | EMPTY: x
# UVM_INFO fifo_inmonitor.sv(34) @ 144350: uvm_test_top.env.in_agent.mon [uvm_test_top.env.in_agent.mon] WRITE TX Captured:
# WR_CS: 1 | WR_EN: 1 | RD_CS: x | RD_EN: x | D_IN: 'd140 | D_OUT: 'dx | FULL: 0 | EMPTY: x
# UVM_INFO fifo_scoreboard.sv(29) @ 144350: uvm_test_top.env.scb [SCBD_WRITE] Stored Data: 'd140 | Queue Size: 16
# UVM_INFO fifo_driver.sv(44) @ 144550: uvm_test_top.env.in_agent.drv [DRV] WR_CS: 1 | WR_EN: 0 | RD_CS: 1 | RD_EN: 1 | D_IN: 'd129 | D_OUT: 'dx | FULL: x | EMPTY: x
# UVM_INFO fifo_outmonitor.sv(44) @ 144650: uvm_test_top.env.out_agent.mon [uvm_test_top.env.out_agent.mon] READ TX Captured:
# WR_CS: x | WR_EN: x | RD_CS: 1 | RD_EN: 1 | D_IN: 'dx | D_OUT: 'd250 | FULL: x | EMPTY: 0
# UVM_INFO fifo_scoreboard.sv(44) @ 144650: uvm_test_top.env.scb [SCBD_PASS] PASS! Expected: 'd250 | Actual: 'd250
# UVM_INFO fifo_driver.sv(44) @ 144750: uvm_test_top.env.in_agent.drv [DRV] WR_CS: 1 | WR_EN: 1 | RD_CS: 1 | RD_EN: 0 | D_IN: 'd86 | D_OUT: 'dx | FULL: x | EMPTY: x
# UVM_INFO fifo_inmonitor.sv(34) @ 144750: uvm_test_top.env.in_agent.mon [uvm_test_top.env.in_agent.mon] WRITE TX Captured:
# WR_CS: 1 | WR_EN: 1 | RD_CS: x | RD_EN: x | D_IN: 'd86 | D_OUT: 'dx | FULL: 0 | EMPTY: x
# UVM_INFO fifo_scoreboard.sv(29) @ 144750: uvm_test_top.env.scb [SCBD_WRITE] Stored Data: 'd86 | Queue Size: 16
# UVM_INFO fifo_driver.sv(44) @ 144950: uvm_test_top.env.in_agent.drv [DRV] WR_CS: 1 | WR_EN: 0 | RD_CS: 1 | RD_EN: 1 | D_IN: 'd175 | D_OUT: 'dx | FULL: x | EMPTY: x
# UVM_INFO fifo_outmonitor.sv(44) @ 145050: uvm_test_top.env.out_agent.mon [uvm_test_top.env.out_agent.mon] READ TX Captured:
# WR_CS: x | WR_EN: x | RD_CS: 1 | RD_EN: 1 | D_IN: 'dx | D_OUT: 'd194 | FULL: x | EMPTY: 0
# UVM_INFO fifo_scoreboard.sv(44) @ 145050: uvm_test_top.env.scb [SCBD_PASS] PASS! Expected: 'd194 | Actual: 'd194
# UVM_INFO fifo_driver.sv(44) @ 145150: uvm_test_top.env.in_agent.drv [DRV] WR_CS: 1 | WR_EN: 0 | RD_CS: 1 | RD_EN: 1 | D_IN: 'd38 | D_OUT: 'dx | FULL: x | EMPTY: x
# UVM_INFO fifo_outmonitor.sv(44) @ 145250: uvm_test_top.env.out_agent.mon [uvm_test_top.env.out_agent.mon] READ TX Captured:
# WR_CS: x | WR_EN: x | RD_CS: 1 | RD_EN: 1 | D_IN: 'dx | D_OUT: 'd48 | FULL: x | EMPTY: 0
# UVM_INFO fifo_scoreboard.sv(44) @ 145250: uvm_test_top.env.scb [SCBD_PASS] PASS! Expected: 'd48 | Actual: 'd48
# UVM_INFO fifo_driver.sv(44) @ 145350: uvm_test_top.env.in_agent.drv [DRV] WR_CS: 1 | WR_EN: 0 | RD_CS: 1 | RD_EN: 1 | D_IN: 'd136 | D_OUT: 'dx | FULL: x | EMPTY: x
# UVM_INFO fifo_outmonitor.sv(44) @ 145450: uvm_test_top.env.out_agent.mon [uvm_test_top.env.out_agent.mon] READ TX Captured:
# WR_CS: x | WR_EN: x | RD_CS: 1 | RD_EN: 1 | D_IN: 'dx | D_OUT: 'd34 | FULL: x | EMPTY: 0
# UVM_INFO fifo_scoreboard.sv(44) @ 145450: uvm_test_top.env.scb [SCBD_PASS] PASS! Expected: 'd34 | Actual: 'd34
# UVM_INFO fifo_driver.sv(44) @ 145550: uvm_test_top.env.in_agent.drv [DRV] WR_CS: 1 | WR_EN: 0 | RD_CS: 1 | RD_EN: 1 | D_IN: 'd188 | D_OUT: 'dx | FULL: x | EMPTY: x
# UVM_INFO fifo_outmonitor.sv(44) @ 145650: uvm_test_top.env.out_agent.mon [uvm_test_top.env.out_agent.mon] READ TX Captured:
# WR_CS: x | WR_EN: x | RD_CS: 1 | RD_EN: 1 | D_IN: 'dx | D_OUT: 'd168 | FULL: x | EMPTY: 0
# UVM_INFO fifo_scoreboard.sv(44) @ 145650: uvm_test_top.env.scb [SCBD_PASS] PASS! Expected: 'd168 | Actual: 'd168
# UVM_INFO fifo_driver.sv(44) @ 145750: uvm_test_top.env.in_agent.drv [DRV] WR_CS: 1 | WR_EN: 1 | RD_CS: 1 | RD_EN: 0 | D_IN: 'd250 | D_OUT: 'dx | FULL: x | EMPTY: x
# UVM_INFO fifo_inmonitor.sv(34) @ 145750: uvm_test_top.env.in_agent.mon [uvm_test_top.env.in_agent.mon] WRITE TX Captured:
# WR_CS: 1 | WR_EN: 1 | RD_CS: x | RD_EN: x | D_IN: 'd250 | D_OUT: 'dx | FULL: 0 | EMPTY: x
# UVM_INFO fifo_scoreboard.sv(29) @ 145750: uvm_test_top.env.scb [SCBD_WRITE] Stored Data: 'd250 | Queue Size: 13
# UVM_INFO fifo_driver.sv(44) @ 145950: uvm_test_top.env.in_agent.drv [DRV] WR_CS: 1 | WR_EN: 1 | RD_CS: 1 | RD_EN: 0 | D_IN: 'd158 | D_OUT: 'dx | FULL: x | EMPTY: x
# UVM_INFO fifo_inmonitor.sv(34) @ 145950: uvm_test_top.env.in_agent.mon [uvm_test_top.env.in_agent.mon] WRITE TX Captured:
# WR_CS: 1 | WR_EN: 1 | RD_CS: x | RD_EN: x | D_IN: 'd158 | D_OUT: 'dx | FULL: 0 | EMPTY: x
# UVM_INFO fifo_scoreboard.sv(29) @ 145950: uvm_test_top.env.scb [SCBD_WRITE] Stored Data: 'd158 | Queue Size: 14
# UVM_INFO fifo_driver.sv(44) @ 146150: uvm_test_top.env.in_agent.drv [DRV] WR_CS: 1 | WR_EN: 0 | RD_CS: 1 | RD_EN: 1 | D_IN: 'd130 | D_OUT: 'dx | FULL: x | EMPTY: x
# UVM_INFO fifo_outmonitor.sv(44) @ 146250: uvm_test_top.env.out_agent.mon [uvm_test_top.env.out_agent.mon] READ TX Captured:
# WR_CS: x | WR_EN: x | RD_CS: 1 | RD_EN: 1 | D_IN: 'dx | D_OUT: 'd217 | FULL: x | EMPTY: 0
# UVM_INFO fifo_scoreboard.sv(44) @ 146250: uvm_test_top.env.scb [SCBD_PASS] PASS! Expected: 'd217 | Actual: 'd217
# UVM_INFO fifo_driver.sv(44) @ 146350: uvm_test_top.env.in_agent.drv [DRV] WR_CS: 1 | WR_EN: 1 | RD_CS: 1 | RD_EN: 0 | D_IN: 'd62 | D_OUT: 'dx | FULL: x | EMPTY: x
# UVM_INFO fifo_inmonitor.sv(34) @ 146350: uvm_test_top.env.in_agent.mon [uvm_test_top.env.in_agent.mon] WRITE TX Captured:
# WR_CS: 1 | WR_EN: 1 | RD_CS: x | RD_EN: x | D_IN: 'd62 | D_OUT: 'dx | FULL: 0 | EMPTY: x
# UVM_INFO fifo_scoreboard.sv(29) @ 146350: uvm_test_top.env.scb [SCBD_WRITE] Stored Data: 'd62 | Queue Size: 14
# UVM_INFO fifo_driver.sv(44) @ 146550: uvm_test_top.env.in_agent.drv [DRV] WR_CS: 1 | WR_EN: 1 | RD_CS: 1 | RD_EN: 0 | D_IN: 'd104 | D_OUT: 'dx | FULL: x | EMPTY: x
# UVM_INFO fifo_inmonitor.sv(34) @ 146550: uvm_test_top.env.in_agent.mon [uvm_test_top.env.in_agent.mon] WRITE TX Captured:
# WR_CS: 1 | WR_EN: 1 | RD_CS: x | RD_EN: x | D_IN: 'd104 | D_OUT: 'dx | FULL: 0 | EMPTY: x
# UVM_INFO fifo_scoreboard.sv(29) @ 146550: uvm_test_top.env.scb [SCBD_WRITE] Stored Data: 'd104 | Queue Size: 15
# UVM_INFO fifo_driver.sv(44) @ 146750: uvm_test_top.env.in_agent.drv [DRV] WR_CS: 1 | WR_EN: 1 | RD_CS: 1 | RD_EN: 0 | D_IN: 'd227 | D_OUT: 'dx | FULL: x | EMPTY: x
# UVM_INFO fifo_inmonitor.sv(34) @ 146750: uvm_test_top.env.in_agent.mon [uvm_test_top.env.in_agent.mon] WRITE TX Captured:
# WR_CS: 1 | WR_EN: 1 | RD_CS: x | RD_EN: x | D_IN: 'd227 | D_OUT: 'dx | FULL: 0 | EMPTY: x
# UVM_INFO fifo_scoreboard.sv(29) @ 146750: uvm_test_top.env.scb [SCBD_WRITE] Stored Data: 'd227 | Queue Size: 16
# UVM_INFO fifo_driver.sv(44) @ 146950: uvm_test_top.env.in_agent.drv [DRV] WR_CS: 1 | WR_EN: 0 | RD_CS: 1 | RD_EN: 1 | D_IN: 'd169 | D_OUT: 'dx | FULL: x | EMPTY: x
# UVM_INFO fifo_outmonitor.sv(44) @ 147050: uvm_test_top.env.out_agent.mon [uvm_test_top.env.out_agent.mon] READ TX Captured:
# WR_CS: x | WR_EN: x | RD_CS: 1 | RD_EN: 1 | D_IN: 'dx | D_OUT: 'd32 | FULL: x | EMPTY: 0
# UVM_INFO fifo_scoreboard.sv(44) @ 147050: uvm_test_top.env.scb [SCBD_PASS] PASS! Expected: 'd32 | Actual: 'd32
# UVM_INFO fifo_driver.sv(44) @ 147150: uvm_test_top.env.in_agent.drv [DRV] WR_CS: 1 | WR_EN: 0 | RD_CS: 1 | RD_EN: 1 | D_IN: 'd63 | D_OUT: 'dx | FULL: x | EMPTY: x
# UVM_INFO fifo_outmonitor.sv(44) @ 147250: uvm_test_top.env.out_agent.mon [uvm_test_top.env.out_agent.mon] READ TX Captured:
# WR_CS: x | WR_EN: x | RD_CS: 1 | RD_EN: 1 | D_IN: 'dx | D_OUT: 'd136 | FULL: x | EMPTY: 0
# UVM_INFO fifo_scoreboard.sv(44) @ 147250: uvm_test_top.env.scb [SCBD_PASS] PASS! Expected: 'd136 | Actual: 'd136
# UVM_INFO fifo_driver.sv(44) @ 147350: uvm_test_top.env.in_agent.drv [DRV] WR_CS: 1 | WR_EN: 1 | RD_CS: 1 | RD_EN: 0 | D_IN: 'd189 | D_OUT: 'dx | FULL: x | EMPTY: x
# UVM_INFO fifo_inmonitor.sv(34) @ 147350: uvm_test_top.env.in_agent.mon [uvm_test_top.env.in_agent.mon] WRITE TX Captured:
# WR_CS: 1 | WR_EN: 1 | RD_CS: x | RD_EN: x | D_IN: 'd189 | D_OUT: 'dx | FULL: 0 | EMPTY: x
# UVM_INFO fifo_scoreboard.sv(29) @ 147350: uvm_test_top.env.scb [SCBD_WRITE] Stored Data: 'd189 | Queue Size: 15
# UVM_INFO fifo_driver.sv(44) @ 147550: uvm_test_top.env.in_agent.drv [DRV] WR_CS: 1 | WR_EN: 1 | RD_CS: 1 | RD_EN: 0 | D_IN: 'd100 | D_OUT: 'dx | FULL: x | EMPTY: x
# UVM_INFO fifo_inmonitor.sv(34) @ 147550: uvm_test_top.env.in_agent.mon [uvm_test_top.env.in_agent.mon] WRITE TX Captured:
# WR_CS: 1 | WR_EN: 1 | RD_CS: x | RD_EN: x | D_IN: 'd100 | D_OUT: 'dx | FULL: 0 | EMPTY: x
# UVM_INFO fifo_scoreboard.sv(29) @ 147550: uvm_test_top.env.scb [SCBD_WRITE] Stored Data: 'd100 | Queue Size: 16
# UVM_INFO fifo_driver.sv(44) @ 147750: uvm_test_top.env.in_agent.drv [DRV] WR_CS: 1 | WR_EN: 0 | RD_CS: 1 | RD_EN: 1 | D_IN: 'd38 | D_OUT: 'dx | FULL: x | EMPTY: x
# UVM_INFO fifo_outmonitor.sv(44) @ 147850: uvm_test_top.env.out_agent.mon [uvm_test_top.env.out_agent.mon] READ TX Captured:
# WR_CS: x | WR_EN: x | RD_CS: 1 | RD_EN: 1 | D_IN: 'dx | D_OUT: 'd94 | FULL: x | EMPTY: 0
# UVM_INFO fifo_scoreboard.sv(44) @ 147850: uvm_test_top.env.scb [SCBD_PASS] PASS! Expected: 'd94 | Actual: 'd94
# UVM_INFO fifo_driver.sv(44) @ 147950: uvm_test_top.env.in_agent.drv [DRV] WR_CS: 1 | WR_EN: 1 | RD_CS: 1 | RD_EN: 0 | D_IN: 'd17 | D_OUT: 'dx | FULL: x | EMPTY: x
# UVM_INFO fifo_inmonitor.sv(34) @ 147950: uvm_test_top.env.in_agent.mon [uvm_test_top.env.in_agent.mon] WRITE TX Captured:
# WR_CS: 1 | WR_EN: 1 | RD_CS: x | RD_EN: x | D_IN: 'd17 | D_OUT: 'dx | FULL: 0 | EMPTY: x
# UVM_INFO fifo_scoreboard.sv(29) @ 147950: uvm_test_top.env.scb [SCBD_WRITE] Stored Data: 'd17 | Queue Size: 16
# UVM_INFO fifo_driver.sv(44) @ 148150: uvm_test_top.env.in_agent.drv [DRV] WR_CS: 1 | WR_EN: 0 | RD_CS: 1 | RD_EN: 1 | D_IN: 'd144 | D_OUT: 'dx | FULL: x | EMPTY: x
# UVM_INFO fifo_outmonitor.sv(44) @ 148250: uvm_test_top.env.out_agent.mon [uvm_test_top.env.out_agent.mon] READ TX Captured:
# WR_CS: x | WR_EN: x | RD_CS: 1 | RD_EN: 1 | D_IN: 'dx | D_OUT: 'd56 | FULL: x | EMPTY: 0
# UVM_INFO fifo_scoreboard.sv(44) @ 148250: uvm_test_top.env.scb [SCBD_PASS] PASS! Expected: 'd56 | Actual: 'd56
# UVM_INFO fifo_driver.sv(44) @ 148350: uvm_test_top.env.in_agent.drv [DRV] WR_CS: 1 | WR_EN: 1 | RD_CS: 1 | RD_EN: 0 | D_IN: 'd87 | D_OUT: 'dx | FULL: x | EMPTY: x
# UVM_INFO fifo_inmonitor.sv(34) @ 148350: uvm_test_top.env.in_agent.mon [uvm_test_top.env.in_agent.mon] WRITE TX Captured:
# WR_CS: 1 | WR_EN: 1 | RD_CS: x | RD_EN: x | D_IN: 'd87 | D_OUT: 'dx | FULL: 0 | EMPTY: x
# UVM_INFO fifo_scoreboard.sv(29) @ 148350: uvm_test_top.env.scb [SCBD_WRITE] Stored Data: 'd87 | Queue Size: 16
# UVM_INFO fifo_driver.sv(44) @ 148550: uvm_test_top.env.in_agent.drv [DRV] WR_CS: 1 | WR_EN: 1 | RD_CS: 1 | RD_EN: 0 | D_IN: 'd62 | D_OUT: 'dx | FULL: x | EMPTY: x
# UVM_INFO fifo_inmonitor.sv(34) @ 148550: uvm_test_top.env.in_agent.mon [uvm_test_top.env.in_agent.mon] WRITE TX Captured:
# WR_CS: 1 | WR_EN: 1 | RD_CS: x | RD_EN: x | D_IN: 'd62 | D_OUT: 'dx | FULL: 0 | EMPTY: x
# UVM_INFO fifo_scoreboard.sv(29) @ 148550: uvm_test_top.env.scb [SCBD_WRITE] Stored Data: 'd62 | Queue Size: 17
# UVM_INFO fifo_driver.sv(44) @ 148750: uvm_test_top.env.in_agent.drv [DRV] WR_CS: 1 | WR_EN: 0 | RD_CS: 1 | RD_EN: 1 | D_IN: 'd83 | D_OUT: 'dx | FULL: x | EMPTY: x
# UVM_INFO fifo_outmonitor.sv(44) @ 148850: uvm_test_top.env.out_agent.mon [uvm_test_top.env.out_agent.mon] READ TX Captured:
# WR_CS: x | WR_EN: x | RD_CS: 1 | RD_EN: 1 | D_IN: 'dx | D_OUT: 'd16 | FULL: x | EMPTY: 0
# UVM_INFO fifo_scoreboard.sv(44) @ 148850: uvm_test_top.env.scb [SCBD_PASS] PASS! Expected: 'd16 | Actual: 'd16
# UVM_INFO fifo_driver.sv(44) @ 148950: uvm_test_top.env.in_agent.drv [DRV] WR_CS: 1 | WR_EN: 1 | RD_CS: 1 | RD_EN: 0 | D_IN: 'd254 | D_OUT: 'dx | FULL: x | EMPTY: x
# UVM_INFO fifo_inmonitor.sv(34) @ 148950: uvm_test_top.env.in_agent.mon [uvm_test_top.env.in_agent.mon] WRITE TX Captured:
# WR_CS: 1 | WR_EN: 1 | RD_CS: x | RD_EN: x | D_IN: 'd254 | D_OUT: 'dx | FULL: 0 | EMPTY: x
# UVM_INFO fifo_scoreboard.sv(29) @ 148950: uvm_test_top.env.scb [SCBD_WRITE] Stored Data: 'd254 | Queue Size: 17
# UVM_INFO fifo_driver.sv(44) @ 149150: uvm_test_top.env.in_agent.drv [DRV] WR_CS: 1 | WR_EN: 0 | RD_CS: 1 | RD_EN: 1 | D_IN: 'd220 | D_OUT: 'dx | FULL: x | EMPTY: x
# UVM_INFO fifo_outmonitor.sv(44) @ 149250: uvm_test_top.env.out_agent.mon [uvm_test_top.env.out_agent.mon] READ TX Captured:
# WR_CS: x | WR_EN: x | RD_CS: 1 | RD_EN: 1 | D_IN: 'dx | D_OUT: 'd6 | FULL: x | EMPTY: 0
# UVM_INFO fifo_scoreboard.sv(44) @ 149250: uvm_test_top.env.scb [SCBD_PASS] PASS! Expected: 'd6 | Actual: 'd6
# UVM_INFO fifo_driver.sv(44) @ 149350: uvm_test_top.env.in_agent.drv [DRV] WR_CS: 1 | WR_EN: 0 | RD_CS: 1 | RD_EN: 1 | D_IN: 'd250 | D_OUT: 'dx | FULL: x | EMPTY: x
# UVM_INFO fifo_outmonitor.sv(44) @ 149450: uvm_test_top.env.out_agent.mon [uvm_test_top.env.out_agent.mon] READ TX Captured:
# WR_CS: x | WR_EN: x | RD_CS: 1 | RD_EN: 1 | D_IN: 'dx | D_OUT: 'd210 | FULL: x | EMPTY: 0
# UVM_INFO fifo_scoreboard.sv(44) @ 149450: uvm_test_top.env.scb [SCBD_PASS] PASS! Expected: 'd210 | Actual: 'd210
# UVM_INFO fifo_driver.sv(44) @ 149550: uvm_test_top.env.in_agent.drv [DRV] WR_CS: 1 | WR_EN: 0 | RD_CS: 1 | RD_EN: 1 | D_IN: 'd134 | D_OUT: 'dx | FULL: x | EMPTY: x
# UVM_INFO fifo_outmonitor.sv(44) @ 149650: uvm_test_top.env.out_agent.mon [uvm_test_top.env.out_agent.mon] READ TX Captured:
# WR_CS: x | WR_EN: x | RD_CS: 1 | RD_EN: 1 | D_IN: 'dx | D_OUT: 'd98 | FULL: x | EMPTY: 0
# UVM_INFO fifo_scoreboard.sv(44) @ 149650: uvm_test_top.env.scb [SCBD_PASS] PASS! Expected: 'd98 | Actual: 'd98
# UVM_INFO fifo_driver.sv(44) @ 149750: uvm_test_top.env.in_agent.drv [DRV] WR_CS: 1 | WR_EN: 0 | RD_CS: 1 | RD_EN: 1 | D_IN: 'd43 | D_OUT: 'dx | FULL: x | EMPTY: x
# UVM_INFO fifo_outmonitor.sv(44) @ 149850: uvm_test_top.env.out_agent.mon [uvm_test_top.env.out_agent.mon] READ TX Captured:
# WR_CS: x | WR_EN: x | RD_CS: 1 | RD_EN: 1 | D_IN: 'dx | D_OUT: 'd227 | FULL: x | EMPTY: 0
# UVM_INFO fifo_scoreboard.sv(44) @ 149850: uvm_test_top.env.scb [SCBD_PASS] PASS! Expected: 'd227 | Actual: 'd227
# UVM_INFO fifo_driver.sv(44) @ 149950: uvm_test_top.env.in_agent.drv [DRV] WR_CS: 1 | WR_EN: 1 | RD_CS: 1 | RD_EN: 0 | D_IN: 'd230 | D_OUT: 'dx | FULL: x | EMPTY: x
# UVM_INFO fifo_inmonitor.sv(34) @ 149950: uvm_test_top.env.in_agent.mon [uvm_test_top.env.in_agent.mon] WRITE TX Captured:
# WR_CS: 1 | WR_EN: 1 | RD_CS: x | RD_EN: x | D_IN: 'd230 | D_OUT: 'dx | FULL: 0 | EMPTY: x
# UVM_INFO fifo_scoreboard.sv(29) @ 149950: uvm_test_top.env.scb [SCBD_WRITE] Stored Data: 'd230 | Queue Size: 14
# UVM_INFO fifo_driver.sv(44) @ 150150: uvm_test_top.env.in_agent.drv [DRV] WR_CS: 1 | WR_EN: 1 | RD_CS: 1 | RD_EN: 0 | D_IN: 'd92 | D_OUT: 'dx | FULL: x | EMPTY: x
# UVM_INFO fifo_inmonitor.sv(34) @ 150150: uvm_test_top.env.in_agent.mon [uvm_test_top.env.in_agent.mon] WRITE TX Captured:
# WR_CS: 1 | WR_EN: 1 | RD_CS: x | RD_EN: x | D_IN: 'd92 | D_OUT: 'dx | FULL: 0 | EMPTY: x
# UVM_INFO fifo_scoreboard.sv(29) @ 150150: uvm_test_top.env.scb [SCBD_WRITE] Stored Data: 'd92 | Queue Size: 15
# UVM_INFO fifo_driver.sv(44) @ 150350: uvm_test_top.env.in_agent.drv [DRV] WR_CS: 1 | WR_EN: 1 | RD_CS: 1 | RD_EN: 0 | D_IN: 'd42 | D_OUT: 'dx | FULL: x | EMPTY: x
# UVM_INFO fifo_inmonitor.sv(34) @ 150350: uvm_test_top.env.in_agent.mon [uvm_test_top.env.in_agent.mon] WRITE TX Captured:
# WR_CS: 1 | WR_EN: 1 | RD_CS: x | RD_EN: x | D_IN: 'd42 | D_OUT: 'dx | FULL: 0 | EMPTY: x
# UVM_INFO fifo_scoreboard.sv(29) @ 150350: uvm_test_top.env.scb [SCBD_WRITE] Stored Data: 'd42 | Queue Size: 16
# UVM_INFO fifo_driver.sv(44) @ 150550: uvm_test_top.env.in_agent.drv [DRV] WR_CS: 1 | WR_EN: 1 | RD_CS: 1 | RD_EN: 0 | D_IN: 'd178 | D_OUT: 'dx | FULL: x | EMPTY: x
# UVM_INFO fifo_inmonitor.sv(34) @ 150550: uvm_test_top.env.in_agent.mon [uvm_test_top.env.in_agent.mon] WRITE TX Captured:
# WR_CS: 1 | WR_EN: 1 | RD_CS: x | RD_EN: x | D_IN: 'd178 | D_OUT: 'dx | FULL: 0 | EMPTY: x
# UVM_INFO fifo_scoreboard.sv(29) @ 150550: uvm_test_top.env.scb [SCBD_WRITE] Stored Data: 'd178 | Queue Size: 17
# UVM_INFO fifo_driver.sv(44) @ 150750: uvm_test_top.env.in_agent.drv [DRV] WR_CS: 1 | WR_EN: 1 | RD_CS: 1 | RD_EN: 0 | D_IN: 'd136 | D_OUT: 'dx | FULL: x | EMPTY: x
# UVM_INFO fifo_inmonitor.sv(34) @ 150750: uvm_test_top.env.in_agent.mon [uvm_test_top.env.in_agent.mon] WRITE TX Captured:
# WR_CS: 1 | WR_EN: 1 | RD_CS: x | RD_EN: x | D_IN: 'd136 | D_OUT: 'dx | FULL: 0 | EMPTY: x
# UVM_INFO fifo_scoreboard.sv(29) @ 150750: uvm_test_top.env.scb [SCBD_WRITE] Stored Data: 'd136 | Queue Size: 18
# UVM_INFO fifo_driver.sv(44) @ 150950: uvm_test_top.env.in_agent.drv [DRV] WR_CS: 1 | WR_EN: 1 | RD_CS: 1 | RD_EN: 0 | D_IN: 'd177 | D_OUT: 'dx | FULL: x | EMPTY: x
# UVM_INFO fifo_inmonitor.sv(34) @ 150950: uvm_test_top.env.in_agent.mon [uvm_test_top.env.in_agent.mon] WRITE TX Captured:
# WR_CS: 1 | WR_EN: 1 | RD_CS: x | RD_EN: x | D_IN: 'd177 | D_OUT: 'dx | FULL: 0 | EMPTY: x
# UVM_INFO fifo_scoreboard.sv(29) @ 150950: uvm_test_top.env.scb [SCBD_WRITE] Stored Data: 'd177 | Queue Size: 19
# UVM_INFO fifo_driver.sv(44) @ 151150: uvm_test_top.env.in_agent.drv [DRV] WR_CS: 1 | WR_EN: 0 | RD_CS: 1 | RD_EN: 1 | D_IN: 'd114 | D_OUT: 'dx | FULL: x | EMPTY: x
# UVM_INFO fifo_outmonitor.sv(44) @ 151250: uvm_test_top.env.out_agent.mon [uvm_test_top.env.out_agent.mon] READ TX Captured:
# WR_CS: x | WR_EN: x | RD_CS: 1 | RD_EN: 1 | D_IN: 'dx | D_OUT: 'd140 | FULL: x | EMPTY: 0
# UVM_INFO fifo_scoreboard.sv(44) @ 151250: uvm_test_top.env.scb [SCBD_PASS] PASS! Expected: 'd140 | Actual: 'd140
# UVM_INFO fifo_driver.sv(44) @ 151350: uvm_test_top.env.in_agent.drv [DRV] WR_CS: 1 | WR_EN: 1 | RD_CS: 1 | RD_EN: 0 | D_IN: 'd101 | D_OUT: 'dx | FULL: x | EMPTY: x
# UVM_INFO fifo_inmonitor.sv(34) @ 151350: uvm_test_top.env.in_agent.mon [uvm_test_top.env.in_agent.mon] WRITE TX Captured:
# WR_CS: 1 | WR_EN: 1 | RD_CS: x | RD_EN: x | D_IN: 'd101 | D_OUT: 'dx | FULL: 0 | EMPTY: x
# UVM_INFO fifo_scoreboard.sv(29) @ 151350: uvm_test_top.env.scb [SCBD_WRITE] Stored Data: 'd101 | Queue Size: 19
# UVM_INFO fifo_driver.sv(44) @ 151550: uvm_test_top.env.in_agent.drv [DRV] WR_CS: 1 | WR_EN: 0 | RD_CS: 1 | RD_EN: 1 | D_IN: 'd92 | D_OUT: 'dx | FULL: x | EMPTY: x
# UVM_INFO fifo_outmonitor.sv(44) @ 151650: uvm_test_top.env.out_agent.mon [uvm_test_top.env.out_agent.mon] READ TX Captured:
# WR_CS: x | WR_EN: x | RD_CS: 1 | RD_EN: 1 | D_IN: 'dx | D_OUT: 'd86 | FULL: x | EMPTY: 0
# UVM_INFO fifo_scoreboard.sv(44) @ 151650: uvm_test_top.env.scb [SCBD_PASS] PASS! Expected: 'd86 | Actual: 'd86
# UVM_INFO fifo_driver.sv(44) @ 151750: uvm_test_top.env.in_agent.drv [DRV] WR_CS: 1 | WR_EN: 1 | RD_CS: 1 | RD_EN: 0 | D_IN: 'd51 | D_OUT: 'dx | FULL: x | EMPTY: x
# UVM_INFO fifo_inmonitor.sv(34) @ 151750: uvm_test_top.env.in_agent.mon [uvm_test_top.env.in_agent.mon] WRITE TX Captured:
# WR_CS: 1 | WR_EN: 1 | RD_CS: x | RD_EN: x | D_IN: 'd51 | D_OUT: 'dx | FULL: 0 | EMPTY: x
# UVM_INFO fifo_scoreboard.sv(29) @ 151750: uvm_test_top.env.scb [SCBD_WRITE] Stored Data: 'd51 | Queue Size: 19
# UVM_INFO fifo_driver.sv(44) @ 151950: uvm_test_top.env.in_agent.drv [DRV] WR_CS: 1 | WR_EN: 1 | RD_CS: 1 | RD_EN: 0 | D_IN: 'd205 | D_OUT: 'dx | FULL: x | EMPTY: x
# UVM_INFO fifo_inmonitor.sv(34) @ 151950: uvm_test_top.env.in_agent.mon [uvm_test_top.env.in_agent.mon] WRITE TX Captured:
# WR_CS: 1 | WR_EN: 1 | RD_CS: x | RD_EN: x | D_IN: 'd205 | D_OUT: 'dx | FULL: 0 | EMPTY: x
# UVM_INFO fifo_scoreboard.sv(29) @ 151950: uvm_test_top.env.scb [SCBD_WRITE] Stored Data: 'd205 | Queue Size: 20
# UVM_INFO fifo_driver.sv(44) @ 152150: uvm_test_top.env.in_agent.drv [DRV] WR_CS: 1 | WR_EN: 1 | RD_CS: 1 | RD_EN: 0 | D_IN: 'd173 | D_OUT: 'dx | FULL: x | EMPTY: x
# UVM_INFO fifo_inmonitor.sv(34) @ 152150: uvm_test_top.env.in_agent.mon [uvm_test_top.env.in_agent.mon] WRITE TX Captured:
# WR_CS: 1 | WR_EN: 1 | RD_CS: x | RD_EN: x | D_IN: 'd173 | D_OUT: 'dx | FULL: 0 | EMPTY: x
# UVM_INFO fifo_scoreboard.sv(29) @ 152150: uvm_test_top.env.scb [SCBD_WRITE] Stored Data: 'd173 | Queue Size: 21
# UVM_INFO fifo_driver.sv(44) @ 152350: uvm_test_top.env.in_agent.drv [DRV] WR_CS: 1 | WR_EN: 0 | RD_CS: 1 | RD_EN: 1 | D_IN: 'd200 | D_OUT: 'dx | FULL: x | EMPTY: x
# UVM_INFO fifo_outmonitor.sv(44) @ 152450: uvm_test_top.env.out_agent.mon [uvm_test_top.env.out_agent.mon] READ TX Captured:
# WR_CS: x | WR_EN: x | RD_CS: 1 | RD_EN: 1 | D_IN: 'dx | D_OUT: 'd250 | FULL: x | EMPTY: 0
# UVM_INFO fifo_scoreboard.sv(44) @ 152450: uvm_test_top.env.scb [SCBD_PASS] PASS! Expected: 'd250 | Actual: 'd250
# UVM_INFO fifo_driver.sv(44) @ 152550: uvm_test_top.env.in_agent.drv [DRV] WR_CS: 1 | WR_EN: 1 | RD_CS: 1 | RD_EN: 0 | D_IN: 'd152 | D_OUT: 'dx | FULL: x | EMPTY: x
# UVM_INFO fifo_inmonitor.sv(34) @ 152550: uvm_test_top.env.in_agent.mon [uvm_test_top.env.in_agent.mon] WRITE TX Captured:
# WR_CS: 1 | WR_EN: 1 | RD_CS: x | RD_EN: x | D_IN: 'd152 | D_OUT: 'dx | FULL: 0 | EMPTY: x
# UVM_INFO fifo_scoreboard.sv(29) @ 152550: uvm_test_top.env.scb [SCBD_WRITE] Stored Data: 'd152 | Queue Size: 21
# UVM_INFO fifo_driver.sv(44) @ 152750: uvm_test_top.env.in_agent.drv [DRV] WR_CS: 1 | WR_EN: 1 | RD_CS: 1 | RD_EN: 0 | D_IN: 'd112 | D_OUT: 'dx | FULL: x | EMPTY: x
# UVM_INFO fifo_inmonitor.sv(34) @ 152750: uvm_test_top.env.in_agent.mon [uvm_test_top.env.in_agent.mon] WRITE TX Captured:
# WR_CS: 1 | WR_EN: 1 | RD_CS: x | RD_EN: x | D_IN: 'd112 | D_OUT: 'dx | FULL: 0 | EMPTY: x
# UVM_INFO fifo_scoreboard.sv(29) @ 152750: uvm_test_top.env.scb [SCBD_WRITE] Stored Data: 'd112 | Queue Size: 22
# UVM_INFO fifo_driver.sv(44) @ 152950: uvm_test_top.env.in_agent.drv [DRV] WR_CS: 1 | WR_EN: 0 | RD_CS: 1 | RD_EN: 1 | D_IN: 'd102 | D_OUT: 'dx | FULL: x | EMPTY: x
# UVM_INFO fifo_outmonitor.sv(44) @ 153050: uvm_test_top.env.out_agent.mon [uvm_test_top.env.out_agent.mon] READ TX Captured:
# WR_CS: x | WR_EN: x | RD_CS: 1 | RD_EN: 1 | D_IN: 'dx | D_OUT: 'd158 | FULL: x | EMPTY: 0
# UVM_INFO fifo_scoreboard.sv(44) @ 153050: uvm_test_top.env.scb [SCBD_PASS] PASS! Expected: 'd158 | Actual: 'd158
# UVM_INFO fifo_driver.sv(44) @ 153150: uvm_test_top.env.in_agent.drv [DRV] WR_CS: 1 | WR_EN: 1 | RD_CS: 1 | RD_EN: 0 | D_IN: 'd117 | D_OUT: 'dx | FULL: x | EMPTY: x
# UVM_INFO fifo_inmonitor.sv(34) @ 153150: uvm_test_top.env.in_agent.mon [uvm_test_top.env.in_agent.mon] WRITE TX Captured:
# WR_CS: 1 | WR_EN: 1 | RD_CS: x | RD_EN: x | D_IN: 'd117 | D_OUT: 'dx | FULL: 0 | EMPTY: x
# UVM_INFO fifo_scoreboard.sv(29) @ 153150: uvm_test_top.env.scb [SCBD_WRITE] Stored Data: 'd117 | Queue Size: 22
# UVM_INFO fifo_driver.sv(44) @ 153350: uvm_test_top.env.in_agent.drv [DRV] WR_CS: 1 | WR_EN: 0 | RD_CS: 1 | RD_EN: 1 | D_IN: 'd105 | D_OUT: 'dx | FULL: x | EMPTY: x
# UVM_INFO fifo_outmonitor.sv(44) @ 153450: uvm_test_top.env.out_agent.mon [uvm_test_top.env.out_agent.mon] READ TX Captured:
# WR_CS: x | WR_EN: x | RD_CS: 1 | RD_EN: 1 | D_IN: 'dx | D_OUT: 'd62 | FULL: x | EMPTY: 0
# UVM_INFO fifo_scoreboard.sv(44) @ 153450: uvm_test_top.env.scb [SCBD_PASS] PASS! Expected: 'd62 | Actual: 'd62
# UVM_INFO fifo_driver.sv(44) @ 153550: uvm_test_top.env.in_agent.drv [DRV] WR_CS: 1 | WR_EN: 0 | RD_CS: 1 | RD_EN: 1 | D_IN: 'd250 | D_OUT: 'dx | FULL: x | EMPTY: x
# UVM_INFO fifo_outmonitor.sv(44) @ 153650: uvm_test_top.env.out_agent.mon [uvm_test_top.env.out_agent.mon] READ TX Captured:
# WR_CS: x | WR_EN: x | RD_CS: 1 | RD_EN: 1 | D_IN: 'dx | D_OUT: 'd104 | FULL: x | EMPTY: 0
# UVM_INFO fifo_scoreboard.sv(44) @ 153650: uvm_test_top.env.scb [SCBD_PASS] PASS! Expected: 'd104 | Actual: 'd104
# UVM_INFO fifo_driver.sv(44) @ 153750: uvm_test_top.env.in_agent.drv [DRV] WR_CS: 1 | WR_EN: 0 | RD_CS: 1 | RD_EN: 1 | D_IN: 'd230 | D_OUT: 'dx | FULL: x | EMPTY: x
# UVM_INFO fifo_outmonitor.sv(44) @ 153850: uvm_test_top.env.out_agent.mon [uvm_test_top.env.out_agent.mon] READ TX Captured:
# WR_CS: x | WR_EN: x | RD_CS: 1 | RD_EN: 1 | D_IN: 'dx | D_OUT: 'd227 | FULL: x | EMPTY: 0
# UVM_INFO fifo_scoreboard.sv(44) @ 153850: uvm_test_top.env.scb [SCBD_PASS] PASS! Expected: 'd227 | Actual: 'd227
# UVM_INFO fifo_driver.sv(44) @ 153950: uvm_test_top.env.in_agent.drv [DRV] WR_CS: 1 | WR_EN: 1 | RD_CS: 1 | RD_EN: 0 | D_IN: 'd8 | D_OUT: 'dx | FULL: x | EMPTY: x
# UVM_INFO fifo_inmonitor.sv(34) @ 153950: uvm_test_top.env.in_agent.mon [uvm_test_top.env.in_agent.mon] WRITE TX Captured:
# WR_CS: 1 | WR_EN: 1 | RD_CS: x | RD_EN: x | D_IN: 'd8 | D_OUT: 'dx | FULL: 0 | EMPTY: x
# UVM_INFO fifo_scoreboard.sv(29) @ 153950: uvm_test_top.env.scb [SCBD_WRITE] Stored Data: 'd8 | Queue Size: 20
# UVM_INFO fifo_driver.sv(44) @ 154150: uvm_test_top.env.in_agent.drv [DRV] WR_CS: 1 | WR_EN: 0 | RD_CS: 1 | RD_EN: 1 | D_IN: 'd134 | D_OUT: 'dx | FULL: x | EMPTY: x
# UVM_INFO fifo_outmonitor.sv(44) @ 154250: uvm_test_top.env.out_agent.mon [uvm_test_top.env.out_agent.mon] READ TX Captured:
# WR_CS: x | WR_EN: x | RD_CS: 1 | RD_EN: 1 | D_IN: 'dx | D_OUT: 'd189 | FULL: x | EMPTY: 0
# UVM_INFO fifo_scoreboard.sv(44) @ 154250: uvm_test_top.env.scb [SCBD_PASS] PASS! Expected: 'd189 | Actual: 'd189
# UVM_INFO fifo_driver.sv(44) @ 154350: uvm_test_top.env.in_agent.drv [DRV] WR_CS: 1 | WR_EN: 0 | RD_CS: 1 | RD_EN: 1 | D_IN: 'd132 | D_OUT: 'dx | FULL: x | EMPTY: x
# UVM_INFO fifo_outmonitor.sv(44) @ 154450: uvm_test_top.env.out_agent.mon [uvm_test_top.env.out_agent.mon] READ TX Captured:
# WR_CS: x | WR_EN: x | RD_CS: 1 | RD_EN: 1 | D_IN: 'dx | D_OUT: 'd100 | FULL: x | EMPTY: 0
# UVM_INFO fifo_scoreboard.sv(44) @ 154450: uvm_test_top.env.scb [SCBD_PASS] PASS! Expected: 'd100 | Actual: 'd100
# UVM_INFO fifo_driver.sv(44) @ 154550: uvm_test_top.env.in_agent.drv [DRV] WR_CS: 1 | WR_EN: 0 | RD_CS: 1 | RD_EN: 1 | D_IN: 'd83 | D_OUT: 'dx | FULL: x | EMPTY: x
# UVM_INFO fifo_outmonitor.sv(44) @ 154650: uvm_test_top.env.out_agent.mon [uvm_test_top.env.out_agent.mon] READ TX Captured:
# WR_CS: x | WR_EN: x | RD_CS: 1 | RD_EN: 1 | D_IN: 'dx | D_OUT: 'd17 | FULL: x | EMPTY: 0
# UVM_INFO fifo_scoreboard.sv(44) @ 154650: uvm_test_top.env.scb [SCBD_PASS] PASS! Expected: 'd17 | Actual: 'd17
# UVM_INFO fifo_driver.sv(44) @ 154750: uvm_test_top.env.in_agent.drv [DRV] WR_CS: 1 | WR_EN: 0 | RD_CS: 1 | RD_EN: 1 | D_IN: 'd125 | D_OUT: 'dx | FULL: x | EMPTY: x
# UVM_INFO fifo_outmonitor.sv(44) @ 154850: uvm_test_top.env.out_agent.mon [uvm_test_top.env.out_agent.mon] READ TX Captured:
# WR_CS: x | WR_EN: x | RD_CS: 1 | RD_EN: 1 | D_IN: 'dx | D_OUT: 'd87 | FULL: x | EMPTY: 0
# UVM_INFO fifo_scoreboard.sv(44) @ 154850: uvm_test_top.env.scb [SCBD_PASS] PASS! Expected: 'd87 | Actual: 'd87
# UVM_INFO fifo_driver.sv(44) @ 154950: uvm_test_top.env.in_agent.drv [DRV] WR_CS: 1 | WR_EN: 0 | RD_CS: 1 | RD_EN: 1 | D_IN: 'd253 | D_OUT: 'dx | FULL: x | EMPTY: x
# UVM_INFO fifo_outmonitor.sv(44) @ 155050: uvm_test_top.env.out_agent.mon [uvm_test_top.env.out_agent.mon] READ TX Captured:
# WR_CS: x | WR_EN: x | RD_CS: 1 | RD_EN: 1 | D_IN: 'dx | D_OUT: 'd62 | FULL: x | EMPTY: 0
# UVM_INFO fifo_scoreboard.sv(44) @ 155050: uvm_test_top.env.scb [SCBD_PASS] PASS! Expected: 'd62 | Actual: 'd62
# UVM_INFO fifo_driver.sv(44) @ 155150: uvm_test_top.env.in_agent.drv [DRV] WR_CS: 1 | WR_EN: 0 | RD_CS: 1 | RD_EN: 1 | D_IN: 'd255 | D_OUT: 'dx | FULL: x | EMPTY: x
# UVM_INFO fifo_outmonitor.sv(44) @ 155250: uvm_test_top.env.out_agent.mon [uvm_test_top.env.out_agent.mon] READ TX Captured:
# WR_CS: x | WR_EN: x | RD_CS: 1 | RD_EN: 1 | D_IN: 'dx | D_OUT: 'd254 | FULL: x | EMPTY: 0
# UVM_INFO fifo_scoreboard.sv(44) @ 155250: uvm_test_top.env.scb [SCBD_PASS] PASS! Expected: 'd254 | Actual: 'd254
# UVM_INFO fifo_driver.sv(44) @ 155350: uvm_test_top.env.in_agent.drv [DRV] WR_CS: 1 | WR_EN: 1 | RD_CS: 1 | RD_EN: 0 | D_IN: 'd229 | D_OUT: 'dx | FULL: x | EMPTY: x
# UVM_INFO fifo_inmonitor.sv(34) @ 155350: uvm_test_top.env.in_agent.mon [uvm_test_top.env.in_agent.mon] WRITE TX Captured:
# WR_CS: 1 | WR_EN: 1 | RD_CS: x | RD_EN: x | D_IN: 'd229 | D_OUT: 'dx | FULL: 0 | EMPTY: x
# UVM_INFO fifo_scoreboard.sv(29) @ 155350: uvm_test_top.env.scb [SCBD_WRITE] Stored Data: 'd229 | Queue Size: 15
# UVM_INFO fifo_driver.sv(44) @ 155550: uvm_test_top.env.in_agent.drv [DRV] WR_CS: 1 | WR_EN: 1 | RD_CS: 1 | RD_EN: 0 | D_IN: 'd212 | D_OUT: 'dx | FULL: x | EMPTY: x
# UVM_INFO fifo_inmonitor.sv(34) @ 155550: uvm_test_top.env.in_agent.mon [uvm_test_top.env.in_agent.mon] WRITE TX Captured:
# WR_CS: 1 | WR_EN: 1 | RD_CS: x | RD_EN: x | D_IN: 'd212 | D_OUT: 'dx | FULL: 0 | EMPTY: x
# UVM_INFO fifo_scoreboard.sv(29) @ 155550: uvm_test_top.env.scb [SCBD_WRITE] Stored Data: 'd212 | Queue Size: 16
# UVM_INFO fifo_driver.sv(44) @ 155750: uvm_test_top.env.in_agent.drv [DRV] WR_CS: 1 | WR_EN: 1 | RD_CS: 1 | RD_EN: 0 | D_IN: 'd3 | D_OUT: 'dx | FULL: x | EMPTY: x
# UVM_INFO fifo_inmonitor.sv(34) @ 155750: uvm_test_top.env.in_agent.mon [uvm_test_top.env.in_agent.mon] WRITE TX Captured:
# WR_CS: 1 | WR_EN: 1 | RD_CS: x | RD_EN: x | D_IN: 'd3 | D_OUT: 'dx | FULL: 0 | EMPTY: x
# UVM_INFO fifo_scoreboard.sv(29) @ 155750: uvm_test_top.env.scb [SCBD_WRITE] Stored Data: 'd3 | Queue Size: 17
# UVM_INFO fifo_driver.sv(44) @ 155950: uvm_test_top.env.in_agent.drv [DRV] WR_CS: 1 | WR_EN: 0 | RD_CS: 1 | RD_EN: 1 | D_IN: 'd179 | D_OUT: 'dx | FULL: x | EMPTY: x
# UVM_INFO fifo_outmonitor.sv(44) @ 156050: uvm_test_top.env.out_agent.mon [uvm_test_top.env.out_agent.mon] READ TX Captured:
# WR_CS: x | WR_EN: x | RD_CS: 1 | RD_EN: 1 | D_IN: 'dx | D_OUT: 'd230 | FULL: x | EMPTY: 0
# UVM_INFO fifo_scoreboard.sv(44) @ 156050: uvm_test_top.env.scb [SCBD_PASS] PASS! Expected: 'd230 | Actual: 'd230
# UVM_INFO fifo_driver.sv(44) @ 156150: uvm_test_top.env.in_agent.drv [DRV] WR_CS: 1 | WR_EN: 0 | RD_CS: 1 | RD_EN: 1 | D_IN: 'd72 | D_OUT: 'dx | FULL: x | EMPTY: x
# UVM_INFO fifo_outmonitor.sv(44) @ 156250: uvm_test_top.env.out_agent.mon [uvm_test_top.env.out_agent.mon] READ TX Captured:
# WR_CS: x | WR_EN: x | RD_CS: 1 | RD_EN: 1 | D_IN: 'dx | D_OUT: 'd92 | FULL: x | EMPTY: 0
# UVM_INFO fifo_scoreboard.sv(44) @ 156250: uvm_test_top.env.scb [SCBD_PASS] PASS! Expected: 'd92 | Actual: 'd92
# UVM_INFO fifo_driver.sv(44) @ 156350: uvm_test_top.env.in_agent.drv [DRV] WR_CS: 1 | WR_EN: 0 | RD_CS: 1 | RD_EN: 1 | D_IN: 'd154 | D_OUT: 'dx | FULL: x | EMPTY: x
# UVM_INFO fifo_outmonitor.sv(44) @ 156450: uvm_test_top.env.out_agent.mon [uvm_test_top.env.out_agent.mon] READ TX Captured:
# WR_CS: x | WR_EN: x | RD_CS: 1 | RD_EN: 1 | D_IN: 'dx | D_OUT: 'd42 | FULL: x | EMPTY: 0
# UVM_INFO fifo_scoreboard.sv(44) @ 156450: uvm_test_top.env.scb [SCBD_PASS] PASS! Expected: 'd42 | Actual: 'd42
# UVM_INFO fifo_driver.sv(44) @ 156550: uvm_test_top.env.in_agent.drv [DRV] WR_CS: 1 | WR_EN: 1 | RD_CS: 1 | RD_EN: 0 | D_IN: 'd21 | D_OUT: 'dx | FULL: x | EMPTY: x
# UVM_INFO fifo_inmonitor.sv(34) @ 156550: uvm_test_top.env.in_agent.mon [uvm_test_top.env.in_agent.mon] WRITE TX Captured:
# WR_CS: 1 | WR_EN: 1 | RD_CS: x | RD_EN: x | D_IN: 'd21 | D_OUT: 'dx | FULL: 0 | EMPTY: x
# UVM_INFO fifo_scoreboard.sv(29) @ 156550: uvm_test_top.env.scb [SCBD_WRITE] Stored Data: 'd21 | Queue Size: 15
# UVM_INFO fifo_driver.sv(44) @ 156750: uvm_test_top.env.in_agent.drv [DRV] WR_CS: 1 | WR_EN: 0 | RD_CS: 1 | RD_EN: 1 | D_IN: 'd159 | D_OUT: 'dx | FULL: x | EMPTY: x
# UVM_INFO fifo_outmonitor.sv(44) @ 156850: uvm_test_top.env.out_agent.mon [uvm_test_top.env.out_agent.mon] READ TX Captured:
# WR_CS: x | WR_EN: x | RD_CS: 1 | RD_EN: 1 | D_IN: 'dx | D_OUT: 'd178 | FULL: x | EMPTY: 0
# UVM_INFO fifo_scoreboard.sv(44) @ 156850: uvm_test_top.env.scb [SCBD_PASS] PASS! Expected: 'd178 | Actual: 'd178
# UVM_INFO fifo_driver.sv(44) @ 156950: uvm_test_top.env.in_agent.drv [DRV] WR_CS: 1 | WR_EN: 1 | RD_CS: 1 | RD_EN: 0 | D_IN: 'd208 | D_OUT: 'dx | FULL: x | EMPTY: x
# UVM_INFO fifo_inmonitor.sv(34) @ 156950: uvm_test_top.env.in_agent.mon [uvm_test_top.env.in_agent.mon] WRITE TX Captured:
# WR_CS: 1 | WR_EN: 1 | RD_CS: x | RD_EN: x | D_IN: 'd208 | D_OUT: 'dx | FULL: 0 | EMPTY: x
# UVM_INFO fifo_scoreboard.sv(29) @ 156950: uvm_test_top.env.scb [SCBD_WRITE] Stored Data: 'd208 | Queue Size: 15
# UVM_INFO fifo_driver.sv(44) @ 157150: uvm_test_top.env.in_agent.drv [DRV] WR_CS: 1 | WR_EN: 0 | RD_CS: 1 | RD_EN: 1 | D_IN: 'd226 | D_OUT: 'dx | FULL: x | EMPTY: x
# UVM_INFO fifo_outmonitor.sv(44) @ 157250: uvm_test_top.env.out_agent.mon [uvm_test_top.env.out_agent.mon] READ TX Captured:
# WR_CS: x | WR_EN: x | RD_CS: 1 | RD_EN: 1 | D_IN: 'dx | D_OUT: 'd136 | FULL: x | EMPTY: 0
# UVM_INFO fifo_scoreboard.sv(44) @ 157250: uvm_test_top.env.scb [SCBD_PASS] PASS! Expected: 'd136 | Actual: 'd136
# UVM_INFO fifo_driver.sv(44) @ 157350: uvm_test_top.env.in_agent.drv [DRV] WR_CS: 1 | WR_EN: 1 | RD_CS: 1 | RD_EN: 0 | D_IN: 'd208 | D_OUT: 'dx | FULL: x | EMPTY: x
# UVM_INFO fifo_inmonitor.sv(34) @ 157350: uvm_test_top.env.in_agent.mon [uvm_test_top.env.in_agent.mon] WRITE TX Captured:
# WR_CS: 1 | WR_EN: 1 | RD_CS: x | RD_EN: x | D_IN: 'd208 | D_OUT: 'dx | FULL: 0 | EMPTY: x
# UVM_INFO fifo_scoreboard.sv(29) @ 157350: uvm_test_top.env.scb [SCBD_WRITE] Stored Data: 'd208 | Queue Size: 15
# UVM_INFO fifo_driver.sv(44) @ 157550: uvm_test_top.env.in_agent.drv [DRV] WR_CS: 1 | WR_EN: 0 | RD_CS: 1 | RD_EN: 1 | D_IN: 'd48 | D_OUT: 'dx | FULL: x | EMPTY: x
# UVM_INFO fifo_outmonitor.sv(44) @ 157650: uvm_test_top.env.out_agent.mon [uvm_test_top.env.out_agent.mon] READ TX Captured:
# WR_CS: x | WR_EN: x | RD_CS: 1 | RD_EN: 1 | D_IN: 'dx | D_OUT: 'd177 | FULL: x | EMPTY: 0
# UVM_INFO fifo_scoreboard.sv(44) @ 157650: uvm_test_top.env.scb [SCBD_PASS] PASS! Expected: 'd177 | Actual: 'd177
# UVM_INFO fifo_driver.sv(44) @ 157750: uvm_test_top.env.in_agent.drv [DRV] WR_CS: 1 | WR_EN: 1 | RD_CS: 1 | RD_EN: 0 | D_IN: 'd21 | D_OUT: 'dx | FULL: x | EMPTY: x
# UVM_INFO fifo_inmonitor.sv(34) @ 157750: uvm_test_top.env.in_agent.mon [uvm_test_top.env.in_agent.mon] WRITE TX Captured:
# WR_CS: 1 | WR_EN: 1 | RD_CS: x | RD_EN: x | D_IN: 'd21 | D_OUT: 'dx | FULL: 0 | EMPTY: x
# UVM_INFO fifo_scoreboard.sv(29) @ 157750: uvm_test_top.env.scb [SCBD_WRITE] Stored Data: 'd21 | Queue Size: 15
# UVM_INFO fifo_driver.sv(44) @ 157950: uvm_test_top.env.in_agent.drv [DRV] WR_CS: 1 | WR_EN: 1 | RD_CS: 1 | RD_EN: 0 | D_IN: 'd156 | D_OUT: 'dx | FULL: x | EMPTY: x
# UVM_INFO fifo_inmonitor.sv(34) @ 157950: uvm_test_top.env.in_agent.mon [uvm_test_top.env.in_agent.mon] WRITE TX Captured:
# WR_CS: 1 | WR_EN: 1 | RD_CS: x | RD_EN: x | D_IN: 'd156 | D_OUT: 'dx | FULL: 0 | EMPTY: x
# UVM_INFO fifo_scoreboard.sv(29) @ 157950: uvm_test_top.env.scb [SCBD_WRITE] Stored Data: 'd156 | Queue Size: 16
# UVM_INFO fifo_driver.sv(44) @ 158150: uvm_test_top.env.in_agent.drv [DRV] WR_CS: 1 | WR_EN: 1 | RD_CS: 1 | RD_EN: 0 | D_IN: 'd155 | D_OUT: 'dx | FULL: x | EMPTY: x
# UVM_INFO fifo_inmonitor.sv(34) @ 158150: uvm_test_top.env.in_agent.mon [uvm_test_top.env.in_agent.mon] WRITE TX Captured:
# WR_CS: 1 | WR_EN: 1 | RD_CS: x | RD_EN: x | D_IN: 'd155 | D_OUT: 'dx | FULL: 0 | EMPTY: x
# UVM_INFO fifo_scoreboard.sv(29) @ 158150: uvm_test_top.env.scb [SCBD_WRITE] Stored Data: 'd155 | Queue Size: 17
# UVM_INFO fifo_driver.sv(44) @ 158350: uvm_test_top.env.in_agent.drv [DRV] WR_CS: 1 | WR_EN: 1 | RD_CS: 1 | RD_EN: 0 | D_IN: 'd102 | D_OUT: 'dx | FULL: x | EMPTY: x
# UVM_INFO fifo_inmonitor.sv(34) @ 158350: uvm_test_top.env.in_agent.mon [uvm_test_top.env.in_agent.mon] WRITE TX Captured:
# WR_CS: 1 | WR_EN: 1 | RD_CS: x | RD_EN: x | D_IN: 'd102 | D_OUT: 'dx | FULL: 0 | EMPTY: x
# UVM_INFO fifo_scoreboard.sv(29) @ 158350: uvm_test_top.env.scb [SCBD_WRITE] Stored Data: 'd102 | Queue Size: 18
# UVM_INFO fifo_driver.sv(44) @ 158550: uvm_test_top.env.in_agent.drv [DRV] WR_CS: 1 | WR_EN: 0 | RD_CS: 1 | RD_EN: 1 | D_IN: 'd12 | D_OUT: 'dx | FULL: x | EMPTY: x
# UVM_INFO fifo_outmonitor.sv(44) @ 158650: uvm_test_top.env.out_agent.mon [uvm_test_top.env.out_agent.mon] READ TX Captured:
# WR_CS: x | WR_EN: x | RD_CS: 1 | RD_EN: 1 | D_IN: 'dx | D_OUT: 'd101 | FULL: x | EMPTY: 0
# UVM_INFO fifo_scoreboard.sv(44) @ 158650: uvm_test_top.env.scb [SCBD_PASS] PASS! Expected: 'd101 | Actual: 'd101
# UVM_INFO fifo_driver.sv(44) @ 158750: uvm_test_top.env.in_agent.drv [DRV] WR_CS: 1 | WR_EN: 0 | RD_CS: 1 | RD_EN: 1 | D_IN: 'd80 | D_OUT: 'dx | FULL: x | EMPTY: x
# UVM_INFO fifo_outmonitor.sv(44) @ 158850: uvm_test_top.env.out_agent.mon [uvm_test_top.env.out_agent.mon] READ TX Captured:
# WR_CS: x | WR_EN: x | RD_CS: 1 | RD_EN: 1 | D_IN: 'dx | D_OUT: 'd51 | FULL: x | EMPTY: 0
# UVM_INFO fifo_scoreboard.sv(44) @ 158850: uvm_test_top.env.scb [SCBD_PASS] PASS! Expected: 'd51 | Actual: 'd51
# UVM_INFO fifo_driver.sv(44) @ 158950: uvm_test_top.env.in_agent.drv [DRV] WR_CS: 1 | WR_EN: 1 | RD_CS: 1 | RD_EN: 0 | D_IN: 'd95 | D_OUT: 'dx | FULL: x | EMPTY: x
# UVM_INFO fifo_inmonitor.sv(34) @ 158950: uvm_test_top.env.in_agent.mon [uvm_test_top.env.in_agent.mon] WRITE TX Captured:
# WR_CS: 1 | WR_EN: 1 | RD_CS: x | RD_EN: x | D_IN: 'd95 | D_OUT: 'dx | FULL: 0 | EMPTY: x
# UVM_INFO fifo_scoreboard.sv(29) @ 158950: uvm_test_top.env.scb [SCBD_WRITE] Stored Data: 'd95 | Queue Size: 17
# UVM_INFO fifo_driver.sv(44) @ 159150: uvm_test_top.env.in_agent.drv [DRV] WR_CS: 1 | WR_EN: 0 | RD_CS: 1 | RD_EN: 1 | D_IN: 'd118 | D_OUT: 'dx | FULL: x | EMPTY: x
# UVM_INFO fifo_outmonitor.sv(44) @ 159250: uvm_test_top.env.out_agent.mon [uvm_test_top.env.out_agent.mon] READ TX Captured:
# WR_CS: x | WR_EN: x | RD_CS: 1 | RD_EN: 1 | D_IN: 'dx | D_OUT: 'd205 | FULL: x | EMPTY: 0
# UVM_INFO fifo_scoreboard.sv(44) @ 159250: uvm_test_top.env.scb [SCBD_PASS] PASS! Expected: 'd205 | Actual: 'd205
# UVM_INFO fifo_driver.sv(44) @ 159350: uvm_test_top.env.in_agent.drv [DRV] WR_CS: 1 | WR_EN: 1 | RD_CS: 1 | RD_EN: 0 | D_IN: 'd149 | D_OUT: 'dx | FULL: x | EMPTY: x
# UVM_INFO fifo_inmonitor.sv(34) @ 159350: uvm_test_top.env.in_agent.mon [uvm_test_top.env.in_agent.mon] WRITE TX Captured:
# WR_CS: 1 | WR_EN: 1 | RD_CS: x | RD_EN: x | D_IN: 'd149 | D_OUT: 'dx | FULL: 0 | EMPTY: x
# UVM_INFO fifo_scoreboard.sv(29) @ 159350: uvm_test_top.env.scb [SCBD_WRITE] Stored Data: 'd149 | Queue Size: 17
# UVM_INFO fifo_driver.sv(44) @ 159550: uvm_test_top.env.in_agent.drv [DRV] WR_CS: 1 | WR_EN: 1 | RD_CS: 1 | RD_EN: 0 | D_IN: 'd148 | D_OUT: 'dx | FULL: x | EMPTY: x
# UVM_INFO fifo_inmonitor.sv(34) @ 159550: uvm_test_top.env.in_agent.mon [uvm_test_top.env.in_agent.mon] WRITE TX Captured:
# WR_CS: 1 | WR_EN: 1 | RD_CS: x | RD_EN: x | D_IN: 'd148 | D_OUT: 'dx | FULL: 0 | EMPTY: x
# UVM_INFO fifo_scoreboard.sv(29) @ 159550: uvm_test_top.env.scb [SCBD_WRITE] Stored Data: 'd148 | Queue Size: 18
# UVM_INFO fifo_driver.sv(44) @ 159750: uvm_test_top.env.in_agent.drv [DRV] WR_CS: 1 | WR_EN: 1 | RD_CS: 1 | RD_EN: 0 | D_IN: 'd51 | D_OUT: 'dx | FULL: x | EMPTY: x
# UVM_INFO fifo_inmonitor.sv(34) @ 159750: uvm_test_top.env.in_agent.mon [uvm_test_top.env.in_agent.mon] WRITE TX Captured:
# WR_CS: 1 | WR_EN: 1 | RD_CS: x | RD_EN: x | D_IN: 'd51 | D_OUT: 'dx | FULL: 0 | EMPTY: x
# UVM_INFO fifo_scoreboard.sv(29) @ 159750: uvm_test_top.env.scb [SCBD_WRITE] Stored Data: 'd51 | Queue Size: 19
# UVM_INFO fifo_driver.sv(44) @ 159950: uvm_test_top.env.in_agent.drv [DRV] WR_CS: 1 | WR_EN: 0 | RD_CS: 1 | RD_EN: 1 | D_IN: 'd224 | D_OUT: 'dx | FULL: x | EMPTY: x
# UVM_INFO fifo_outmonitor.sv(44) @ 160050: uvm_test_top.env.out_agent.mon [uvm_test_top.env.out_agent.mon] READ TX Captured:
# WR_CS: x | WR_EN: x | RD_CS: 1 | RD_EN: 1 | D_IN: 'dx | D_OUT: 'd173 | FULL: x | EMPTY: 0
# UVM_INFO fifo_scoreboard.sv(44) @ 160050: uvm_test_top.env.scb [SCBD_PASS] PASS! Expected: 'd173 | Actual: 'd173
# UVM_INFO fifo_driver.sv(44) @ 160150: uvm_test_top.env.in_agent.drv [DRV] WR_CS: 1 | WR_EN: 0 | RD_CS: 1 | RD_EN: 1 | D_IN: 'd129 | D_OUT: 'dx | FULL: x | EMPTY: x
# UVM_INFO fifo_outmonitor.sv(44) @ 160250: uvm_test_top.env.out_agent.mon [uvm_test_top.env.out_agent.mon] READ TX Captured:
# WR_CS: x | WR_EN: x | RD_CS: 1 | RD_EN: 1 | D_IN: 'dx | D_OUT: 'd152 | FULL: x | EMPTY: 0
# UVM_INFO fifo_scoreboard.sv(44) @ 160250: uvm_test_top.env.scb [SCBD_PASS] PASS! Expected: 'd152 | Actual: 'd152
# UVM_INFO fifo_driver.sv(44) @ 160350: uvm_test_top.env.in_agent.drv [DRV] WR_CS: 1 | WR_EN: 1 | RD_CS: 1 | RD_EN: 0 | D_IN: 'd20 | D_OUT: 'dx | FULL: x | EMPTY: x
# UVM_INFO fifo_inmonitor.sv(34) @ 160350: uvm_test_top.env.in_agent.mon [uvm_test_top.env.in_agent.mon] WRITE TX Captured:
# WR_CS: 1 | WR_EN: 1 | RD_CS: x | RD_EN: x | D_IN: 'd20 | D_OUT: 'dx | FULL: 0 | EMPTY: x
# UVM_INFO fifo_scoreboard.sv(29) @ 160350: uvm_test_top.env.scb [SCBD_WRITE] Stored Data: 'd20 | Queue Size: 18
# UVM_INFO fifo_driver.sv(44) @ 160550: uvm_test_top.env.in_agent.drv [DRV] WR_CS: 1 | WR_EN: 0 | RD_CS: 1 | RD_EN: 1 | D_IN: 'd28 | D_OUT: 'dx | FULL: x | EMPTY: x
# UVM_INFO fifo_outmonitor.sv(44) @ 160650: uvm_test_top.env.out_agent.mon [uvm_test_top.env.out_agent.mon] READ TX Captured:
# WR_CS: x | WR_EN: x | RD_CS: 1 | RD_EN: 1 | D_IN: 'dx | D_OUT: 'd112 | FULL: x | EMPTY: 0
# UVM_INFO fifo_scoreboard.sv(44) @ 160650: uvm_test_top.env.scb [SCBD_PASS] PASS! Expected: 'd112 | Actual: 'd112
# UVM_INFO fifo_driver.sv(44) @ 160750: uvm_test_top.env.in_agent.drv [DRV] WR_CS: 1 | WR_EN: 1 | RD_CS: 1 | RD_EN: 0 | D_IN: 'd117 | D_OUT: 'dx | FULL: x | EMPTY: x
# UVM_INFO fifo_inmonitor.sv(34) @ 160750: uvm_test_top.env.in_agent.mon [uvm_test_top.env.in_agent.mon] WRITE TX Captured:
# WR_CS: 1 | WR_EN: 1 | RD_CS: x | RD_EN: x | D_IN: 'd117 | D_OUT: 'dx | FULL: 0 | EMPTY: x
# UVM_INFO fifo_scoreboard.sv(29) @ 160750: uvm_test_top.env.scb [SCBD_WRITE] Stored Data: 'd117 | Queue Size: 18
# UVM_INFO fifo_driver.sv(44) @ 160950: uvm_test_top.env.in_agent.drv [DRV] WR_CS: 1 | WR_EN: 1 | RD_CS: 1 | RD_EN: 0 | D_IN: 'd20 | D_OUT: 'dx | FULL: x | EMPTY: x
# UVM_INFO fifo_inmonitor.sv(34) @ 160950: uvm_test_top.env.in_agent.mon [uvm_test_top.env.in_agent.mon] WRITE TX Captured:
# WR_CS: 1 | WR_EN: 1 | RD_CS: x | RD_EN: x | D_IN: 'd20 | D_OUT: 'dx | FULL: 0 | EMPTY: x
# UVM_INFO fifo_scoreboard.sv(29) @ 160950: uvm_test_top.env.scb [SCBD_WRITE] Stored Data: 'd20 | Queue Size: 19
# UVM_INFO fifo_driver.sv(44) @ 161150: uvm_test_top.env.in_agent.drv [DRV] WR_CS: 1 | WR_EN: 1 | RD_CS: 1 | RD_EN: 0 | D_IN: 'd177 | D_OUT: 'dx | FULL: x | EMPTY: x
# UVM_INFO fifo_inmonitor.sv(34) @ 161150: uvm_test_top.env.in_agent.mon [uvm_test_top.env.in_agent.mon] WRITE TX Captured:
# WR_CS: 1 | WR_EN: 1 | RD_CS: x | RD_EN: x | D_IN: 'd177 | D_OUT: 'dx | FULL: 0 | EMPTY: x
# UVM_INFO fifo_scoreboard.sv(29) @ 161150: uvm_test_top.env.scb [SCBD_WRITE] Stored Data: 'd177 | Queue Size: 20
# UVM_INFO fifo_driver.sv(44) @ 161350: uvm_test_top.env.in_agent.drv [DRV] WR_CS: 1 | WR_EN: 0 | RD_CS: 1 | RD_EN: 1 | D_IN: 'd88 | D_OUT: 'dx | FULL: x | EMPTY: x
# UVM_INFO fifo_outmonitor.sv(44) @ 161450: uvm_test_top.env.out_agent.mon [uvm_test_top.env.out_agent.mon] READ TX Captured:
# WR_CS: x | WR_EN: x | RD_CS: 1 | RD_EN: 1 | D_IN: 'dx | D_OUT: 'd117 | FULL: x | EMPTY: 0
# UVM_INFO fifo_scoreboard.sv(44) @ 161450: uvm_test_top.env.scb [SCBD_PASS] PASS! Expected: 'd117 | Actual: 'd117
# UVM_INFO fifo_driver.sv(44) @ 161550: uvm_test_top.env.in_agent.drv [DRV] WR_CS: 1 | WR_EN: 0 | RD_CS: 1 | RD_EN: 1 | D_IN: 'd185 | D_OUT: 'dx | FULL: x | EMPTY: x
# UVM_INFO fifo_outmonitor.sv(44) @ 161650: uvm_test_top.env.out_agent.mon [uvm_test_top.env.out_agent.mon] READ TX Captured:
# WR_CS: x | WR_EN: x | RD_CS: 1 | RD_EN: 1 | D_IN: 'dx | D_OUT: 'd8 | FULL: x | EMPTY: 0
# UVM_INFO fifo_scoreboard.sv(44) @ 161650: uvm_test_top.env.scb [SCBD_PASS] PASS! Expected: 'd8 | Actual: 'd8
# UVM_INFO fifo_driver.sv(44) @ 161750: uvm_test_top.env.in_agent.drv [DRV] WR_CS: 1 | WR_EN: 1 | RD_CS: 1 | RD_EN: 0 | D_IN: 'd12 | D_OUT: 'dx | FULL: x | EMPTY: x
# UVM_INFO fifo_inmonitor.sv(34) @ 161750: uvm_test_top.env.in_agent.mon [uvm_test_top.env.in_agent.mon] WRITE TX Captured:
# WR_CS: 1 | WR_EN: 1 | RD_CS: x | RD_EN: x | D_IN: 'd12 | D_OUT: 'dx | FULL: 0 | EMPTY: x
# UVM_INFO fifo_scoreboard.sv(29) @ 161750: uvm_test_top.env.scb [SCBD_WRITE] Stored Data: 'd12 | Queue Size: 19
# UVM_INFO fifo_driver.sv(44) @ 161950: uvm_test_top.env.in_agent.drv [DRV] WR_CS: 1 | WR_EN: 0 | RD_CS: 1 | RD_EN: 1 | D_IN: 'd152 | D_OUT: 'dx | FULL: x | EMPTY: x
# UVM_INFO fifo_outmonitor.sv(44) @ 162050: uvm_test_top.env.out_agent.mon [uvm_test_top.env.out_agent.mon] READ TX Captured:
# WR_CS: x | WR_EN: x | RD_CS: 1 | RD_EN: 1 | D_IN: 'dx | D_OUT: 'd229 | FULL: x | EMPTY: 0
# UVM_INFO fifo_scoreboard.sv(44) @ 162050: uvm_test_top.env.scb [SCBD_PASS] PASS! Expected: 'd229 | Actual: 'd229
# UVM_INFO fifo_driver.sv(44) @ 162150: uvm_test_top.env.in_agent.drv [DRV] WR_CS: 1 | WR_EN: 0 | RD_CS: 1 | RD_EN: 1 | D_IN: 'd170 | D_OUT: 'dx | FULL: x | EMPTY: x
# UVM_INFO fifo_outmonitor.sv(44) @ 162250: uvm_test_top.env.out_agent.mon [uvm_test_top.env.out_agent.mon] READ TX Captured:
# WR_CS: x | WR_EN: x | RD_CS: 1 | RD_EN: 1 | D_IN: 'dx | D_OUT: 'd212 | FULL: x | EMPTY: 0
# UVM_INFO fifo_scoreboard.sv(44) @ 162250: uvm_test_top.env.scb [SCBD_PASS] PASS! Expected: 'd212 | Actual: 'd212
# UVM_INFO fifo_driver.sv(44) @ 162350: uvm_test_top.env.in_agent.drv [DRV] WR_CS: 1 | WR_EN: 1 | RD_CS: 1 | RD_EN: 0 | D_IN: 'd68 | D_OUT: 'dx | FULL: x | EMPTY: x
# UVM_INFO fifo_inmonitor.sv(34) @ 162350: uvm_test_top.env.in_agent.mon [uvm_test_top.env.in_agent.mon] WRITE TX Captured:
# WR_CS: 1 | WR_EN: 1 | RD_CS: x | RD_EN: x | D_IN: 'd68 | D_OUT: 'dx | FULL: 0 | EMPTY: x
# UVM_INFO fifo_scoreboard.sv(29) @ 162350: uvm_test_top.env.scb [SCBD_WRITE] Stored Data: 'd68 | Queue Size: 18
# UVM_INFO fifo_driver.sv(44) @ 162550: uvm_test_top.env.in_agent.drv [DRV] WR_CS: 1 | WR_EN: 0 | RD_CS: 1 | RD_EN: 1 | D_IN: 'd225 | D_OUT: 'dx | FULL: x | EMPTY: x
# UVM_INFO fifo_outmonitor.sv(44) @ 162650: uvm_test_top.env.out_agent.mon [uvm_test_top.env.out_agent.mon] READ TX Captured:
# WR_CS: x | WR_EN: x | RD_CS: 1 | RD_EN: 1 | D_IN: 'dx | D_OUT: 'd3 | FULL: x | EMPTY: 0
# UVM_INFO fifo_scoreboard.sv(44) @ 162650: uvm_test_top.env.scb [SCBD_PASS] PASS! Expected: 'd3 | Actual: 'd3
# UVM_INFO fifo_driver.sv(44) @ 162750: uvm_test_top.env.in_agent.drv [DRV] WR_CS: 1 | WR_EN: 1 | RD_CS: 1 | RD_EN: 0 | D_IN: 'd109 | D_OUT: 'dx | FULL: x | EMPTY: x
# UVM_INFO fifo_inmonitor.sv(34) @ 162750: uvm_test_top.env.in_agent.mon [uvm_test_top.env.in_agent.mon] WRITE TX Captured:
# WR_CS: 1 | WR_EN: 1 | RD_CS: x | RD_EN: x | D_IN: 'd109 | D_OUT: 'dx | FULL: 0 | EMPTY: x
# UVM_INFO fifo_scoreboard.sv(29) @ 162750: uvm_test_top.env.scb [SCBD_WRITE] Stored Data: 'd109 | Queue Size: 18
# UVM_INFO fifo_driver.sv(44) @ 162950: uvm_test_top.env.in_agent.drv [DRV] WR_CS: 1 | WR_EN: 1 | RD_CS: 1 | RD_EN: 0 | D_IN: 'd148 | D_OUT: 'dx | FULL: x | EMPTY: x
# UVM_INFO fifo_inmonitor.sv(34) @ 162950: uvm_test_top.env.in_agent.mon [uvm_test_top.env.in_agent.mon] WRITE TX Captured:
# WR_CS: 1 | WR_EN: 1 | RD_CS: x | RD_EN: x | D_IN: 'd148 | D_OUT: 'dx | FULL: 0 | EMPTY: x
# UVM_INFO fifo_scoreboard.sv(29) @ 162950: uvm_test_top.env.scb [SCBD_WRITE] Stored Data: 'd148 | Queue Size: 19
# UVM_INFO fifo_driver.sv(44) @ 163150: uvm_test_top.env.in_agent.drv [DRV] WR_CS: 1 | WR_EN: 0 | RD_CS: 1 | RD_EN: 1 | D_IN: 'd95 | D_OUT: 'dx | FULL: x | EMPTY: x
# UVM_INFO fifo_outmonitor.sv(44) @ 163250: uvm_test_top.env.out_agent.mon [uvm_test_top.env.out_agent.mon] READ TX Captured:
# WR_CS: x | WR_EN: x | RD_CS: 1 | RD_EN: 1 | D_IN: 'dx | D_OUT: 'd21 | FULL: x | EMPTY: 0
# UVM_INFO fifo_scoreboard.sv(44) @ 163250: uvm_test_top.env.scb [SCBD_PASS] PASS! Expected: 'd21 | Actual: 'd21
# UVM_INFO fifo_driver.sv(44) @ 163350: uvm_test_top.env.in_agent.drv [DRV] WR_CS: 1 | WR_EN: 1 | RD_CS: 1 | RD_EN: 0 | D_IN: 'd200 | D_OUT: 'dx | FULL: x | EMPTY: x
# UVM_INFO fifo_inmonitor.sv(34) @ 163350: uvm_test_top.env.in_agent.mon [uvm_test_top.env.in_agent.mon] WRITE TX Captured:
# WR_CS: 1 | WR_EN: 1 | RD_CS: x | RD_EN: x | D_IN: 'd200 | D_OUT: 'dx | FULL: 0 | EMPTY: x
# UVM_INFO fifo_scoreboard.sv(29) @ 163350: uvm_test_top.env.scb [SCBD_WRITE] Stored Data: 'd200 | Queue Size: 19
# UVM_INFO fifo_driver.sv(44) @ 163550: uvm_test_top.env.in_agent.drv [DRV] WR_CS: 1 | WR_EN: 0 | RD_CS: 1 | RD_EN: 1 | D_IN: 'd149 | D_OUT: 'dx | FULL: x | EMPTY: x
# UVM_INFO fifo_outmonitor.sv(44) @ 163650: uvm_test_top.env.out_agent.mon [uvm_test_top.env.out_agent.mon] READ TX Captured:
# WR_CS: x | WR_EN: x | RD_CS: 1 | RD_EN: 1 | D_IN: 'dx | D_OUT: 'd208 | FULL: x | EMPTY: 0
# UVM_INFO fifo_scoreboard.sv(44) @ 163650: uvm_test_top.env.scb [SCBD_PASS] PASS! Expected: 'd208 | Actual: 'd208
# UVM_INFO fifo_driver.sv(44) @ 163750: uvm_test_top.env.in_agent.drv [DRV] WR_CS: 1 | WR_EN: 1 | RD_CS: 1 | RD_EN: 0 | D_IN: 'd225 | D_OUT: 'dx | FULL: x | EMPTY: x
# UVM_INFO fifo_inmonitor.sv(34) @ 163750: uvm_test_top.env.in_agent.mon [uvm_test_top.env.in_agent.mon] WRITE TX Captured:
# WR_CS: 1 | WR_EN: 1 | RD_CS: x | RD_EN: x | D_IN: 'd225 | D_OUT: 'dx | FULL: 0 | EMPTY: x
# UVM_INFO fifo_scoreboard.sv(29) @ 163750: uvm_test_top.env.scb [SCBD_WRITE] Stored Data: 'd225 | Queue Size: 19
# UVM_INFO fifo_driver.sv(44) @ 163950: uvm_test_top.env.in_agent.drv [DRV] WR_CS: 1 | WR_EN: 0 | RD_CS: 1 | RD_EN: 1 | D_IN: 'd221 | D_OUT: 'dx | FULL: x | EMPTY: x
# UVM_INFO fifo_outmonitor.sv(44) @ 164050: uvm_test_top.env.out_agent.mon [uvm_test_top.env.out_agent.mon] READ TX Captured:
# WR_CS: x | WR_EN: x | RD_CS: 1 | RD_EN: 1 | D_IN: 'dx | D_OUT: 'd208 | FULL: x | EMPTY: 0
# UVM_INFO fifo_scoreboard.sv(44) @ 164050: uvm_test_top.env.scb [SCBD_PASS] PASS! Expected: 'd208 | Actual: 'd208
# UVM_INFO fifo_driver.sv(44) @ 164150: uvm_test_top.env.in_agent.drv [DRV] WR_CS: 1 | WR_EN: 1 | RD_CS: 1 | RD_EN: 0 | D_IN: 'd235 | D_OUT: 'dx | FULL: x | EMPTY: x
# UVM_INFO fifo_inmonitor.sv(34) @ 164150: uvm_test_top.env.in_agent.mon [uvm_test_top.env.in_agent.mon] WRITE TX Captured:
# WR_CS: 1 | WR_EN: 1 | RD_CS: x | RD_EN: x | D_IN: 'd235 | D_OUT: 'dx | FULL: 0 | EMPTY: x
# UVM_INFO fifo_scoreboard.sv(29) @ 164150: uvm_test_top.env.scb [SCBD_WRITE] Stored Data: 'd235 | Queue Size: 19
# UVM_INFO fifo_driver.sv(44) @ 164350: uvm_test_top.env.in_agent.drv [DRV] WR_CS: 1 | WR_EN: 1 | RD_CS: 1 | RD_EN: 0 | D_IN: 'd204 | D_OUT: 'dx | FULL: x | EMPTY: x
# UVM_INFO fifo_inmonitor.sv(34) @ 164350: uvm_test_top.env.in_agent.mon [uvm_test_top.env.in_agent.mon] WRITE TX Captured:
# WR_CS: 1 | WR_EN: 1 | RD_CS: x | RD_EN: x | D_IN: 'd204 | D_OUT: 'dx | FULL: 0 | EMPTY: x
# UVM_INFO fifo_scoreboard.sv(29) @ 164350: uvm_test_top.env.scb [SCBD_WRITE] Stored Data: 'd204 | Queue Size: 20
# UVM_INFO fifo_driver.sv(44) @ 164550: uvm_test_top.env.in_agent.drv [DRV] WR_CS: 1 | WR_EN: 1 | RD_CS: 1 | RD_EN: 0 | D_IN: 'd112 | D_OUT: 'dx | FULL: x | EMPTY: x
# UVM_INFO fifo_inmonitor.sv(34) @ 164550: uvm_test_top.env.in_agent.mon [uvm_test_top.env.in_agent.mon] WRITE TX Captured:
# WR_CS: 1 | WR_EN: 1 | RD_CS: x | RD_EN: x | D_IN: 'd112 | D_OUT: 'dx | FULL: 0 | EMPTY: x
# UVM_INFO fifo_scoreboard.sv(29) @ 164550: uvm_test_top.env.scb [SCBD_WRITE] Stored Data: 'd112 | Queue Size: 21
# UVM_INFO fifo_driver.sv(44) @ 164750: uvm_test_top.env.in_agent.drv [DRV] WR_CS: 1 | WR_EN: 1 | RD_CS: 1 | RD_EN: 0 | D_IN: 'd250 | D_OUT: 'dx | FULL: x | EMPTY: x
# UVM_INFO fifo_inmonitor.sv(34) @ 164750: uvm_test_top.env.in_agent.mon [uvm_test_top.env.in_agent.mon] WRITE TX Captured:
# WR_CS: 1 | WR_EN: 1 | RD_CS: x | RD_EN: x | D_IN: 'd250 | D_OUT: 'dx | FULL: 0 | EMPTY: x
# UVM_INFO fifo_scoreboard.sv(29) @ 164750: uvm_test_top.env.scb [SCBD_WRITE] Stored Data: 'd250 | Queue Size: 22
# UVM_INFO fifo_driver.sv(44) @ 164950: uvm_test_top.env.in_agent.drv [DRV] WR_CS: 1 | WR_EN: 0 | RD_CS: 1 | RD_EN: 1 | D_IN: 'd124 | D_OUT: 'dx | FULL: x | EMPTY: x
# UVM_INFO fifo_outmonitor.sv(44) @ 165050: uvm_test_top.env.out_agent.mon [uvm_test_top.env.out_agent.mon] READ TX Captured:
# WR_CS: x | WR_EN: x | RD_CS: 1 | RD_EN: 1 | D_IN: 'dx | D_OUT: 'd21 | FULL: x | EMPTY: 0
# UVM_INFO fifo_scoreboard.sv(44) @ 165050: uvm_test_top.env.scb [SCBD_PASS] PASS! Expected: 'd21 | Actual: 'd21
# UVM_INFO fifo_driver.sv(44) @ 165150: uvm_test_top.env.in_agent.drv [DRV] WR_CS: 1 | WR_EN: 1 | RD_CS: 1 | RD_EN: 0 | D_IN: 'd108 | D_OUT: 'dx | FULL: x | EMPTY: x
# UVM_INFO fifo_inmonitor.sv(34) @ 165150: uvm_test_top.env.in_agent.mon [uvm_test_top.env.in_agent.mon] WRITE TX Captured:
# WR_CS: 1 | WR_EN: 1 | RD_CS: x | RD_EN: x | D_IN: 'd108 | D_OUT: 'dx | FULL: 0 | EMPTY: x
# UVM_INFO fifo_scoreboard.sv(29) @ 165150: uvm_test_top.env.scb [SCBD_WRITE] Stored Data: 'd108 | Queue Size: 22
# UVM_INFO fifo_driver.sv(44) @ 165350: uvm_test_top.env.in_agent.drv [DRV] WR_CS: 1 | WR_EN: 1 | RD_CS: 1 | RD_EN: 0 | D_IN: 'd223 | D_OUT: 'dx | FULL: x | EMPTY: x
# UVM_INFO fifo_inmonitor.sv(34) @ 165350: uvm_test_top.env.in_agent.mon [uvm_test_top.env.in_agent.mon] WRITE TX Captured:
# WR_CS: 1 | WR_EN: 1 | RD_CS: x | RD_EN: x | D_IN: 'd223 | D_OUT: 'dx | FULL: 0 | EMPTY: x
# UVM_INFO fifo_scoreboard.sv(29) @ 165350: uvm_test_top.env.scb [SCBD_WRITE] Stored Data: 'd223 | Queue Size: 23
# UVM_INFO fifo_driver.sv(44) @ 165550: uvm_test_top.env.in_agent.drv [DRV] WR_CS: 1 | WR_EN: 1 | RD_CS: 1 | RD_EN: 0 | D_IN: 'd136 | D_OUT: 'dx | FULL: x | EMPTY: x
# UVM_INFO fifo_inmonitor.sv(34) @ 165550: uvm_test_top.env.in_agent.mon [uvm_test_top.env.in_agent.mon] WRITE TX Captured:
# WR_CS: 1 | WR_EN: 1 | RD_CS: x | RD_EN: x | D_IN: 'd136 | D_OUT: 'dx | FULL: 0 | EMPTY: x
# UVM_INFO fifo_scoreboard.sv(29) @ 165550: uvm_test_top.env.scb [SCBD_WRITE] Stored Data: 'd136 | Queue Size: 24
# UVM_INFO fifo_driver.sv(44) @ 165750: uvm_test_top.env.in_agent.drv [DRV] WR_CS: 1 | WR_EN: 0 | RD_CS: 1 | RD_EN: 1 | D_IN: 'd29 | D_OUT: 'dx | FULL: x | EMPTY: x
# UVM_INFO fifo_outmonitor.sv(44) @ 165850: uvm_test_top.env.out_agent.mon [uvm_test_top.env.out_agent.mon] READ TX Captured:
# WR_CS: x | WR_EN: x | RD_CS: 1 | RD_EN: 1 | D_IN: 'dx | D_OUT: 'd156 | FULL: x | EMPTY: 0
# UVM_INFO fifo_scoreboard.sv(44) @ 165850: uvm_test_top.env.scb [SCBD_PASS] PASS! Expected: 'd156 | Actual: 'd156
# UVM_INFO fifo_driver.sv(44) @ 165950: uvm_test_top.env.in_agent.drv [DRV] WR_CS: 1 | WR_EN: 0 | RD_CS: 1 | RD_EN: 1 | D_IN: 'd47 | D_OUT: 'dx | FULL: x | EMPTY: x
# UVM_INFO fifo_outmonitor.sv(44) @ 166050: uvm_test_top.env.out_agent.mon [uvm_test_top.env.out_agent.mon] READ TX Captured:
# WR_CS: x | WR_EN: x | RD_CS: 1 | RD_EN: 1 | D_IN: 'dx | D_OUT: 'd155 | FULL: x | EMPTY: 0
# UVM_INFO fifo_scoreboard.sv(44) @ 166050: uvm_test_top.env.scb [SCBD_PASS] PASS! Expected: 'd155 | Actual: 'd155
# UVM_INFO fifo_driver.sv(44) @ 166150: uvm_test_top.env.in_agent.drv [DRV] WR_CS: 1 | WR_EN: 0 | RD_CS: 1 | RD_EN: 1 | D_IN: 'd20 | D_OUT: 'dx | FULL: x | EMPTY: x
# UVM_INFO fifo_outmonitor.sv(44) @ 166250: uvm_test_top.env.out_agent.mon [uvm_test_top.env.out_agent.mon] READ TX Captured:
# WR_CS: x | WR_EN: x | RD_CS: 1 | RD_EN: 1 | D_IN: 'dx | D_OUT: 'd102 | FULL: x | EMPTY: 0
# UVM_INFO fifo_scoreboard.sv(44) @ 166250: uvm_test_top.env.scb [SCBD_PASS] PASS! Expected: 'd102 | Actual: 'd102
# UVM_INFO fifo_driver.sv(44) @ 166350: uvm_test_top.env.in_agent.drv [DRV] WR_CS: 1 | WR_EN: 1 | RD_CS: 1 | RD_EN: 0 | D_IN: 'd62 | D_OUT: 'dx | FULL: x | EMPTY: x
# UVM_INFO fifo_inmonitor.sv(34) @ 166350: uvm_test_top.env.in_agent.mon [uvm_test_top.env.in_agent.mon] WRITE TX Captured:
# WR_CS: 1 | WR_EN: 1 | RD_CS: x | RD_EN: x | D_IN: 'd62 | D_OUT: 'dx | FULL: 0 | EMPTY: x
# UVM_INFO fifo_scoreboard.sv(29) @ 166350: uvm_test_top.env.scb [SCBD_WRITE] Stored Data: 'd62 | Queue Size: 22
# UVM_INFO fifo_driver.sv(44) @ 166550: uvm_test_top.env.in_agent.drv [DRV] WR_CS: 1 | WR_EN: 1 | RD_CS: 1 | RD_EN: 0 | D_IN: 'd165 | D_OUT: 'dx | FULL: x | EMPTY: x
# UVM_INFO fifo_inmonitor.sv(34) @ 166550: uvm_test_top.env.in_agent.mon [uvm_test_top.env.in_agent.mon] WRITE TX Captured:
# WR_CS: 1 | WR_EN: 1 | RD_CS: x | RD_EN: x | D_IN: 'd165 | D_OUT: 'dx | FULL: 0 | EMPTY: x
# UVM_INFO fifo_scoreboard.sv(29) @ 166550: uvm_test_top.env.scb [SCBD_WRITE] Stored Data: 'd165 | Queue Size: 23
# UVM_INFO fifo_driver.sv(44) @ 166750: uvm_test_top.env.in_agent.drv [DRV] WR_CS: 1 | WR_EN: 0 | RD_CS: 1 | RD_EN: 1 | D_IN: 'd87 | D_OUT: 'dx | FULL: x | EMPTY: x
# UVM_INFO fifo_outmonitor.sv(44) @ 166850: uvm_test_top.env.out_agent.mon [uvm_test_top.env.out_agent.mon] READ TX Captured:
# WR_CS: x | WR_EN: x | RD_CS: 1 | RD_EN: 1 | D_IN: 'dx | D_OUT: 'd95 | FULL: x | EMPTY: 0
# UVM_INFO fifo_scoreboard.sv(44) @ 166850: uvm_test_top.env.scb [SCBD_PASS] PASS! Expected: 'd95 | Actual: 'd95
# UVM_INFO fifo_driver.sv(44) @ 166950: uvm_test_top.env.in_agent.drv [DRV] WR_CS: 1 | WR_EN: 0 | RD_CS: 1 | RD_EN: 1 | D_IN: 'd248 | D_OUT: 'dx | FULL: x | EMPTY: x
# UVM_INFO fifo_outmonitor.sv(44) @ 167050: uvm_test_top.env.out_agent.mon [uvm_test_top.env.out_agent.mon] READ TX Captured:
# WR_CS: x | WR_EN: x | RD_CS: 1 | RD_EN: 1 | D_IN: 'dx | D_OUT: 'd149 | FULL: x | EMPTY: 0
# UVM_INFO fifo_scoreboard.sv(44) @ 167050: uvm_test_top.env.scb [SCBD_PASS] PASS! Expected: 'd149 | Actual: 'd149
# UVM_INFO fifo_driver.sv(44) @ 167150: uvm_test_top.env.in_agent.drv [DRV] WR_CS: 1 | WR_EN: 0 | RD_CS: 1 | RD_EN: 1 | D_IN: 'd226 | D_OUT: 'dx | FULL: x | EMPTY: x
# UVM_INFO fifo_outmonitor.sv(44) @ 167250: uvm_test_top.env.out_agent.mon [uvm_test_top.env.out_agent.mon] READ TX Captured:
# WR_CS: x | WR_EN: x | RD_CS: 1 | RD_EN: 1 | D_IN: 'dx | D_OUT: 'd148 | FULL: x | EMPTY: 0
# UVM_INFO fifo_scoreboard.sv(44) @ 167250: uvm_test_top.env.scb [SCBD_PASS] PASS! Expected: 'd148 | Actual: 'd148
# UVM_INFO fifo_driver.sv(44) @ 167350: uvm_test_top.env.in_agent.drv [DRV] WR_CS: 1 | WR_EN: 1 | RD_CS: 1 | RD_EN: 0 | D_IN: 'd76 | D_OUT: 'dx | FULL: x | EMPTY: x
# UVM_INFO fifo_inmonitor.sv(34) @ 167350: uvm_test_top.env.in_agent.mon [uvm_test_top.env.in_agent.mon] WRITE TX Captured:
# WR_CS: 1 | WR_EN: 1 | RD_CS: x | RD_EN: x | D_IN: 'd76 | D_OUT: 'dx | FULL: 0 | EMPTY: x
# UVM_INFO fifo_scoreboard.sv(29) @ 167350: uvm_test_top.env.scb [SCBD_WRITE] Stored Data: 'd76 | Queue Size: 21
# UVM_INFO fifo_driver.sv(44) @ 167550: uvm_test_top.env.in_agent.drv [DRV] WR_CS: 1 | WR_EN: 1 | RD_CS: 1 | RD_EN: 0 | D_IN: 'd246 | D_OUT: 'dx | FULL: x | EMPTY: x
# UVM_INFO fifo_inmonitor.sv(34) @ 167550: uvm_test_top.env.in_agent.mon [uvm_test_top.env.in_agent.mon] WRITE TX Captured:
# WR_CS: 1 | WR_EN: 1 | RD_CS: x | RD_EN: x | D_IN: 'd246 | D_OUT: 'dx | FULL: 0 | EMPTY: x
# UVM_INFO fifo_scoreboard.sv(29) @ 167550: uvm_test_top.env.scb [SCBD_WRITE] Stored Data: 'd246 | Queue Size: 22
# UVM_INFO fifo_driver.sv(44) @ 167750: uvm_test_top.env.in_agent.drv [DRV] WR_CS: 1 | WR_EN: 1 | RD_CS: 1 | RD_EN: 0 | D_IN: 'd211 | D_OUT: 'dx | FULL: x | EMPTY: x
# UVM_INFO fifo_inmonitor.sv(34) @ 167750: uvm_test_top.env.in_agent.mon [uvm_test_top.env.in_agent.mon] WRITE TX Captured:
# WR_CS: 1 | WR_EN: 1 | RD_CS: x | RD_EN: x | D_IN: 'd211 | D_OUT: 'dx | FULL: 0 | EMPTY: x
# UVM_INFO fifo_scoreboard.sv(29) @ 167750: uvm_test_top.env.scb [SCBD_WRITE] Stored Data: 'd211 | Queue Size: 23
# UVM_INFO fifo_driver.sv(44) @ 167950: uvm_test_top.env.in_agent.drv [DRV] WR_CS: 1 | WR_EN: 0 | RD_CS: 1 | RD_EN: 1 | D_IN: 'd202 | D_OUT: 'dx | FULL: x | EMPTY: x
# UVM_INFO fifo_outmonitor.sv(44) @ 168050: uvm_test_top.env.out_agent.mon [uvm_test_top.env.out_agent.mon] READ TX Captured:
# WR_CS: x | WR_EN: x | RD_CS: 1 | RD_EN: 1 | D_IN: 'dx | D_OUT: 'd51 | FULL: x | EMPTY: 0
# UVM_INFO fifo_scoreboard.sv(44) @ 168050: uvm_test_top.env.scb [SCBD_PASS] PASS! Expected: 'd51 | Actual: 'd51
# UVM_INFO fifo_driver.sv(44) @ 168150: uvm_test_top.env.in_agent.drv [DRV] WR_CS: 1 | WR_EN: 0 | RD_CS: 1 | RD_EN: 1 | D_IN: 'd31 | D_OUT: 'dx | FULL: x | EMPTY: x
# UVM_INFO fifo_outmonitor.sv(44) @ 168250: uvm_test_top.env.out_agent.mon [uvm_test_top.env.out_agent.mon] READ TX Captured:
# WR_CS: x | WR_EN: x | RD_CS: 1 | RD_EN: 1 | D_IN: 'dx | D_OUT: 'd20 | FULL: x | EMPTY: 0
# UVM_INFO fifo_scoreboard.sv(44) @ 168250: uvm_test_top.env.scb [SCBD_PASS] PASS! Expected: 'd20 | Actual: 'd20
# UVM_INFO fifo_driver.sv(44) @ 168350: uvm_test_top.env.in_agent.drv [DRV] WR_CS: 1 | WR_EN: 0 | RD_CS: 1 | RD_EN: 1 | D_IN: 'd131 | D_OUT: 'dx | FULL: x | EMPTY: x
# UVM_INFO fifo_outmonitor.sv(44) @ 168450: uvm_test_top.env.out_agent.mon [uvm_test_top.env.out_agent.mon] READ TX Captured:
# WR_CS: x | WR_EN: x | RD_CS: 1 | RD_EN: 1 | D_IN: 'dx | D_OUT: 'd117 | FULL: x | EMPTY: 0
# UVM_INFO fifo_scoreboard.sv(44) @ 168450: uvm_test_top.env.scb [SCBD_PASS] PASS! Expected: 'd117 | Actual: 'd117
# UVM_INFO fifo_driver.sv(44) @ 168550: uvm_test_top.env.in_agent.drv [DRV] WR_CS: 1 | WR_EN: 1 | RD_CS: 1 | RD_EN: 0 | D_IN: 'd38 | D_OUT: 'dx | FULL: x | EMPTY: x
# UVM_INFO fifo_inmonitor.sv(34) @ 168550: uvm_test_top.env.in_agent.mon [uvm_test_top.env.in_agent.mon] WRITE TX Captured:
# WR_CS: 1 | WR_EN: 1 | RD_CS: x | RD_EN: x | D_IN: 'd38 | D_OUT: 'dx | FULL: 0 | EMPTY: x
# UVM_INFO fifo_scoreboard.sv(29) @ 168550: uvm_test_top.env.scb [SCBD_WRITE] Stored Data: 'd38 | Queue Size: 21
# UVM_INFO fifo_driver.sv(44) @ 168750: uvm_test_top.env.in_agent.drv [DRV] WR_CS: 1 | WR_EN: 1 | RD_CS: 1 | RD_EN: 0 | D_IN: 'd12 | D_OUT: 'dx | FULL: x | EMPTY: x
# UVM_INFO fifo_inmonitor.sv(34) @ 168750: uvm_test_top.env.in_agent.mon [uvm_test_top.env.in_agent.mon] WRITE TX Captured:
# WR_CS: 1 | WR_EN: 1 | RD_CS: x | RD_EN: x | D_IN: 'd12 | D_OUT: 'dx | FULL: 0 | EMPTY: x
# UVM_INFO fifo_scoreboard.sv(29) @ 168750: uvm_test_top.env.scb [SCBD_WRITE] Stored Data: 'd12 | Queue Size: 22
# UVM_INFO fifo_driver.sv(44) @ 168950: uvm_test_top.env.in_agent.drv [DRV] WR_CS: 1 | WR_EN: 0 | RD_CS: 1 | RD_EN: 1 | D_IN: 'd172 | D_OUT: 'dx | FULL: x | EMPTY: x
# UVM_INFO fifo_outmonitor.sv(44) @ 169050: uvm_test_top.env.out_agent.mon [uvm_test_top.env.out_agent.mon] READ TX Captured:
# WR_CS: x | WR_EN: x | RD_CS: 1 | RD_EN: 1 | D_IN: 'dx | D_OUT: 'd20 | FULL: x | EMPTY: 0
# UVM_INFO fifo_scoreboard.sv(44) @ 169050: uvm_test_top.env.scb [SCBD_PASS] PASS! Expected: 'd20 | Actual: 'd20
# UVM_INFO fifo_driver.sv(44) @ 169150: uvm_test_top.env.in_agent.drv [DRV] WR_CS: 1 | WR_EN: 0 | RD_CS: 1 | RD_EN: 1 | D_IN: 'd65 | D_OUT: 'dx | FULL: x | EMPTY: x
# UVM_INFO fifo_outmonitor.sv(44) @ 169250: uvm_test_top.env.out_agent.mon [uvm_test_top.env.out_agent.mon] READ TX Captured:
# WR_CS: x | WR_EN: x | RD_CS: 1 | RD_EN: 1 | D_IN: 'dx | D_OUT: 'd177 | FULL: x | EMPTY: 0
# UVM_INFO fifo_scoreboard.sv(44) @ 169250: uvm_test_top.env.scb [SCBD_PASS] PASS! Expected: 'd177 | Actual: 'd177
# UVM_INFO fifo_driver.sv(44) @ 169350: uvm_test_top.env.in_agent.drv [DRV] WR_CS: 1 | WR_EN: 1 | RD_CS: 1 | RD_EN: 0 | D_IN: 'd133 | D_OUT: 'dx | FULL: x | EMPTY: x
# UVM_INFO fifo_inmonitor.sv(34) @ 169350: uvm_test_top.env.in_agent.mon [uvm_test_top.env.in_agent.mon] WRITE TX Captured:
# WR_CS: 1 | WR_EN: 1 | RD_CS: x | RD_EN: x | D_IN: 'd133 | D_OUT: 'dx | FULL: 0 | EMPTY: x
# UVM_INFO fifo_scoreboard.sv(29) @ 169350: uvm_test_top.env.scb [SCBD_WRITE] Stored Data: 'd133 | Queue Size: 21
# UVM_INFO fifo_driver.sv(44) @ 169550: uvm_test_top.env.in_agent.drv [DRV] WR_CS: 1 | WR_EN: 0 | RD_CS: 1 | RD_EN: 1 | D_IN: 'd170 | D_OUT: 'dx | FULL: x | EMPTY: x
# UVM_INFO fifo_outmonitor.sv(44) @ 169650: uvm_test_top.env.out_agent.mon [uvm_test_top.env.out_agent.mon] READ TX Captured:
# WR_CS: x | WR_EN: x | RD_CS: 1 | RD_EN: 1 | D_IN: 'dx | D_OUT: 'd12 | FULL: x | EMPTY: 0
# UVM_INFO fifo_scoreboard.sv(44) @ 169650: uvm_test_top.env.scb [SCBD_PASS] PASS! Expected: 'd12 | Actual: 'd12
# UVM_INFO fifo_driver.sv(44) @ 169750: uvm_test_top.env.in_agent.drv [DRV] WR_CS: 1 | WR_EN: 0 | RD_CS: 1 | RD_EN: 1 | D_IN: 'd178 | D_OUT: 'dx | FULL: x | EMPTY: x
# UVM_INFO fifo_outmonitor.sv(44) @ 169850: uvm_test_top.env.out_agent.mon [uvm_test_top.env.out_agent.mon] READ TX Captured:
# WR_CS: x | WR_EN: x | RD_CS: 1 | RD_EN: 1 | D_IN: 'dx | D_OUT: 'd68 | FULL: x | EMPTY: 0
# UVM_INFO fifo_scoreboard.sv(44) @ 169850: uvm_test_top.env.scb [SCBD_PASS] PASS! Expected: 'd68 | Actual: 'd68
# UVM_INFO fifo_driver.sv(44) @ 169950: uvm_test_top.env.in_agent.drv [DRV] WR_CS: 1 | WR_EN: 0 | RD_CS: 1 | RD_EN: 1 | D_IN: 'd62 | D_OUT: 'dx | FULL: x | EMPTY: x
# UVM_INFO fifo_outmonitor.sv(44) @ 170050: uvm_test_top.env.out_agent.mon [uvm_test_top.env.out_agent.mon] READ TX Captured:
# WR_CS: x | WR_EN: x | RD_CS: 1 | RD_EN: 1 | D_IN: 'dx | D_OUT: 'd109 | FULL: x | EMPTY: 0
# UVM_INFO fifo_scoreboard.sv(44) @ 170050: uvm_test_top.env.scb [SCBD_PASS] PASS! Expected: 'd109 | Actual: 'd109
# UVM_INFO fifo_driver.sv(44) @ 170150: uvm_test_top.env.in_agent.drv [DRV] WR_CS: 1 | WR_EN: 1 | RD_CS: 1 | RD_EN: 0 | D_IN: 'd76 | D_OUT: 'dx | FULL: x | EMPTY: x
# UVM_INFO fifo_inmonitor.sv(34) @ 170150: uvm_test_top.env.in_agent.mon [uvm_test_top.env.in_agent.mon] WRITE TX Captured:
# WR_CS: 1 | WR_EN: 1 | RD_CS: x | RD_EN: x | D_IN: 'd76 | D_OUT: 'dx | FULL: 0 | EMPTY: x
# UVM_INFO fifo_scoreboard.sv(29) @ 170150: uvm_test_top.env.scb [SCBD_WRITE] Stored Data: 'd76 | Queue Size: 19
# UVM_INFO fifo_driver.sv(44) @ 170350: uvm_test_top.env.in_agent.drv [DRV] WR_CS: 1 | WR_EN: 0 | RD_CS: 1 | RD_EN: 1 | D_IN: 'd226 | D_OUT: 'dx | FULL: x | EMPTY: x
# UVM_INFO fifo_outmonitor.sv(44) @ 170450: uvm_test_top.env.out_agent.mon [uvm_test_top.env.out_agent.mon] READ TX Captured:
# WR_CS: x | WR_EN: x | RD_CS: 1 | RD_EN: 1 | D_IN: 'dx | D_OUT: 'd148 | FULL: x | EMPTY: 0
# UVM_INFO fifo_scoreboard.sv(44) @ 170450: uvm_test_top.env.scb [SCBD_PASS] PASS! Expected: 'd148 | Actual: 'd148
# UVM_INFO fifo_driver.sv(44) @ 170550: uvm_test_top.env.in_agent.drv [DRV] WR_CS: 1 | WR_EN: 0 | RD_CS: 1 | RD_EN: 1 | D_IN: 'd242 | D_OUT: 'dx | FULL: x | EMPTY: x
# UVM_INFO fifo_outmonitor.sv(44) @ 170650: uvm_test_top.env.out_agent.mon [uvm_test_top.env.out_agent.mon] READ TX Captured:
# WR_CS: x | WR_EN: x | RD_CS: 1 | RD_EN: 1 | D_IN: 'dx | D_OUT: 'd200 | FULL: x | EMPTY: 0
# UVM_INFO fifo_scoreboard.sv(44) @ 170650: uvm_test_top.env.scb [SCBD_PASS] PASS! Expected: 'd200 | Actual: 'd200
# UVM_INFO fifo_driver.sv(44) @ 170750: uvm_test_top.env.in_agent.drv [DRV] WR_CS: 1 | WR_EN: 0 | RD_CS: 1 | RD_EN: 1 | D_IN: 'd31 | D_OUT: 'dx | FULL: x | EMPTY: x
# UVM_INFO fifo_outmonitor.sv(44) @ 170850: uvm_test_top.env.out_agent.mon [uvm_test_top.env.out_agent.mon] READ TX Captured:
# WR_CS: x | WR_EN: x | RD_CS: 1 | RD_EN: 1 | D_IN: 'dx | D_OUT: 'd225 | FULL: x | EMPTY: 0
# UVM_INFO fifo_scoreboard.sv(44) @ 170850: uvm_test_top.env.scb [SCBD_PASS] PASS! Expected: 'd225 | Actual: 'd225
# UVM_INFO fifo_driver.sv(44) @ 170950: uvm_test_top.env.in_agent.drv [DRV] WR_CS: 1 | WR_EN: 1 | RD_CS: 1 | RD_EN: 0 | D_IN: 'd241 | D_OUT: 'dx | FULL: x | EMPTY: x
# UVM_INFO fifo_inmonitor.sv(34) @ 170950: uvm_test_top.env.in_agent.mon [uvm_test_top.env.in_agent.mon] WRITE TX Captured:
# WR_CS: 1 | WR_EN: 1 | RD_CS: x | RD_EN: x | D_IN: 'd241 | D_OUT: 'dx | FULL: 0 | EMPTY: x
# UVM_INFO fifo_scoreboard.sv(29) @ 170950: uvm_test_top.env.scb [SCBD_WRITE] Stored Data: 'd241 | Queue Size: 17
# UVM_INFO fifo_driver.sv(44) @ 171150: uvm_test_top.env.in_agent.drv [DRV] WR_CS: 1 | WR_EN: 1 | RD_CS: 1 | RD_EN: 0 | D_IN: 'd142 | D_OUT: 'dx | FULL: x | EMPTY: x
# UVM_INFO fifo_inmonitor.sv(34) @ 171150: uvm_test_top.env.in_agent.mon [uvm_test_top.env.in_agent.mon] WRITE TX Captured:
# WR_CS: 1 | WR_EN: 1 | RD_CS: x | RD_EN: x | D_IN: 'd142 | D_OUT: 'dx | FULL: 0 | EMPTY: x
# UVM_INFO fifo_scoreboard.sv(29) @ 171150: uvm_test_top.env.scb [SCBD_WRITE] Stored Data: 'd142 | Queue Size: 18
# UVM_INFO fifo_driver.sv(44) @ 171350: uvm_test_top.env.in_agent.drv [DRV] WR_CS: 1 | WR_EN: 0 | RD_CS: 1 | RD_EN: 1 | D_IN: 'd17 | D_OUT: 'dx | FULL: x | EMPTY: x
# UVM_INFO fifo_outmonitor.sv(44) @ 171450: uvm_test_top.env.out_agent.mon [uvm_test_top.env.out_agent.mon] READ TX Captured:
# WR_CS: x | WR_EN: x | RD_CS: 1 | RD_EN: 1 | D_IN: 'dx | D_OUT: 'd235 | FULL: x | EMPTY: 0
# UVM_INFO fifo_scoreboard.sv(44) @ 171450: uvm_test_top.env.scb [SCBD_PASS] PASS! Expected: 'd235 | Actual: 'd235
# UVM_INFO fifo_driver.sv(44) @ 171550: uvm_test_top.env.in_agent.drv [DRV] WR_CS: 1 | WR_EN: 1 | RD_CS: 1 | RD_EN: 0 | D_IN: 'd68 | D_OUT: 'dx | FULL: x | EMPTY: x
# UVM_INFO fifo_inmonitor.sv(34) @ 171550: uvm_test_top.env.in_agent.mon [uvm_test_top.env.in_agent.mon] WRITE TX Captured:
# WR_CS: 1 | WR_EN: 1 | RD_CS: x | RD_EN: x | D_IN: 'd68 | D_OUT: 'dx | FULL: 0 | EMPTY: x
# UVM_INFO fifo_scoreboard.sv(29) @ 171550: uvm_test_top.env.scb [SCBD_WRITE] Stored Data: 'd68 | Queue Size: 18
# UVM_INFO fifo_driver.sv(44) @ 171750: uvm_test_top.env.in_agent.drv [DRV] WR_CS: 1 | WR_EN: 1 | RD_CS: 1 | RD_EN: 0 | D_IN: 'd194 | D_OUT: 'dx | FULL: x | EMPTY: x
# UVM_INFO fifo_inmonitor.sv(34) @ 171750: uvm_test_top.env.in_agent.mon [uvm_test_top.env.in_agent.mon] WRITE TX Captured:
# WR_CS: 1 | WR_EN: 1 | RD_CS: x | RD_EN: x | D_IN: 'd194 | D_OUT: 'dx | FULL: 0 | EMPTY: x
# UVM_INFO fifo_scoreboard.sv(29) @ 171750: uvm_test_top.env.scb [SCBD_WRITE] Stored Data: 'd194 | Queue Size: 19
# UVM_INFO fifo_driver.sv(44) @ 171950: uvm_test_top.env.in_agent.drv [DRV] WR_CS: 1 | WR_EN: 1 | RD_CS: 1 | RD_EN: 0 | D_IN: 'd0 | D_OUT: 'dx | FULL: x | EMPTY: x
# UVM_INFO fifo_inmonitor.sv(34) @ 171950: uvm_test_top.env.in_agent.mon [uvm_test_top.env.in_agent.mon] WRITE TX Captured:
# WR_CS: 1 | WR_EN: 1 | RD_CS: x | RD_EN: x | D_IN: 'd0 | D_OUT: 'dx | FULL: 0 | EMPTY: x
# UVM_INFO fifo_scoreboard.sv(29) @ 171950: uvm_test_top.env.scb [SCBD_WRITE] Stored Data: 'd0 | Queue Size: 20
# UVM_INFO fifo_driver.sv(44) @ 172150: uvm_test_top.env.in_agent.drv [DRV] WR_CS: 1 | WR_EN: 1 | RD_CS: 1 | RD_EN: 0 | D_IN: 'd42 | D_OUT: 'dx | FULL: x | EMPTY: x
# UVM_INFO fifo_inmonitor.sv(34) @ 172150: uvm_test_top.env.in_agent.mon [uvm_test_top.env.in_agent.mon] WRITE TX Captured:
# WR_CS: 1 | WR_EN: 1 | RD_CS: x | RD_EN: x | D_IN: 'd42 | D_OUT: 'dx | FULL: 0 | EMPTY: x
# UVM_INFO fifo_scoreboard.sv(29) @ 172150: uvm_test_top.env.scb [SCBD_WRITE] Stored Data: 'd42 | Queue Size: 21
# UVM_INFO fifo_driver.sv(44) @ 172350: uvm_test_top.env.in_agent.drv [DRV] WR_CS: 1 | WR_EN: 1 | RD_CS: 1 | RD_EN: 0 | D_IN: 'd163 | D_OUT: 'dx | FULL: x | EMPTY: x
# UVM_INFO fifo_inmonitor.sv(34) @ 172350: uvm_test_top.env.in_agent.mon [uvm_test_top.env.in_agent.mon] WRITE TX Captured:
# WR_CS: 1 | WR_EN: 1 | RD_CS: x | RD_EN: x | D_IN: 'd163 | D_OUT: 'dx | FULL: 0 | EMPTY: x
# UVM_INFO fifo_scoreboard.sv(29) @ 172350: uvm_test_top.env.scb [SCBD_WRITE] Stored Data: 'd163 | Queue Size: 22
# UVM_INFO fifo_driver.sv(44) @ 172550: uvm_test_top.env.in_agent.drv [DRV] WR_CS: 1 | WR_EN: 0 | RD_CS: 1 | RD_EN: 1 | D_IN: 'd194 | D_OUT: 'dx | FULL: x | EMPTY: x
# UVM_INFO fifo_outmonitor.sv(44) @ 172650: uvm_test_top.env.out_agent.mon [uvm_test_top.env.out_agent.mon] READ TX Captured:
# WR_CS: x | WR_EN: x | RD_CS: 1 | RD_EN: 1 | D_IN: 'dx | D_OUT: 'd204 | FULL: x | EMPTY: 0
# UVM_INFO fifo_scoreboard.sv(44) @ 172650: uvm_test_top.env.scb [SCBD_PASS] PASS! Expected: 'd204 | Actual: 'd204
# UVM_INFO fifo_driver.sv(44) @ 172750: uvm_test_top.env.in_agent.drv [DRV] WR_CS: 1 | WR_EN: 0 | RD_CS: 1 | RD_EN: 1 | D_IN: 'd182 | D_OUT: 'dx | FULL: x | EMPTY: x
# UVM_INFO fifo_outmonitor.sv(44) @ 172850: uvm_test_top.env.out_agent.mon [uvm_test_top.env.out_agent.mon] READ TX Captured:
# WR_CS: x | WR_EN: x | RD_CS: 1 | RD_EN: 1 | D_IN: 'dx | D_OUT: 'd112 | FULL: x | EMPTY: 0
# UVM_INFO fifo_scoreboard.sv(44) @ 172850: uvm_test_top.env.scb [SCBD_PASS] PASS! Expected: 'd112 | Actual: 'd112
# UVM_INFO fifo_driver.sv(44) @ 172950: uvm_test_top.env.in_agent.drv [DRV] WR_CS: 1 | WR_EN: 1 | RD_CS: 1 | RD_EN: 0 | D_IN: 'd70 | D_OUT: 'dx | FULL: x | EMPTY: x
# UVM_INFO fifo_inmonitor.sv(34) @ 172950: uvm_test_top.env.in_agent.mon [uvm_test_top.env.in_agent.mon] WRITE TX Captured:
# WR_CS: 1 | WR_EN: 1 | RD_CS: x | RD_EN: x | D_IN: 'd70 | D_OUT: 'dx | FULL: 0 | EMPTY: x
# UVM_INFO fifo_scoreboard.sv(29) @ 172950: uvm_test_top.env.scb [SCBD_WRITE] Stored Data: 'd70 | Queue Size: 21
# UVM_INFO fifo_driver.sv(44) @ 173150: uvm_test_top.env.in_agent.drv [DRV] WR_CS: 1 | WR_EN: 1 | RD_CS: 1 | RD_EN: 0 | D_IN: 'd109 | D_OUT: 'dx | FULL: x | EMPTY: x
# UVM_INFO fifo_inmonitor.sv(34) @ 173150: uvm_test_top.env.in_agent.mon [uvm_test_top.env.in_agent.mon] WRITE TX Captured:
# WR_CS: 1 | WR_EN: 1 | RD_CS: x | RD_EN: x | D_IN: 'd109 | D_OUT: 'dx | FULL: 0 | EMPTY: x
# UVM_INFO fifo_scoreboard.sv(29) @ 173150: uvm_test_top.env.scb [SCBD_WRITE] Stored Data: 'd109 | Queue Size: 22
# UVM_INFO fifo_driver.sv(44) @ 173350: uvm_test_top.env.in_agent.drv [DRV] WR_CS: 1 | WR_EN: 1 | RD_CS: 1 | RD_EN: 0 | D_IN: 'd212 | D_OUT: 'dx | FULL: x | EMPTY: x
# UVM_INFO fifo_inmonitor.sv(34) @ 173350: uvm_test_top.env.in_agent.mon [uvm_test_top.env.in_agent.mon] WRITE TX Captured:
# WR_CS: 1 | WR_EN: 1 | RD_CS: x | RD_EN: x | D_IN: 'd212 | D_OUT: 'dx | FULL: 0 | EMPTY: x
# UVM_INFO fifo_scoreboard.sv(29) @ 173350: uvm_test_top.env.scb [SCBD_WRITE] Stored Data: 'd212 | Queue Size: 23
# UVM_INFO fifo_driver.sv(44) @ 173550: uvm_test_top.env.in_agent.drv [DRV] WR_CS: 1 | WR_EN: 0 | RD_CS: 1 | RD_EN: 1 | D_IN: 'd85 | D_OUT: 'dx | FULL: x | EMPTY: x
# UVM_INFO fifo_outmonitor.sv(44) @ 173650: uvm_test_top.env.out_agent.mon [uvm_test_top.env.out_agent.mon] READ TX Captured:
# WR_CS: x | WR_EN: x | RD_CS: 1 | RD_EN: 1 | D_IN: 'dx | D_OUT: 'd250 | FULL: x | EMPTY: 0
# UVM_INFO fifo_scoreboard.sv(44) @ 173650: uvm_test_top.env.scb [SCBD_PASS] PASS! Expected: 'd250 | Actual: 'd250
# UVM_INFO fifo_driver.sv(44) @ 173750: uvm_test_top.env.in_agent.drv [DRV] WR_CS: 1 | WR_EN: 0 | RD_CS: 1 | RD_EN: 1 | D_IN: 'd120 | D_OUT: 'dx | FULL: x | EMPTY: x
# UVM_INFO fifo_outmonitor.sv(44) @ 173850: uvm_test_top.env.out_agent.mon [uvm_test_top.env.out_agent.mon] READ TX Captured:
# WR_CS: x | WR_EN: x | RD_CS: 1 | RD_EN: 1 | D_IN: 'dx | D_OUT: 'd108 | FULL: x | EMPTY: 0
# UVM_INFO fifo_scoreboard.sv(44) @ 173850: uvm_test_top.env.scb [SCBD_PASS] PASS! Expected: 'd108 | Actual: 'd108
# UVM_INFO fifo_driver.sv(44) @ 173950: uvm_test_top.env.in_agent.drv [DRV] WR_CS: 1 | WR_EN: 1 | RD_CS: 1 | RD_EN: 0 | D_IN: 'd215 | D_OUT: 'dx | FULL: x | EMPTY: x
# UVM_INFO fifo_inmonitor.sv(34) @ 173950: uvm_test_top.env.in_agent.mon [uvm_test_top.env.in_agent.mon] WRITE TX Captured:
# WR_CS: 1 | WR_EN: 1 | RD_CS: x | RD_EN: x | D_IN: 'd215 | D_OUT: 'dx | FULL: 0 | EMPTY: x
# UVM_INFO fifo_scoreboard.sv(29) @ 173950: uvm_test_top.env.scb [SCBD_WRITE] Stored Data: 'd215 | Queue Size: 22
# UVM_INFO fifo_driver.sv(44) @ 174150: uvm_test_top.env.in_agent.drv [DRV] WR_CS: 1 | WR_EN: 1 | RD_CS: 1 | RD_EN: 0 | D_IN: 'd235 | D_OUT: 'dx | FULL: x | EMPTY: x
# UVM_INFO fifo_inmonitor.sv(34) @ 174150: uvm_test_top.env.in_agent.mon [uvm_test_top.env.in_agent.mon] WRITE TX Captured:
# WR_CS: 1 | WR_EN: 1 | RD_CS: x | RD_EN: x | D_IN: 'd235 | D_OUT: 'dx | FULL: 0 | EMPTY: x
# UVM_INFO fifo_scoreboard.sv(29) @ 174150: uvm_test_top.env.scb [SCBD_WRITE] Stored Data: 'd235 | Queue Size: 23
# UVM_INFO fifo_driver.sv(44) @ 174350: uvm_test_top.env.in_agent.drv [DRV] WR_CS: 1 | WR_EN: 0 | RD_CS: 1 | RD_EN: 1 | D_IN: 'd254 | D_OUT: 'dx | FULL: x | EMPTY: x
# UVM_INFO fifo_outmonitor.sv(44) @ 174450: uvm_test_top.env.out_agent.mon [uvm_test_top.env.out_agent.mon] READ TX Captured:
# WR_CS: x | WR_EN: x | RD_CS: 1 | RD_EN: 1 | D_IN: 'dx | D_OUT: 'd223 | FULL: x | EMPTY: 0
# UVM_INFO fifo_scoreboard.sv(44) @ 174450: uvm_test_top.env.scb [SCBD_PASS] PASS! Expected: 'd223 | Actual: 'd223
# UVM_INFO fifo_driver.sv(44) @ 174550: uvm_test_top.env.in_agent.drv [DRV] WR_CS: 1 | WR_EN: 1 | RD_CS: 1 | RD_EN: 0 | D_IN: 'd5 | D_OUT: 'dx | FULL: x | EMPTY: x
# UVM_INFO fifo_inmonitor.sv(34) @ 174550: uvm_test_top.env.in_agent.mon [uvm_test_top.env.in_agent.mon] WRITE TX Captured:
# WR_CS: 1 | WR_EN: 1 | RD_CS: x | RD_EN: x | D_IN: 'd5 | D_OUT: 'dx | FULL: 0 | EMPTY: x
# UVM_INFO fifo_scoreboard.sv(29) @ 174550: uvm_test_top.env.scb [SCBD_WRITE] Stored Data: 'd5 | Queue Size: 23
# UVM_INFO fifo_driver.sv(44) @ 174750: uvm_test_top.env.in_agent.drv [DRV] WR_CS: 1 | WR_EN: 0 | RD_CS: 1 | RD_EN: 1 | D_IN: 'd216 | D_OUT: 'dx | FULL: x | EMPTY: x
# UVM_INFO fifo_outmonitor.sv(44) @ 174850: uvm_test_top.env.out_agent.mon [uvm_test_top.env.out_agent.mon] READ TX Captured:
# WR_CS: x | WR_EN: x | RD_CS: 1 | RD_EN: 1 | D_IN: 'dx | D_OUT: 'd136 | FULL: x | EMPTY: 0
# UVM_INFO fifo_scoreboard.sv(44) @ 174850: uvm_test_top.env.scb [SCBD_PASS] PASS! Expected: 'd136 | Actual: 'd136
# UVM_INFO fifo_driver.sv(44) @ 174950: uvm_test_top.env.in_agent.drv [DRV] WR_CS: 1 | WR_EN: 0 | RD_CS: 1 | RD_EN: 1 | D_IN: 'd10 | D_OUT: 'dx | FULL: x | EMPTY: x
# UVM_INFO fifo_outmonitor.sv(44) @ 175050: uvm_test_top.env.out_agent.mon [uvm_test_top.env.out_agent.mon] READ TX Captured:
# WR_CS: x | WR_EN: x | RD_CS: 1 | RD_EN: 1 | D_IN: 'dx | D_OUT: 'd62 | FULL: x | EMPTY: 0
# UVM_INFO fifo_scoreboard.sv(44) @ 175050: uvm_test_top.env.scb [SCBD_PASS] PASS! Expected: 'd62 | Actual: 'd62
# UVM_INFO fifo_driver.sv(44) @ 175150: uvm_test_top.env.in_agent.drv [DRV] WR_CS: 1 | WR_EN: 0 | RD_CS: 1 | RD_EN: 1 | D_IN: 'd214 | D_OUT: 'dx | FULL: x | EMPTY: x
# UVM_INFO fifo_outmonitor.sv(44) @ 175250: uvm_test_top.env.out_agent.mon [uvm_test_top.env.out_agent.mon] READ TX Captured:
# WR_CS: x | WR_EN: x | RD_CS: 1 | RD_EN: 1 | D_IN: 'dx | D_OUT: 'd165 | FULL: x | EMPTY: 0
# UVM_INFO fifo_scoreboard.sv(44) @ 175250: uvm_test_top.env.scb [SCBD_PASS] PASS! Expected: 'd165 | Actual: 'd165
# UVM_INFO fifo_driver.sv(44) @ 175350: uvm_test_top.env.in_agent.drv [DRV] WR_CS: 1 | WR_EN: 1 | RD_CS: 1 | RD_EN: 0 | D_IN: 'd173 | D_OUT: 'dx | FULL: x | EMPTY: x
# UVM_INFO fifo_inmonitor.sv(34) @ 175350: uvm_test_top.env.in_agent.mon [uvm_test_top.env.in_agent.mon] WRITE TX Captured:
# WR_CS: 1 | WR_EN: 1 | RD_CS: x | RD_EN: x | D_IN: 'd173 | D_OUT: 'dx | FULL: 0 | EMPTY: x
# UVM_INFO fifo_scoreboard.sv(29) @ 175350: uvm_test_top.env.scb [SCBD_WRITE] Stored Data: 'd173 | Queue Size: 21
# UVM_INFO fifo_driver.sv(44) @ 175550: uvm_test_top.env.in_agent.drv [DRV] WR_CS: 1 | WR_EN: 0 | RD_CS: 1 | RD_EN: 1 | D_IN: 'd110 | D_OUT: 'dx | FULL: x | EMPTY: x
# UVM_INFO fifo_outmonitor.sv(44) @ 175650: uvm_test_top.env.out_agent.mon [uvm_test_top.env.out_agent.mon] READ TX Captured:
# WR_CS: x | WR_EN: x | RD_CS: 1 | RD_EN: 1 | D_IN: 'dx | D_OUT: 'd76 | FULL: x | EMPTY: 0
# UVM_INFO fifo_scoreboard.sv(44) @ 175650: uvm_test_top.env.scb [SCBD_PASS] PASS! Expected: 'd76 | Actual: 'd76
# UVM_INFO fifo_driver.sv(44) @ 175750: uvm_test_top.env.in_agent.drv [DRV] WR_CS: 1 | WR_EN: 1 | RD_CS: 1 | RD_EN: 0 | D_IN: 'd200 | D_OUT: 'dx | FULL: x | EMPTY: x
# UVM_INFO fifo_inmonitor.sv(34) @ 175750: uvm_test_top.env.in_agent.mon [uvm_test_top.env.in_agent.mon] WRITE TX Captured:
# WR_CS: 1 | WR_EN: 1 | RD_CS: x | RD_EN: x | D_IN: 'd200 | D_OUT: 'dx | FULL: 0 | EMPTY: x
# UVM_INFO fifo_scoreboard.sv(29) @ 175750: uvm_test_top.env.scb [SCBD_WRITE] Stored Data: 'd200 | Queue Size: 21
# UVM_INFO fifo_driver.sv(44) @ 175950: uvm_test_top.env.in_agent.drv [DRV] WR_CS: 1 | WR_EN: 0 | RD_CS: 1 | RD_EN: 1 | D_IN: 'd179 | D_OUT: 'dx | FULL: x | EMPTY: x
# UVM_INFO fifo_outmonitor.sv(44) @ 176050: uvm_test_top.env.out_agent.mon [uvm_test_top.env.out_agent.mon] READ TX Captured:
# WR_CS: x | WR_EN: x | RD_CS: 1 | RD_EN: 1 | D_IN: 'dx | D_OUT: 'd246 | FULL: x | EMPTY: 0
# UVM_INFO fifo_scoreboard.sv(44) @ 176050: uvm_test_top.env.scb [SCBD_PASS] PASS! Expected: 'd246 | Actual: 'd246
# UVM_INFO fifo_driver.sv(44) @ 176150: uvm_test_top.env.in_agent.drv [DRV] WR_CS: 1 | WR_EN: 1 | RD_CS: 1 | RD_EN: 0 | D_IN: 'd57 | D_OUT: 'dx | FULL: x | EMPTY: x
# UVM_INFO fifo_inmonitor.sv(34) @ 176150: uvm_test_top.env.in_agent.mon [uvm_test_top.env.in_agent.mon] WRITE TX Captured:
# WR_CS: 1 | WR_EN: 1 | RD_CS: x | RD_EN: x | D_IN: 'd57 | D_OUT: 'dx | FULL: 0 | EMPTY: x
# UVM_INFO fifo_scoreboard.sv(29) @ 176150: uvm_test_top.env.scb [SCBD_WRITE] Stored Data: 'd57 | Queue Size: 21
# UVM_INFO fifo_driver.sv(44) @ 176350: uvm_test_top.env.in_agent.drv [DRV] WR_CS: 1 | WR_EN: 0 | RD_CS: 1 | RD_EN: 1 | D_IN: 'd168 | D_OUT: 'dx | FULL: x | EMPTY: x
# UVM_INFO fifo_outmonitor.sv(44) @ 176450: uvm_test_top.env.out_agent.mon [uvm_test_top.env.out_agent.mon] READ TX Captured:
# WR_CS: x | WR_EN: x | RD_CS: 1 | RD_EN: 1 | D_IN: 'dx | D_OUT: 'd211 | FULL: x | EMPTY: 0
# UVM_INFO fifo_scoreboard.sv(44) @ 176450: uvm_test_top.env.scb [SCBD_PASS] PASS! Expected: 'd211 | Actual: 'd211
# UVM_INFO fifo_driver.sv(44) @ 176550: uvm_test_top.env.in_agent.drv [DRV] WR_CS: 1 | WR_EN: 1 | RD_CS: 1 | RD_EN: 0 | D_IN: 'd22 | D_OUT: 'dx | FULL: x | EMPTY: x
# UVM_INFO fifo_inmonitor.sv(34) @ 176550: uvm_test_top.env.in_agent.mon [uvm_test_top.env.in_agent.mon] WRITE TX Captured:
# WR_CS: 1 | WR_EN: 1 | RD_CS: x | RD_EN: x | D_IN: 'd22 | D_OUT: 'dx | FULL: 0 | EMPTY: x
# UVM_INFO fifo_scoreboard.sv(29) @ 176550: uvm_test_top.env.scb [SCBD_WRITE] Stored Data: 'd22 | Queue Size: 21
# UVM_INFO fifo_driver.sv(44) @ 176750: uvm_test_top.env.in_agent.drv [DRV] WR_CS: 1 | WR_EN: 0 | RD_CS: 1 | RD_EN: 1 | D_IN: 'd101 | D_OUT: 'dx | FULL: x | EMPTY: x
# UVM_INFO fifo_outmonitor.sv(44) @ 176850: uvm_test_top.env.out_agent.mon [uvm_test_top.env.out_agent.mon] READ TX Captured:
# WR_CS: x | WR_EN: x | RD_CS: 1 | RD_EN: 1 | D_IN: 'dx | D_OUT: 'd38 | FULL: x | EMPTY: 0
# UVM_INFO fifo_scoreboard.sv(44) @ 176850: uvm_test_top.env.scb [SCBD_PASS] PASS! Expected: 'd38 | Actual: 'd38
# UVM_INFO fifo_driver.sv(44) @ 176950: uvm_test_top.env.in_agent.drv [DRV] WR_CS: 1 | WR_EN: 1 | RD_CS: 1 | RD_EN: 0 | D_IN: 'd1 | D_OUT: 'dx | FULL: x | EMPTY: x
# UVM_INFO fifo_inmonitor.sv(34) @ 176950: uvm_test_top.env.in_agent.mon [uvm_test_top.env.in_agent.mon] WRITE TX Captured:
# WR_CS: 1 | WR_EN: 1 | RD_CS: x | RD_EN: x | D_IN: 'd1 | D_OUT: 'dx | FULL: 0 | EMPTY: x
# UVM_INFO fifo_scoreboard.sv(29) @ 176950: uvm_test_top.env.scb [SCBD_WRITE] Stored Data: 'd1 | Queue Size: 21
# UVM_INFO fifo_driver.sv(44) @ 177150: uvm_test_top.env.in_agent.drv [DRV] WR_CS: 1 | WR_EN: 1 | RD_CS: 1 | RD_EN: 0 | D_IN: 'd69 | D_OUT: 'dx | FULL: x | EMPTY: x
# UVM_INFO fifo_inmonitor.sv(34) @ 177150: uvm_test_top.env.in_agent.mon [uvm_test_top.env.in_agent.mon] WRITE TX Captured:
# WR_CS: 1 | WR_EN: 1 | RD_CS: x | RD_EN: x | D_IN: 'd69 | D_OUT: 'dx | FULL: 0 | EMPTY: x
# UVM_INFO fifo_scoreboard.sv(29) @ 177150: uvm_test_top.env.scb [SCBD_WRITE] Stored Data: 'd69 | Queue Size: 22
# UVM_INFO fifo_driver.sv(44) @ 177350: uvm_test_top.env.in_agent.drv [DRV] WR_CS: 1 | WR_EN: 1 | RD_CS: 1 | RD_EN: 0 | D_IN: 'd144 | D_OUT: 'dx | FULL: x | EMPTY: x
# UVM_INFO fifo_inmonitor.sv(34) @ 177350: uvm_test_top.env.in_agent.mon [uvm_test_top.env.in_agent.mon] WRITE TX Captured:
# WR_CS: 1 | WR_EN: 1 | RD_CS: x | RD_EN: x | D_IN: 'd144 | D_OUT: 'dx | FULL: 0 | EMPTY: x
# UVM_INFO fifo_scoreboard.sv(29) @ 177350: uvm_test_top.env.scb [SCBD_WRITE] Stored Data: 'd144 | Queue Size: 23
# UVM_INFO fifo_driver.sv(44) @ 177550: uvm_test_top.env.in_agent.drv [DRV] WR_CS: 1 | WR_EN: 0 | RD_CS: 1 | RD_EN: 1 | D_IN: 'd208 | D_OUT: 'dx | FULL: x | EMPTY: x
# UVM_INFO fifo_outmonitor.sv(44) @ 177650: uvm_test_top.env.out_agent.mon [uvm_test_top.env.out_agent.mon] READ TX Captured:
# WR_CS: x | WR_EN: x | RD_CS: 1 | RD_EN: 1 | D_IN: 'dx | D_OUT: 'd12 | FULL: x | EMPTY: 0
# UVM_INFO fifo_scoreboard.sv(44) @ 177650: uvm_test_top.env.scb [SCBD_PASS] PASS! Expected: 'd12 | Actual: 'd12
# UVM_INFO fifo_driver.sv(44) @ 177750: uvm_test_top.env.in_agent.drv [DRV] WR_CS: 1 | WR_EN: 1 | RD_CS: 1 | RD_EN: 0 | D_IN: 'd61 | D_OUT: 'dx | FULL: x | EMPTY: x
# UVM_INFO fifo_inmonitor.sv(34) @ 177750: uvm_test_top.env.in_agent.mon [uvm_test_top.env.in_agent.mon] WRITE TX Captured:
# WR_CS: 1 | WR_EN: 1 | RD_CS: x | RD_EN: x | D_IN: 'd61 | D_OUT: 'dx | FULL: 0 | EMPTY: x
# UVM_INFO fifo_scoreboard.sv(29) @ 177750: uvm_test_top.env.scb [SCBD_WRITE] Stored Data: 'd61 | Queue Size: 23
# UVM_INFO fifo_driver.sv(44) @ 177950: uvm_test_top.env.in_agent.drv [DRV] WR_CS: 1 | WR_EN: 0 | RD_CS: 1 | RD_EN: 1 | D_IN: 'd159 | D_OUT: 'dx | FULL: x | EMPTY: x
# UVM_INFO fifo_outmonitor.sv(44) @ 178050: uvm_test_top.env.out_agent.mon [uvm_test_top.env.out_agent.mon] READ TX Captured:
# WR_CS: x | WR_EN: x | RD_CS: 1 | RD_EN: 1 | D_IN: 'dx | D_OUT: 'd133 | FULL: x | EMPTY: 0
# UVM_INFO fifo_scoreboard.sv(44) @ 178050: uvm_test_top.env.scb [SCBD_PASS] PASS! Expected: 'd133 | Actual: 'd133
# UVM_INFO fifo_driver.sv(44) @ 178150: uvm_test_top.env.in_agent.drv [DRV] WR_CS: 1 | WR_EN: 1 | RD_CS: 1 | RD_EN: 0 | D_IN: 'd232 | D_OUT: 'dx | FULL: x | EMPTY: x
# UVM_INFO fifo_inmonitor.sv(34) @ 178150: uvm_test_top.env.in_agent.mon [uvm_test_top.env.in_agent.mon] WRITE TX Captured:
# WR_CS: 1 | WR_EN: 1 | RD_CS: x | RD_EN: x | D_IN: 'd232 | D_OUT: 'dx | FULL: 0 | EMPTY: x
# UVM_INFO fifo_scoreboard.sv(29) @ 178150: uvm_test_top.env.scb [SCBD_WRITE] Stored Data: 'd232 | Queue Size: 23
# UVM_INFO fifo_driver.sv(44) @ 178350: uvm_test_top.env.in_agent.drv [DRV] WR_CS: 1 | WR_EN: 0 | RD_CS: 1 | RD_EN: 1 | D_IN: 'd145 | D_OUT: 'dx | FULL: x | EMPTY: x
# UVM_INFO fifo_outmonitor.sv(44) @ 178450: uvm_test_top.env.out_agent.mon [uvm_test_top.env.out_agent.mon] READ TX Captured:
# WR_CS: x | WR_EN: x | RD_CS: 1 | RD_EN: 1 | D_IN: 'dx | D_OUT: 'd76 | FULL: x | EMPTY: 0
# UVM_INFO fifo_scoreboard.sv(44) @ 178450: uvm_test_top.env.scb [SCBD_PASS] PASS! Expected: 'd76 | Actual: 'd76
# UVM_INFO fifo_driver.sv(44) @ 178550: uvm_test_top.env.in_agent.drv [DRV] WR_CS: 1 | WR_EN: 1 | RD_CS: 1 | RD_EN: 0 | D_IN: 'd4 | D_OUT: 'dx | FULL: x | EMPTY: x
# UVM_INFO fifo_inmonitor.sv(34) @ 178550: uvm_test_top.env.in_agent.mon [uvm_test_top.env.in_agent.mon] WRITE TX Captured:
# WR_CS: 1 | WR_EN: 1 | RD_CS: x | RD_EN: x | D_IN: 'd4 | D_OUT: 'dx | FULL: 0 | EMPTY: x
# UVM_INFO fifo_scoreboard.sv(29) @ 178550: uvm_test_top.env.scb [SCBD_WRITE] Stored Data: 'd4 | Queue Size: 23
# UVM_INFO fifo_driver.sv(44) @ 178750: uvm_test_top.env.in_agent.drv [DRV] WR_CS: 1 | WR_EN: 0 | RD_CS: 1 | RD_EN: 1 | D_IN: 'd235 | D_OUT: 'dx | FULL: x | EMPTY: x
# UVM_INFO fifo_outmonitor.sv(44) @ 178850: uvm_test_top.env.out_agent.mon [uvm_test_top.env.out_agent.mon] READ TX Captured:
# WR_CS: x | WR_EN: x | RD_CS: 1 | RD_EN: 1 | D_IN: 'dx | D_OUT: 'd241 | FULL: x | EMPTY: 0
# UVM_INFO fifo_scoreboard.sv(44) @ 178850: uvm_test_top.env.scb [SCBD_PASS] PASS! Expected: 'd241 | Actual: 'd241
# UVM_INFO fifo_driver.sv(44) @ 178950: uvm_test_top.env.in_agent.drv [DRV] WR_CS: 1 | WR_EN: 0 | RD_CS: 1 | RD_EN: 1 | D_IN: 'd43 | D_OUT: 'dx | FULL: x | EMPTY: x
# UVM_INFO fifo_outmonitor.sv(44) @ 179050: uvm_test_top.env.out_agent.mon [uvm_test_top.env.out_agent.mon] READ TX Captured:
# WR_CS: x | WR_EN: x | RD_CS: 1 | RD_EN: 1 | D_IN: 'dx | D_OUT: 'd142 | FULL: x | EMPTY: 0
# UVM_INFO fifo_scoreboard.sv(44) @ 179050: uvm_test_top.env.scb [SCBD_PASS] PASS! Expected: 'd142 | Actual: 'd142
# UVM_INFO fifo_driver.sv(44) @ 179150: uvm_test_top.env.in_agent.drv [DRV] WR_CS: 1 | WR_EN: 1 | RD_CS: 1 | RD_EN: 0 | D_IN: 'd232 | D_OUT: 'dx | FULL: x | EMPTY: x
# UVM_INFO fifo_inmonitor.sv(34) @ 179150: uvm_test_top.env.in_agent.mon [uvm_test_top.env.in_agent.mon] WRITE TX Captured:
# WR_CS: 1 | WR_EN: 1 | RD_CS: x | RD_EN: x | D_IN: 'd232 | D_OUT: 'dx | FULL: 0 | EMPTY: x
# UVM_INFO fifo_scoreboard.sv(29) @ 179150: uvm_test_top.env.scb [SCBD_WRITE] Stored Data: 'd232 | Queue Size: 22
# UVM_INFO fifo_driver.sv(44) @ 179350: uvm_test_top.env.in_agent.drv [DRV] WR_CS: 1 | WR_EN: 1 | RD_CS: 1 | RD_EN: 0 | D_IN: 'd115 | D_OUT: 'dx | FULL: x | EMPTY: x
# UVM_INFO fifo_inmonitor.sv(34) @ 179350: uvm_test_top.env.in_agent.mon [uvm_test_top.env.in_agent.mon] WRITE TX Captured:
# WR_CS: 1 | WR_EN: 1 | RD_CS: x | RD_EN: x | D_IN: 'd115 | D_OUT: 'dx | FULL: 0 | EMPTY: x
# UVM_INFO fifo_scoreboard.sv(29) @ 179350: uvm_test_top.env.scb [SCBD_WRITE] Stored Data: 'd115 | Queue Size: 23
# UVM_INFO fifo_driver.sv(44) @ 179550: uvm_test_top.env.in_agent.drv [DRV] WR_CS: 1 | WR_EN: 1 | RD_CS: 1 | RD_EN: 0 | D_IN: 'd42 | D_OUT: 'dx | FULL: x | EMPTY: x
# UVM_INFO fifo_inmonitor.sv(34) @ 179550: uvm_test_top.env.in_agent.mon [uvm_test_top.env.in_agent.mon] WRITE TX Captured:
# WR_CS: 1 | WR_EN: 1 | RD_CS: x | RD_EN: x | D_IN: 'd42 | D_OUT: 'dx | FULL: 0 | EMPTY: x
# UVM_INFO fifo_scoreboard.sv(29) @ 179550: uvm_test_top.env.scb [SCBD_WRITE] Stored Data: 'd42 | Queue Size: 24
# UVM_INFO fifo_driver.sv(44) @ 179750: uvm_test_top.env.in_agent.drv [DRV] WR_CS: 1 | WR_EN: 1 | RD_CS: 1 | RD_EN: 0 | D_IN: 'd134 | D_OUT: 'dx | FULL: x | EMPTY: x
# UVM_INFO fifo_inmonitor.sv(34) @ 179750: uvm_test_top.env.in_agent.mon [uvm_test_top.env.in_agent.mon] WRITE TX Captured:
# WR_CS: 1 | WR_EN: 1 | RD_CS: x | RD_EN: x | D_IN: 'd134 | D_OUT: 'dx | FULL: 0 | EMPTY: x
# UVM_INFO fifo_scoreboard.sv(29) @ 179750: uvm_test_top.env.scb [SCBD_WRITE] Stored Data: 'd134 | Queue Size: 25
# UVM_INFO fifo_driver.sv(44) @ 179950: uvm_test_top.env.in_agent.drv [DRV] WR_CS: 1 | WR_EN: 0 | RD_CS: 1 | RD_EN: 1 | D_IN: 'd38 | D_OUT: 'dx | FULL: x | EMPTY: x
# UVM_INFO fifo_outmonitor.sv(44) @ 180050: uvm_test_top.env.out_agent.mon [uvm_test_top.env.out_agent.mon] READ TX Captured:
# WR_CS: x | WR_EN: x | RD_CS: 1 | RD_EN: 1 | D_IN: 'dx | D_OUT: 'd68 | FULL: x | EMPTY: 0
# UVM_INFO fifo_scoreboard.sv(44) @ 180050: uvm_test_top.env.scb [SCBD_PASS] PASS! Expected: 'd68 | Actual: 'd68
# UVM_INFO fifo_driver.sv(44) @ 180150: uvm_test_top.env.in_agent.drv [DRV] WR_CS: 1 | WR_EN: 0 | RD_CS: 1 | RD_EN: 1 | D_IN: 'd6 | D_OUT: 'dx | FULL: x | EMPTY: x
# UVM_INFO fifo_outmonitor.sv(44) @ 180250: uvm_test_top.env.out_agent.mon [uvm_test_top.env.out_agent.mon] READ TX Captured:
# WR_CS: x | WR_EN: x | RD_CS: 1 | RD_EN: 1 | D_IN: 'dx | D_OUT: 'd194 | FULL: x | EMPTY: 0
# UVM_INFO fifo_scoreboard.sv(44) @ 180250: uvm_test_top.env.scb [SCBD_PASS] PASS! Expected: 'd194 | Actual: 'd194
# UVM_INFO fifo_driver.sv(44) @ 180350: uvm_test_top.env.in_agent.drv [DRV] WR_CS: 1 | WR_EN: 0 | RD_CS: 1 | RD_EN: 1 | D_IN: 'd210 | D_OUT: 'dx | FULL: x | EMPTY: x
# UVM_INFO fifo_outmonitor.sv(44) @ 180450: uvm_test_top.env.out_agent.mon [uvm_test_top.env.out_agent.mon] READ TX Captured:
# WR_CS: x | WR_EN: x | RD_CS: 1 | RD_EN: 1 | D_IN: 'dx | D_OUT: 'd0 | FULL: x | EMPTY: 0
# UVM_INFO fifo_scoreboard.sv(44) @ 180450: uvm_test_top.env.scb [SCBD_PASS] PASS! Expected: 'd0 | Actual: 'd0
# UVM_INFO fifo_driver.sv(44) @ 180550: uvm_test_top.env.in_agent.drv [DRV] WR_CS: 1 | WR_EN: 0 | RD_CS: 1 | RD_EN: 1 | D_IN: 'd177 | D_OUT: 'dx | FULL: x | EMPTY: x
# UVM_INFO fifo_outmonitor.sv(44) @ 180650: uvm_test_top.env.out_agent.mon [uvm_test_top.env.out_agent.mon] READ TX Captured:
# WR_CS: x | WR_EN: x | RD_CS: 1 | RD_EN: 1 | D_IN: 'dx | D_OUT: 'd42 | FULL: x | EMPTY: 0
# UVM_INFO fifo_scoreboard.sv(44) @ 180650: uvm_test_top.env.scb [SCBD_PASS] PASS! Expected: 'd42 | Actual: 'd42
# UVM_INFO fifo_driver.sv(44) @ 180750: uvm_test_top.env.in_agent.drv [DRV] WR_CS: 1 | WR_EN: 1 | RD_CS: 1 | RD_EN: 0 | D_IN: 'd40 | D_OUT: 'dx | FULL: x | EMPTY: x
# UVM_INFO fifo_inmonitor.sv(34) @ 180750: uvm_test_top.env.in_agent.mon [uvm_test_top.env.in_agent.mon] WRITE TX Captured:
# WR_CS: 1 | WR_EN: 1 | RD_CS: x | RD_EN: x | D_IN: 'd40 | D_OUT: 'dx | FULL: 0 | EMPTY: x
# UVM_INFO fifo_scoreboard.sv(29) @ 180750: uvm_test_top.env.scb [SCBD_WRITE] Stored Data: 'd40 | Queue Size: 22
# UVM_INFO fifo_driver.sv(44) @ 180950: uvm_test_top.env.in_agent.drv [DRV] WR_CS: 1 | WR_EN: 0 | RD_CS: 1 | RD_EN: 1 | D_IN: 'd128 | D_OUT: 'dx | FULL: x | EMPTY: x
# UVM_INFO fifo_outmonitor.sv(44) @ 181050: uvm_test_top.env.out_agent.mon [uvm_test_top.env.out_agent.mon] READ TX Captured:
# WR_CS: x | WR_EN: x | RD_CS: 1 | RD_EN: 1 | D_IN: 'dx | D_OUT: 'd163 | FULL: x | EMPTY: 0
# UVM_INFO fifo_scoreboard.sv(44) @ 181050: uvm_test_top.env.scb [SCBD_PASS] PASS! Expected: 'd163 | Actual: 'd163
# UVM_INFO fifo_driver.sv(44) @ 181150: uvm_test_top.env.in_agent.drv [DRV] WR_CS: 1 | WR_EN: 1 | RD_CS: 1 | RD_EN: 0 | D_IN: 'd3 | D_OUT: 'dx | FULL: x | EMPTY: x
# UVM_INFO fifo_inmonitor.sv(34) @ 181150: uvm_test_top.env.in_agent.mon [uvm_test_top.env.in_agent.mon] WRITE TX Captured:
# WR_CS: 1 | WR_EN: 1 | RD_CS: x | RD_EN: x | D_IN: 'd3 | D_OUT: 'dx | FULL: 0 | EMPTY: x
# UVM_INFO fifo_scoreboard.sv(29) @ 181150: uvm_test_top.env.scb [SCBD_WRITE] Stored Data: 'd3 | Queue Size: 22
# UVM_INFO fifo_driver.sv(44) @ 181350: uvm_test_top.env.in_agent.drv [DRV] WR_CS: 1 | WR_EN: 1 | RD_CS: 1 | RD_EN: 0 | D_IN: 'd245 | D_OUT: 'dx | FULL: x | EMPTY: x
# UVM_INFO fifo_inmonitor.sv(34) @ 181350: uvm_test_top.env.in_agent.mon [uvm_test_top.env.in_agent.mon] WRITE TX Captured:
# WR_CS: 1 | WR_EN: 1 | RD_CS: x | RD_EN: x | D_IN: 'd245 | D_OUT: 'dx | FULL: 0 | EMPTY: x
# UVM_INFO fifo_scoreboard.sv(29) @ 181350: uvm_test_top.env.scb [SCBD_WRITE] Stored Data: 'd245 | Queue Size: 23
# UVM_INFO fifo_driver.sv(44) @ 181550: uvm_test_top.env.in_agent.drv [DRV] WR_CS: 1 | WR_EN: 1 | RD_CS: 1 | RD_EN: 0 | D_IN: 'd157 | D_OUT: 'dx | FULL: x | EMPTY: x
# UVM_INFO fifo_inmonitor.sv(34) @ 181550: uvm_test_top.env.in_agent.mon [uvm_test_top.env.in_agent.mon] WRITE TX Captured:
# WR_CS: 1 | WR_EN: 1 | RD_CS: x | RD_EN: x | D_IN: 'd157 | D_OUT: 'dx | FULL: 0 | EMPTY: x
# UVM_INFO fifo_scoreboard.sv(29) @ 181550: uvm_test_top.env.scb [SCBD_WRITE] Stored Data: 'd157 | Queue Size: 24
# UVM_INFO fifo_driver.sv(44) @ 181750: uvm_test_top.env.in_agent.drv [DRV] WR_CS: 1 | WR_EN: 0 | RD_CS: 1 | RD_EN: 1 | D_IN: 'd62 | D_OUT: 'dx | FULL: x | EMPTY: x
# UVM_INFO fifo_outmonitor.sv(44) @ 181850: uvm_test_top.env.out_agent.mon [uvm_test_top.env.out_agent.mon] READ TX Captured:
# WR_CS: x | WR_EN: x | RD_CS: 1 | RD_EN: 1 | D_IN: 'dx | D_OUT: 'd70 | FULL: x | EMPTY: 0
# UVM_INFO fifo_scoreboard.sv(44) @ 181850: uvm_test_top.env.scb [SCBD_PASS] PASS! Expected: 'd70 | Actual: 'd70
# UVM_INFO fifo_driver.sv(44) @ 181950: uvm_test_top.env.in_agent.drv [DRV] WR_CS: 1 | WR_EN: 1 | RD_CS: 1 | RD_EN: 0 | D_IN: 'd88 | D_OUT: 'dx | FULL: x | EMPTY: x
# UVM_INFO fifo_inmonitor.sv(34) @ 181950: uvm_test_top.env.in_agent.mon [uvm_test_top.env.in_agent.mon] WRITE TX Captured:
# WR_CS: 1 | WR_EN: 1 | RD_CS: x | RD_EN: x | D_IN: 'd88 | D_OUT: 'dx | FULL: 0 | EMPTY: x
# UVM_INFO fifo_scoreboard.sv(29) @ 181950: uvm_test_top.env.scb [SCBD_WRITE] Stored Data: 'd88 | Queue Size: 24
# UVM_INFO fifo_driver.sv(44) @ 182150: uvm_test_top.env.in_agent.drv [DRV] WR_CS: 1 | WR_EN: 1 | RD_CS: 1 | RD_EN: 0 | D_IN: 'd173 | D_OUT: 'dx | FULL: x | EMPTY: x
# UVM_INFO fifo_inmonitor.sv(34) @ 182150: uvm_test_top.env.in_agent.mon [uvm_test_top.env.in_agent.mon] WRITE TX Captured:
# WR_CS: 1 | WR_EN: 1 | RD_CS: x | RD_EN: x | D_IN: 'd173 | D_OUT: 'dx | FULL: 0 | EMPTY: x
# UVM_INFO fifo_scoreboard.sv(29) @ 182150: uvm_test_top.env.scb [SCBD_WRITE] Stored Data: 'd173 | Queue Size: 25
# UVM_INFO fifo_driver.sv(44) @ 182350: uvm_test_top.env.in_agent.drv [DRV] WR_CS: 1 | WR_EN: 1 | RD_CS: 1 | RD_EN: 0 | D_IN: 'd177 | D_OUT: 'dx | FULL: x | EMPTY: x
# UVM_INFO fifo_inmonitor.sv(34) @ 182350: uvm_test_top.env.in_agent.mon [uvm_test_top.env.in_agent.mon] WRITE TX Captured:
# WR_CS: 1 | WR_EN: 1 | RD_CS: x | RD_EN: x | D_IN: 'd177 | D_OUT: 'dx | FULL: 0 | EMPTY: x
# UVM_INFO fifo_scoreboard.sv(29) @ 182350: uvm_test_top.env.scb [SCBD_WRITE] Stored Data: 'd177 | Queue Size: 26
# UVM_INFO fifo_driver.sv(44) @ 182550: uvm_test_top.env.in_agent.drv [DRV] WR_CS: 1 | WR_EN: 1 | RD_CS: 1 | RD_EN: 0 | D_IN: 'd107 | D_OUT: 'dx | FULL: x | EMPTY: x
# UVM_INFO fifo_inmonitor.sv(34) @ 182550: uvm_test_top.env.in_agent.mon [uvm_test_top.env.in_agent.mon] WRITE TX Captured:
# WR_CS: 1 | WR_EN: 1 | RD_CS: x | RD_EN: x | D_IN: 'd107 | D_OUT: 'dx | FULL: 0 | EMPTY: x
# UVM_INFO fifo_scoreboard.sv(29) @ 182550: uvm_test_top.env.scb [SCBD_WRITE] Stored Data: 'd107 | Queue Size: 27
# UVM_INFO fifo_driver.sv(44) @ 182750: uvm_test_top.env.in_agent.drv [DRV] WR_CS: 1 | WR_EN: 0 | RD_CS: 1 | RD_EN: 1 | D_IN: 'd54 | D_OUT: 'dx | FULL: x | EMPTY: x
# UVM_INFO fifo_outmonitor.sv(44) @ 182850: uvm_test_top.env.out_agent.mon [uvm_test_top.env.out_agent.mon] READ TX Captured:
# WR_CS: x | WR_EN: x | RD_CS: 1 | RD_EN: 1 | D_IN: 'dx | D_OUT: 'd109 | FULL: x | EMPTY: 0
# UVM_INFO fifo_scoreboard.sv(44) @ 182850: uvm_test_top.env.scb [SCBD_PASS] PASS! Expected: 'd109 | Actual: 'd109
# UVM_INFO fifo_driver.sv(44) @ 182950: uvm_test_top.env.in_agent.drv [DRV] WR_CS: 1 | WR_EN: 0 | RD_CS: 1 | RD_EN: 1 | D_IN: 'd7 | D_OUT: 'dx | FULL: x | EMPTY: x
# UVM_INFO fifo_outmonitor.sv(44) @ 183050: uvm_test_top.env.out_agent.mon [uvm_test_top.env.out_agent.mon] READ TX Captured:
# WR_CS: x | WR_EN: x | RD_CS: 1 | RD_EN: 1 | D_IN: 'dx | D_OUT: 'd212 | FULL: x | EMPTY: 0
# UVM_INFO fifo_scoreboard.sv(44) @ 183050: uvm_test_top.env.scb [SCBD_PASS] PASS! Expected: 'd212 | Actual: 'd212
# UVM_INFO fifo_driver.sv(44) @ 183150: uvm_test_top.env.in_agent.drv [DRV] WR_CS: 1 | WR_EN: 1 | RD_CS: 1 | RD_EN: 0 | D_IN: 'd116 | D_OUT: 'dx | FULL: x | EMPTY: x
# UVM_INFO fifo_inmonitor.sv(34) @ 183150: uvm_test_top.env.in_agent.mon [uvm_test_top.env.in_agent.mon] WRITE TX Captured:
# WR_CS: 1 | WR_EN: 1 | RD_CS: x | RD_EN: x | D_IN: 'd116 | D_OUT: 'dx | FULL: 0 | EMPTY: x
# UVM_INFO fifo_scoreboard.sv(29) @ 183150: uvm_test_top.env.scb [SCBD_WRITE] Stored Data: 'd116 | Queue Size: 26
# UVM_INFO fifo_driver.sv(44) @ 183350: uvm_test_top.env.in_agent.drv [DRV] WR_CS: 1 | WR_EN: 0 | RD_CS: 1 | RD_EN: 1 | D_IN: 'd29 | D_OUT: 'dx | FULL: x | EMPTY: x
# UVM_INFO fifo_outmonitor.sv(44) @ 183450: uvm_test_top.env.out_agent.mon [uvm_test_top.env.out_agent.mon] READ TX Captured:
# WR_CS: x | WR_EN: x | RD_CS: 1 | RD_EN: 1 | D_IN: 'dx | D_OUT: 'd215 | FULL: x | EMPTY: 0
# UVM_INFO fifo_scoreboard.sv(44) @ 183450: uvm_test_top.env.scb [SCBD_PASS] PASS! Expected: 'd215 | Actual: 'd215
# UVM_INFO fifo_driver.sv(44) @ 183550: uvm_test_top.env.in_agent.drv [DRV] WR_CS: 1 | WR_EN: 1 | RD_CS: 1 | RD_EN: 0 | D_IN: 'd113 | D_OUT: 'dx | FULL: x | EMPTY: x
# UVM_INFO fifo_inmonitor.sv(34) @ 183550: uvm_test_top.env.in_agent.mon [uvm_test_top.env.in_agent.mon] WRITE TX Captured:
# WR_CS: 1 | WR_EN: 1 | RD_CS: x | RD_EN: x | D_IN: 'd113 | D_OUT: 'dx | FULL: 0 | EMPTY: x
# UVM_INFO fifo_scoreboard.sv(29) @ 183550: uvm_test_top.env.scb [SCBD_WRITE] Stored Data: 'd113 | Queue Size: 26
# UVM_INFO fifo_driver.sv(44) @ 183750: uvm_test_top.env.in_agent.drv [DRV] WR_CS: 1 | WR_EN: 1 | RD_CS: 1 | RD_EN: 0 | D_IN: 'd78 | D_OUT: 'dx | FULL: x | EMPTY: x
# UVM_INFO fifo_inmonitor.sv(34) @ 183750: uvm_test_top.env.in_agent.mon [uvm_test_top.env.in_agent.mon] WRITE TX Captured:
# WR_CS: 1 | WR_EN: 1 | RD_CS: x | RD_EN: x | D_IN: 'd78 | D_OUT: 'dx | FULL: 0 | EMPTY: x
# UVM_INFO fifo_scoreboard.sv(29) @ 183750: uvm_test_top.env.scb [SCBD_WRITE] Stored Data: 'd78 | Queue Size: 27
# UVM_INFO fifo_driver.sv(44) @ 183950: uvm_test_top.env.in_agent.drv [DRV] WR_CS: 1 | WR_EN: 1 | RD_CS: 1 | RD_EN: 0 | D_IN: 'd213 | D_OUT: 'dx | FULL: x | EMPTY: x
# UVM_INFO fifo_inmonitor.sv(34) @ 183950: uvm_test_top.env.in_agent.mon [uvm_test_top.env.in_agent.mon] WRITE TX Captured:
# WR_CS: 1 | WR_EN: 1 | RD_CS: x | RD_EN: x | D_IN: 'd213 | D_OUT: 'dx | FULL: 0 | EMPTY: x
# UVM_INFO fifo_scoreboard.sv(29) @ 183950: uvm_test_top.env.scb [SCBD_WRITE] Stored Data: 'd213 | Queue Size: 28
# UVM_INFO fifo_driver.sv(44) @ 184150: uvm_test_top.env.in_agent.drv [DRV] WR_CS: 1 | WR_EN: 0 | RD_CS: 1 | RD_EN: 1 | D_IN: 'd52 | D_OUT: 'dx | FULL: x | EMPTY: x
# UVM_INFO fifo_outmonitor.sv(44) @ 184250: uvm_test_top.env.out_agent.mon [uvm_test_top.env.out_agent.mon] READ TX Captured:
# WR_CS: x | WR_EN: x | RD_CS: 1 | RD_EN: 1 | D_IN: 'dx | D_OUT: 'd235 | FULL: x | EMPTY: 0
# UVM_INFO fifo_scoreboard.sv(44) @ 184250: uvm_test_top.env.scb [SCBD_PASS] PASS! Expected: 'd235 | Actual: 'd235
# UVM_INFO fifo_driver.sv(44) @ 184350: uvm_test_top.env.in_agent.drv [DRV] WR_CS: 1 | WR_EN: 1 | RD_CS: 1 | RD_EN: 0 | D_IN: 'd45 | D_OUT: 'dx | FULL: x | EMPTY: x
# UVM_INFO fifo_inmonitor.sv(34) @ 184350: uvm_test_top.env.in_agent.mon [uvm_test_top.env.in_agent.mon] WRITE TX Captured:
# WR_CS: 1 | WR_EN: 1 | RD_CS: x | RD_EN: x | D_IN: 'd45 | D_OUT: 'dx | FULL: 0 | EMPTY: x
# UVM_INFO fifo_scoreboard.sv(29) @ 184350: uvm_test_top.env.scb [SCBD_WRITE] Stored Data: 'd45 | Queue Size: 28
# UVM_INFO fifo_driver.sv(44) @ 184550: uvm_test_top.env.in_agent.drv [DRV] WR_CS: 1 | WR_EN: 1 | RD_CS: 1 | RD_EN: 0 | D_IN: 'd189 | D_OUT: 'dx | FULL: x | EMPTY: x
# UVM_INFO fifo_inmonitor.sv(34) @ 184550: uvm_test_top.env.in_agent.mon [uvm_test_top.env.in_agent.mon] WRITE TX Captured:
# WR_CS: 1 | WR_EN: 1 | RD_CS: x | RD_EN: x | D_IN: 'd189 | D_OUT: 'dx | FULL: 0 | EMPTY: x
# UVM_INFO fifo_scoreboard.sv(29) @ 184550: uvm_test_top.env.scb [SCBD_WRITE] Stored Data: 'd189 | Queue Size: 29
# UVM_INFO fifo_driver.sv(44) @ 184750: uvm_test_top.env.in_agent.drv [DRV] WR_CS: 1 | WR_EN: 0 | RD_CS: 1 | RD_EN: 1 | D_IN: 'd208 | D_OUT: 'dx | FULL: x | EMPTY: x
# UVM_INFO fifo_outmonitor.sv(44) @ 184850: uvm_test_top.env.out_agent.mon [uvm_test_top.env.out_agent.mon] READ TX Captured:
# WR_CS: x | WR_EN: x | RD_CS: 1 | RD_EN: 1 | D_IN: 'dx | D_OUT: 'd5 | FULL: x | EMPTY: 0
# UVM_INFO fifo_scoreboard.sv(44) @ 184850: uvm_test_top.env.scb [SCBD_PASS] PASS! Expected: 'd5 | Actual: 'd5
# UVM_INFO fifo_driver.sv(44) @ 184950: uvm_test_top.env.in_agent.drv [DRV] WR_CS: 1 | WR_EN: 0 | RD_CS: 1 | RD_EN: 1 | D_IN: 'd168 | D_OUT: 'dx | FULL: x | EMPTY: x
# UVM_INFO fifo_outmonitor.sv(44) @ 185050: uvm_test_top.env.out_agent.mon [uvm_test_top.env.out_agent.mon] READ TX Captured:
# WR_CS: x | WR_EN: x | RD_CS: 1 | RD_EN: 1 | D_IN: 'dx | D_OUT: 'd173 | FULL: x | EMPTY: 0
# UVM_INFO fifo_scoreboard.sv(44) @ 185050: uvm_test_top.env.scb [SCBD_PASS] PASS! Expected: 'd173 | Actual: 'd173
# UVM_INFO fifo_driver.sv(44) @ 185150: uvm_test_top.env.in_agent.drv [DRV] WR_CS: 1 | WR_EN: 1 | RD_CS: 1 | RD_EN: 0 | D_IN: 'd64 | D_OUT: 'dx | FULL: x | EMPTY: x
# UVM_INFO fifo_inmonitor.sv(34) @ 185150: uvm_test_top.env.in_agent.mon [uvm_test_top.env.in_agent.mon] WRITE TX Captured:
# WR_CS: 1 | WR_EN: 1 | RD_CS: x | RD_EN: x | D_IN: 'd64 | D_OUT: 'dx | FULL: 0 | EMPTY: x
# UVM_INFO fifo_scoreboard.sv(29) @ 185150: uvm_test_top.env.scb [SCBD_WRITE] Stored Data: 'd64 | Queue Size: 28
# UVM_INFO fifo_driver.sv(44) @ 185350: uvm_test_top.env.in_agent.drv [DRV] WR_CS: 1 | WR_EN: 0 | RD_CS: 1 | RD_EN: 1 | D_IN: 'd220 | D_OUT: 'dx | FULL: x | EMPTY: x
# UVM_INFO fifo_outmonitor.sv(44) @ 185450: uvm_test_top.env.out_agent.mon [uvm_test_top.env.out_agent.mon] READ TX Captured:
# WR_CS: x | WR_EN: x | RD_CS: 1 | RD_EN: 1 | D_IN: 'dx | D_OUT: 'd200 | FULL: x | EMPTY: 0
# UVM_INFO fifo_scoreboard.sv(44) @ 185450: uvm_test_top.env.scb [SCBD_PASS] PASS! Expected: 'd200 | Actual: 'd200
# UVM_INFO fifo_driver.sv(44) @ 185550: uvm_test_top.env.in_agent.drv [DRV] WR_CS: 1 | WR_EN: 0 | RD_CS: 1 | RD_EN: 1 | D_IN: 'd141 | D_OUT: 'dx | FULL: x | EMPTY: x
# UVM_INFO fifo_outmonitor.sv(44) @ 185650: uvm_test_top.env.out_agent.mon [uvm_test_top.env.out_agent.mon] READ TX Captured:
# WR_CS: x | WR_EN: x | RD_CS: 1 | RD_EN: 1 | D_IN: 'dx | D_OUT: 'd57 | FULL: x | EMPTY: 0
# UVM_INFO fifo_scoreboard.sv(44) @ 185650: uvm_test_top.env.scb [SCBD_PASS] PASS! Expected: 'd57 | Actual: 'd57
# UVM_INFO fifo_driver.sv(44) @ 185750: uvm_test_top.env.in_agent.drv [DRV] WR_CS: 1 | WR_EN: 1 | RD_CS: 1 | RD_EN: 0 | D_IN: 'd9 | D_OUT: 'dx | FULL: x | EMPTY: x
# UVM_INFO fifo_inmonitor.sv(34) @ 185750: uvm_test_top.env.in_agent.mon [uvm_test_top.env.in_agent.mon] WRITE TX Captured:
# WR_CS: 1 | WR_EN: 1 | RD_CS: x | RD_EN: x | D_IN: 'd9 | D_OUT: 'dx | FULL: 0 | EMPTY: x
# UVM_INFO fifo_scoreboard.sv(29) @ 185750: uvm_test_top.env.scb [SCBD_WRITE] Stored Data: 'd9 | Queue Size: 27
# UVM_INFO fifo_driver.sv(44) @ 185950: uvm_test_top.env.in_agent.drv [DRV] WR_CS: 1 | WR_EN: 1 | RD_CS: 1 | RD_EN: 0 | D_IN: 'd151 | D_OUT: 'dx | FULL: x | EMPTY: x
# UVM_INFO fifo_inmonitor.sv(34) @ 185950: uvm_test_top.env.in_agent.mon [uvm_test_top.env.in_agent.mon] WRITE TX Captured:
# WR_CS: 1 | WR_EN: 1 | RD_CS: x | RD_EN: x | D_IN: 'd151 | D_OUT: 'dx | FULL: 0 | EMPTY: x
# UVM_INFO fifo_scoreboard.sv(29) @ 185950: uvm_test_top.env.scb [SCBD_WRITE] Stored Data: 'd151 | Queue Size: 28
# UVM_INFO fifo_driver.sv(44) @ 186150: uvm_test_top.env.in_agent.drv [DRV] WR_CS: 1 | WR_EN: 0 | RD_CS: 1 | RD_EN: 1 | D_IN: 'd81 | D_OUT: 'dx | FULL: x | EMPTY: x
# UVM_INFO fifo_outmonitor.sv(44) @ 186250: uvm_test_top.env.out_agent.mon [uvm_test_top.env.out_agent.mon] READ TX Captured:
# WR_CS: x | WR_EN: x | RD_CS: 1 | RD_EN: 1 | D_IN: 'dx | D_OUT: 'd22 | FULL: x | EMPTY: 0
# UVM_INFO fifo_scoreboard.sv(44) @ 186250: uvm_test_top.env.scb [SCBD_PASS] PASS! Expected: 'd22 | Actual: 'd22
# UVM_INFO fifo_driver.sv(44) @ 186350: uvm_test_top.env.in_agent.drv [DRV] WR_CS: 1 | WR_EN: 0 | RD_CS: 1 | RD_EN: 1 | D_IN: 'd140 | D_OUT: 'dx | FULL: x | EMPTY: x
# UVM_INFO fifo_outmonitor.sv(44) @ 186450: uvm_test_top.env.out_agent.mon [uvm_test_top.env.out_agent.mon] READ TX Captured:
# WR_CS: x | WR_EN: x | RD_CS: 1 | RD_EN: 1 | D_IN: 'dx | D_OUT: 'd1 | FULL: x | EMPTY: 0
# UVM_INFO fifo_scoreboard.sv(44) @ 186450: uvm_test_top.env.scb [SCBD_PASS] PASS! Expected: 'd1 | Actual: 'd1
# UVM_INFO fifo_driver.sv(44) @ 186550: uvm_test_top.env.in_agent.drv [DRV] WR_CS: 1 | WR_EN: 0 | RD_CS: 1 | RD_EN: 1 | D_IN: 'd5 | D_OUT: 'dx | FULL: x | EMPTY: x
# UVM_INFO fifo_outmonitor.sv(44) @ 186650: uvm_test_top.env.out_agent.mon [uvm_test_top.env.out_agent.mon] READ TX Captured:
# WR_CS: x | WR_EN: x | RD_CS: 1 | RD_EN: 1 | D_IN: 'dx | D_OUT: 'd69 | FULL: x | EMPTY: 0
# UVM_INFO fifo_scoreboard.sv(44) @ 186650: uvm_test_top.env.scb [SCBD_PASS] PASS! Expected: 'd69 | Actual: 'd69
# UVM_INFO fifo_driver.sv(44) @ 186750: uvm_test_top.env.in_agent.drv [DRV] WR_CS: 1 | WR_EN: 1 | RD_CS: 1 | RD_EN: 0 | D_IN: 'd151 | D_OUT: 'dx | FULL: x | EMPTY: x
# UVM_INFO fifo_inmonitor.sv(34) @ 186750: uvm_test_top.env.in_agent.mon [uvm_test_top.env.in_agent.mon] WRITE TX Captured:
# WR_CS: 1 | WR_EN: 1 | RD_CS: x | RD_EN: x | D_IN: 'd151 | D_OUT: 'dx | FULL: 0 | EMPTY: x
# UVM_INFO fifo_scoreboard.sv(29) @ 186750: uvm_test_top.env.scb [SCBD_WRITE] Stored Data: 'd151 | Queue Size: 26
# UVM_INFO fifo_driver.sv(44) @ 186950: uvm_test_top.env.in_agent.drv [DRV] WR_CS: 1 | WR_EN: 1 | RD_CS: 1 | RD_EN: 0 | D_IN: 'd179 | D_OUT: 'dx | FULL: x | EMPTY: x
# UVM_INFO fifo_inmonitor.sv(34) @ 186950: uvm_test_top.env.in_agent.mon [uvm_test_top.env.in_agent.mon] WRITE TX Captured:
# WR_CS: 1 | WR_EN: 1 | RD_CS: x | RD_EN: x | D_IN: 'd179 | D_OUT: 'dx | FULL: 0 | EMPTY: x
# UVM_INFO fifo_scoreboard.sv(29) @ 186950: uvm_test_top.env.scb [SCBD_WRITE] Stored Data: 'd179 | Queue Size: 27
# UVM_INFO fifo_driver.sv(44) @ 187150: uvm_test_top.env.in_agent.drv [DRV] WR_CS: 1 | WR_EN: 1 | RD_CS: 1 | RD_EN: 0 | D_IN: 'd187 | D_OUT: 'dx | FULL: x | EMPTY: x
# UVM_INFO fifo_inmonitor.sv(34) @ 187150: uvm_test_top.env.in_agent.mon [uvm_test_top.env.in_agent.mon] WRITE TX Captured:
# WR_CS: 1 | WR_EN: 1 | RD_CS: x | RD_EN: x | D_IN: 'd187 | D_OUT: 'dx | FULL: 0 | EMPTY: x
# UVM_INFO fifo_scoreboard.sv(29) @ 187150: uvm_test_top.env.scb [SCBD_WRITE] Stored Data: 'd187 | Queue Size: 28
# UVM_INFO fifo_driver.sv(44) @ 187350: uvm_test_top.env.in_agent.drv [DRV] WR_CS: 1 | WR_EN: 1 | RD_CS: 1 | RD_EN: 0 | D_IN: 'd143 | D_OUT: 'dx | FULL: x | EMPTY: x
# UVM_INFO fifo_inmonitor.sv(34) @ 187350: uvm_test_top.env.in_agent.mon [uvm_test_top.env.in_agent.mon] WRITE TX Captured:
# WR_CS: 1 | WR_EN: 1 | RD_CS: x | RD_EN: x | D_IN: 'd143 | D_OUT: 'dx | FULL: 0 | EMPTY: x
# UVM_INFO fifo_scoreboard.sv(29) @ 187350: uvm_test_top.env.scb [SCBD_WRITE] Stored Data: 'd143 | Queue Size: 29
# UVM_INFO fifo_driver.sv(44) @ 187550: uvm_test_top.env.in_agent.drv [DRV] WR_CS: 1 | WR_EN: 1 | RD_CS: 1 | RD_EN: 0 | D_IN: 'd49 | D_OUT: 'dx | FULL: x | EMPTY: x
# UVM_INFO fifo_inmonitor.sv(34) @ 187550: uvm_test_top.env.in_agent.mon [uvm_test_top.env.in_agent.mon] WRITE TX Captured:
# WR_CS: 1 | WR_EN: 1 | RD_CS: x | RD_EN: x | D_IN: 'd49 | D_OUT: 'dx | FULL: 0 | EMPTY: x
# UVM_INFO fifo_scoreboard.sv(29) @ 187550: uvm_test_top.env.scb [SCBD_WRITE] Stored Data: 'd49 | Queue Size: 30
# UVM_INFO fifo_driver.sv(44) @ 187750: uvm_test_top.env.in_agent.drv [DRV] WR_CS: 1 | WR_EN: 1 | RD_CS: 1 | RD_EN: 0 | D_IN: 'd47 | D_OUT: 'dx | FULL: x | EMPTY: x
# UVM_INFO fifo_inmonitor.sv(34) @ 187750: uvm_test_top.env.in_agent.mon [uvm_test_top.env.in_agent.mon] WRITE TX Captured:
# WR_CS: 1 | WR_EN: 1 | RD_CS: x | RD_EN: x | D_IN: 'd47 | D_OUT: 'dx | FULL: 0 | EMPTY: x
# UVM_INFO fifo_scoreboard.sv(29) @ 187750: uvm_test_top.env.scb [SCBD_WRITE] Stored Data: 'd47 | Queue Size: 31
# UVM_INFO fifo_driver.sv(44) @ 187950: uvm_test_top.env.in_agent.drv [DRV] WR_CS: 1 | WR_EN: 0 | RD_CS: 1 | RD_EN: 1 | D_IN: 'd53 | D_OUT: 'dx | FULL: x | EMPTY: x
# UVM_INFO fifo_outmonitor.sv(44) @ 188050: uvm_test_top.env.out_agent.mon [uvm_test_top.env.out_agent.mon] READ TX Captured:
# WR_CS: x | WR_EN: x | RD_CS: 1 | RD_EN: 1 | D_IN: 'dx | D_OUT: 'd144 | FULL: x | EMPTY: 0
# UVM_INFO fifo_scoreboard.sv(44) @ 188050: uvm_test_top.env.scb [SCBD_PASS] PASS! Expected: 'd144 | Actual: 'd144
# UVM_INFO fifo_driver.sv(44) @ 188150: uvm_test_top.env.in_agent.drv [DRV] WR_CS: 1 | WR_EN: 1 | RD_CS: 1 | RD_EN: 0 | D_IN: 'd49 | D_OUT: 'dx | FULL: x | EMPTY: x
# UVM_INFO fifo_inmonitor.sv(34) @ 188150: uvm_test_top.env.in_agent.mon [uvm_test_top.env.in_agent.mon] WRITE TX Captured:
# WR_CS: 1 | WR_EN: 1 | RD_CS: x | RD_EN: x | D_IN: 'd49 | D_OUT: 'dx | FULL: 0 | EMPTY: x
# UVM_INFO fifo_scoreboard.sv(29) @ 188150: uvm_test_top.env.scb [SCBD_WRITE] Stored Data: 'd49 | Queue Size: 31
# UVM_INFO fifo_driver.sv(44) @ 188350: uvm_test_top.env.in_agent.drv [DRV] WR_CS: 1 | WR_EN: 1 | RD_CS: 1 | RD_EN: 0 | D_IN: 'd163 | D_OUT: 'dx | FULL: x | EMPTY: x
# UVM_INFO fifo_inmonitor.sv(34) @ 188350: uvm_test_top.env.in_agent.mon [uvm_test_top.env.in_agent.mon] WRITE TX Captured:
# WR_CS: 1 | WR_EN: 1 | RD_CS: x | RD_EN: x | D_IN: 'd163 | D_OUT: 'dx | FULL: 0 | EMPTY: x
# UVM_INFO fifo_scoreboard.sv(29) @ 188350: uvm_test_top.env.scb [SCBD_WRITE] Stored Data: 'd163 | Queue Size: 32
# UVM_INFO fifo_driver.sv(44) @ 188550: uvm_test_top.env.in_agent.drv [DRV] WR_CS: 1 | WR_EN: 1 | RD_CS: 1 | RD_EN: 0 | D_IN: 'd104 | D_OUT: 'dx | FULL: x | EMPTY: x
# UVM_INFO fifo_inmonitor.sv(34) @ 188550: uvm_test_top.env.in_agent.mon [uvm_test_top.env.in_agent.mon] WRITE TX Captured:
# WR_CS: 1 | WR_EN: 1 | RD_CS: x | RD_EN: x | D_IN: 'd104 | D_OUT: 'dx | FULL: 0 | EMPTY: x
# UVM_INFO fifo_scoreboard.sv(29) @ 188550: uvm_test_top.env.scb [SCBD_WRITE] Stored Data: 'd104 | Queue Size: 33
# UVM_INFO fifo_driver.sv(44) @ 188750: uvm_test_top.env.in_agent.drv [DRV] WR_CS: 1 | WR_EN: 1 | RD_CS: 1 | RD_EN: 0 | D_IN: 'd103 | D_OUT: 'dx | FULL: x | EMPTY: x
# UVM_INFO fifo_inmonitor.sv(34) @ 188750: uvm_test_top.env.in_agent.mon [uvm_test_top.env.in_agent.mon] WRITE TX Captured:
# WR_CS: 1 | WR_EN: 1 | RD_CS: x | RD_EN: x | D_IN: 'd103 | D_OUT: 'dx | FULL: 0 | EMPTY: x
# UVM_INFO fifo_scoreboard.sv(29) @ 188750: uvm_test_top.env.scb [SCBD_WRITE] Stored Data: 'd103 | Queue Size: 34
# UVM_INFO fifo_driver.sv(44) @ 188950: uvm_test_top.env.in_agent.drv [DRV] WR_CS: 1 | WR_EN: 1 | RD_CS: 1 | RD_EN: 0 | D_IN: 'd234 | D_OUT: 'dx | FULL: x | EMPTY: x
# UVM_INFO fifo_inmonitor.sv(34) @ 188950: uvm_test_top.env.in_agent.mon [uvm_test_top.env.in_agent.mon] WRITE TX Captured:
# WR_CS: 1 | WR_EN: 1 | RD_CS: x | RD_EN: x | D_IN: 'd234 | D_OUT: 'dx | FULL: 0 | EMPTY: x
# UVM_INFO fifo_scoreboard.sv(29) @ 188950: uvm_test_top.env.scb [SCBD_WRITE] Stored Data: 'd234 | Queue Size: 35
# UVM_INFO fifo_driver.sv(44) @ 189150: uvm_test_top.env.in_agent.drv [DRV] WR_CS: 1 | WR_EN: 1 | RD_CS: 1 | RD_EN: 0 | D_IN: 'd192 | D_OUT: 'dx | FULL: x | EMPTY: x
# UVM_INFO fifo_inmonitor.sv(34) @ 189150: uvm_test_top.env.in_agent.mon [uvm_test_top.env.in_agent.mon] WRITE TX Captured:
# WR_CS: 1 | WR_EN: 1 | RD_CS: x | RD_EN: x | D_IN: 'd192 | D_OUT: 'dx | FULL: 0 | EMPTY: x
# UVM_INFO fifo_scoreboard.sv(29) @ 189150: uvm_test_top.env.scb [SCBD_WRITE] Stored Data: 'd192 | Queue Size: 36
# UVM_INFO fifo_driver.sv(44) @ 189350: uvm_test_top.env.in_agent.drv [DRV] WR_CS: 1 | WR_EN: 1 | RD_CS: 1 | RD_EN: 0 | D_IN: 'd25 | D_OUT: 'dx | FULL: x | EMPTY: x
# UVM_INFO fifo_inmonitor.sv(34) @ 189350: uvm_test_top.env.in_agent.mon [uvm_test_top.env.in_agent.mon] WRITE TX Captured:
# WR_CS: 1 | WR_EN: 1 | RD_CS: x | RD_EN: x | D_IN: 'd25 | D_OUT: 'dx | FULL: 0 | EMPTY: x
# UVM_INFO fifo_scoreboard.sv(29) @ 189350: uvm_test_top.env.scb [SCBD_WRITE] Stored Data: 'd25 | Queue Size: 37
# UVM_INFO fifo_driver.sv(44) @ 189550: uvm_test_top.env.in_agent.drv [DRV] WR_CS: 1 | WR_EN: 1 | RD_CS: 1 | RD_EN: 0 | D_IN: 'd225 | D_OUT: 'dx | FULL: x | EMPTY: x
# UVM_INFO fifo_inmonitor.sv(34) @ 189550: uvm_test_top.env.in_agent.mon [uvm_test_top.env.in_agent.mon] WRITE TX Captured:
# WR_CS: 1 | WR_EN: 1 | RD_CS: x | RD_EN: x | D_IN: 'd225 | D_OUT: 'dx | FULL: 0 | EMPTY: x
# UVM_INFO fifo_scoreboard.sv(29) @ 189550: uvm_test_top.env.scb [SCBD_WRITE] Stored Data: 'd225 | Queue Size: 38
# UVM_INFO fifo_driver.sv(44) @ 189750: uvm_test_top.env.in_agent.drv [DRV] WR_CS: 1 | WR_EN: 0 | RD_CS: 1 | RD_EN: 1 | D_IN: 'd150 | D_OUT: 'dx | FULL: x | EMPTY: x
# UVM_INFO fifo_outmonitor.sv(44) @ 189850: uvm_test_top.env.out_agent.mon [uvm_test_top.env.out_agent.mon] READ TX Captured:
# WR_CS: x | WR_EN: x | RD_CS: 1 | RD_EN: 1 | D_IN: 'dx | D_OUT: 'd61 | FULL: x | EMPTY: 0
# UVM_INFO fifo_scoreboard.sv(44) @ 189850: uvm_test_top.env.scb [SCBD_PASS] PASS! Expected: 'd61 | Actual: 'd61
# UVM_INFO fifo_driver.sv(44) @ 189950: uvm_test_top.env.in_agent.drv [DRV] WR_CS: 1 | WR_EN: 1 | RD_CS: 1 | RD_EN: 0 | D_IN: 'd72 | D_OUT: 'dx | FULL: x | EMPTY: x
# UVM_INFO fifo_inmonitor.sv(34) @ 189950: uvm_test_top.env.in_agent.mon [uvm_test_top.env.in_agent.mon] WRITE TX Captured:
# WR_CS: 1 | WR_EN: 1 | RD_CS: x | RD_EN: x | D_IN: 'd72 | D_OUT: 'dx | FULL: 0 | EMPTY: x
# UVM_INFO fifo_scoreboard.sv(29) @ 189950: uvm_test_top.env.scb [SCBD_WRITE] Stored Data: 'd72 | Queue Size: 38
# UVM_INFO fifo_driver.sv(44) @ 190150: uvm_test_top.env.in_agent.drv [DRV] WR_CS: 1 | WR_EN: 1 | RD_CS: 1 | RD_EN: 0 | D_IN: 'd220 | D_OUT: 'dx | FULL: x | EMPTY: x
# UVM_INFO fifo_inmonitor.sv(34) @ 190150: uvm_test_top.env.in_agent.mon [uvm_test_top.env.in_agent.mon] WRITE TX Captured:
# WR_CS: 1 | WR_EN: 1 | RD_CS: x | RD_EN: x | D_IN: 'd220 | D_OUT: 'dx | FULL: 0 | EMPTY: x
# UVM_INFO fifo_scoreboard.sv(29) @ 190150: uvm_test_top.env.scb [SCBD_WRITE] Stored Data: 'd220 | Queue Size: 39
# UVM_INFO fifo_driver.sv(44) @ 190350: uvm_test_top.env.in_agent.drv [DRV] WR_CS: 1 | WR_EN: 0 | RD_CS: 1 | RD_EN: 1 | D_IN: 'd250 | D_OUT: 'dx | FULL: x | EMPTY: x
# UVM_INFO fifo_outmonitor.sv(44) @ 190450: uvm_test_top.env.out_agent.mon [uvm_test_top.env.out_agent.mon] READ TX Captured:
# WR_CS: x | WR_EN: x | RD_CS: 1 | RD_EN: 1 | D_IN: 'dx | D_OUT: 'd232 | FULL: x | EMPTY: 0
# UVM_INFO fifo_scoreboard.sv(44) @ 190450: uvm_test_top.env.scb [SCBD_PASS] PASS! Expected: 'd232 | Actual: 'd232
# UVM_INFO fifo_driver.sv(44) @ 190550: uvm_test_top.env.in_agent.drv [DRV] WR_CS: 1 | WR_EN: 1 | RD_CS: 1 | RD_EN: 0 | D_IN: 'd226 | D_OUT: 'dx | FULL: x | EMPTY: x
# UVM_INFO fifo_inmonitor.sv(34) @ 190550: uvm_test_top.env.in_agent.mon [uvm_test_top.env.in_agent.mon] WRITE TX Captured:
# WR_CS: 1 | WR_EN: 1 | RD_CS: x | RD_EN: x | D_IN: 'd226 | D_OUT: 'dx | FULL: 0 | EMPTY: x
# UVM_INFO fifo_scoreboard.sv(29) @ 190550: uvm_test_top.env.scb [SCBD_WRITE] Stored Data: 'd226 | Queue Size: 39
# UVM_INFO fifo_driver.sv(44) @ 190750: uvm_test_top.env.in_agent.drv [DRV] WR_CS: 1 | WR_EN: 0 | RD_CS: 1 | RD_EN: 1 | D_IN: 'd18 | D_OUT: 'dx | FULL: x | EMPTY: x
# UVM_INFO fifo_outmonitor.sv(44) @ 190850: uvm_test_top.env.out_agent.mon [uvm_test_top.env.out_agent.mon] READ TX Captured:
# WR_CS: x | WR_EN: x | RD_CS: 1 | RD_EN: 1 | D_IN: 'dx | D_OUT: 'd4 | FULL: x | EMPTY: 0
# UVM_INFO fifo_scoreboard.sv(44) @ 190850: uvm_test_top.env.scb [SCBD_PASS] PASS! Expected: 'd4 | Actual: 'd4
# UVM_INFO fifo_driver.sv(44) @ 190950: uvm_test_top.env.in_agent.drv [DRV] WR_CS: 1 | WR_EN: 1 | RD_CS: 1 | RD_EN: 0 | D_IN: 'd135 | D_OUT: 'dx | FULL: x | EMPTY: x
# UVM_INFO fifo_inmonitor.sv(34) @ 190950: uvm_test_top.env.in_agent.mon [uvm_test_top.env.in_agent.mon] WRITE TX Captured:
# WR_CS: 1 | WR_EN: 1 | RD_CS: x | RD_EN: x | D_IN: 'd135 | D_OUT: 'dx | FULL: 0 | EMPTY: x
# UVM_INFO fifo_scoreboard.sv(29) @ 190950: uvm_test_top.env.scb [SCBD_WRITE] Stored Data: 'd135 | Queue Size: 39
# UVM_INFO fifo_driver.sv(44) @ 191150: uvm_test_top.env.in_agent.drv [DRV] WR_CS: 1 | WR_EN: 1 | RD_CS: 1 | RD_EN: 0 | D_IN: 'd189 | D_OUT: 'dx | FULL: x | EMPTY: x
# UVM_INFO fifo_inmonitor.sv(34) @ 191150: uvm_test_top.env.in_agent.mon [uvm_test_top.env.in_agent.mon] WRITE TX Captured:
# WR_CS: 1 | WR_EN: 1 | RD_CS: x | RD_EN: x | D_IN: 'd189 | D_OUT: 'dx | FULL: 0 | EMPTY: x
# UVM_INFO fifo_scoreboard.sv(29) @ 191150: uvm_test_top.env.scb [SCBD_WRITE] Stored Data: 'd189 | Queue Size: 40
# UVM_INFO fifo_driver.sv(44) @ 191350: uvm_test_top.env.in_agent.drv [DRV] WR_CS: 1 | WR_EN: 1 | RD_CS: 1 | RD_EN: 0 | D_IN: 'd243 | D_OUT: 'dx | FULL: x | EMPTY: x
# UVM_INFO fifo_inmonitor.sv(34) @ 191350: uvm_test_top.env.in_agent.mon [uvm_test_top.env.in_agent.mon] WRITE TX Captured:
# WR_CS: 1 | WR_EN: 1 | RD_CS: x | RD_EN: x | D_IN: 'd243 | D_OUT: 'dx | FULL: 0 | EMPTY: x
# UVM_INFO fifo_scoreboard.sv(29) @ 191350: uvm_test_top.env.scb [SCBD_WRITE] Stored Data: 'd243 | Queue Size: 41
# UVM_INFO fifo_driver.sv(44) @ 191550: uvm_test_top.env.in_agent.drv [DRV] WR_CS: 1 | WR_EN: 1 | RD_CS: 1 | RD_EN: 0 | D_IN: 'd80 | D_OUT: 'dx | FULL: x | EMPTY: x
# UVM_INFO fifo_inmonitor.sv(34) @ 191550: uvm_test_top.env.in_agent.mon [uvm_test_top.env.in_agent.mon] WRITE TX Captured:
# WR_CS: 1 | WR_EN: 1 | RD_CS: x | RD_EN: x | D_IN: 'd80 | D_OUT: 'dx | FULL: 0 | EMPTY: x
# UVM_INFO fifo_scoreboard.sv(29) @ 191550: uvm_test_top.env.scb [SCBD_WRITE] Stored Data: 'd80 | Queue Size: 42
# UVM_INFO fifo_driver.sv(44) @ 191750: uvm_test_top.env.in_agent.drv [DRV] WR_CS: 1 | WR_EN: 0 | RD_CS: 1 | RD_EN: 1 | D_IN: 'd179 | D_OUT: 'dx | FULL: x | EMPTY: x
# UVM_INFO fifo_outmonitor.sv(44) @ 191850: uvm_test_top.env.out_agent.mon [uvm_test_top.env.out_agent.mon] READ TX Captured:
# WR_CS: x | WR_EN: x | RD_CS: 1 | RD_EN: 1 | D_IN: 'dx | D_OUT: 'd232 | FULL: x | EMPTY: 0
# UVM_INFO fifo_scoreboard.sv(44) @ 191850: uvm_test_top.env.scb [SCBD_PASS] PASS! Expected: 'd232 | Actual: 'd232
# UVM_INFO fifo_driver.sv(44) @ 191950: uvm_test_top.env.in_agent.drv [DRV] WR_CS: 1 | WR_EN: 1 | RD_CS: 1 | RD_EN: 0 | D_IN: 'd54 | D_OUT: 'dx | FULL: x | EMPTY: x
# UVM_INFO fifo_inmonitor.sv(34) @ 191950: uvm_test_top.env.in_agent.mon [uvm_test_top.env.in_agent.mon] WRITE TX Captured:
# WR_CS: 1 | WR_EN: 1 | RD_CS: x | RD_EN: x | D_IN: 'd54 | D_OUT: 'dx | FULL: 0 | EMPTY: x
# UVM_INFO fifo_scoreboard.sv(29) @ 191950: uvm_test_top.env.scb [SCBD_WRITE] Stored Data: 'd54 | Queue Size: 42
# UVM_INFO fifo_driver.sv(44) @ 192150: uvm_test_top.env.in_agent.drv [DRV] WR_CS: 1 | WR_EN: 0 | RD_CS: 1 | RD_EN: 1 | D_IN: 'd91 | D_OUT: 'dx | FULL: x | EMPTY: x
# UVM_INFO fifo_outmonitor.sv(44) @ 192250: uvm_test_top.env.out_agent.mon [uvm_test_top.env.out_agent.mon] READ TX Captured:
# WR_CS: x | WR_EN: x | RD_CS: 1 | RD_EN: 1 | D_IN: 'dx | D_OUT: 'd115 | FULL: x | EMPTY: 0
# UVM_INFO fifo_scoreboard.sv(44) @ 192250: uvm_test_top.env.scb [SCBD_PASS] PASS! Expected: 'd115 | Actual: 'd115
# UVM_INFO fifo_driver.sv(44) @ 192350: uvm_test_top.env.in_agent.drv [DRV] WR_CS: 1 | WR_EN: 0 | RD_CS: 1 | RD_EN: 1 | D_IN: 'd32 | D_OUT: 'dx | FULL: x | EMPTY: x
# UVM_INFO fifo_outmonitor.sv(44) @ 192450: uvm_test_top.env.out_agent.mon [uvm_test_top.env.out_agent.mon] READ TX Captured:
# WR_CS: x | WR_EN: x | RD_CS: 1 | RD_EN: 1 | D_IN: 'dx | D_OUT: 'd42 | FULL: x | EMPTY: 0
# UVM_INFO fifo_scoreboard.sv(44) @ 192450: uvm_test_top.env.scb [SCBD_PASS] PASS! Expected: 'd42 | Actual: 'd42
# UVM_INFO fifo_driver.sv(44) @ 192550: uvm_test_top.env.in_agent.drv [DRV] WR_CS: 1 | WR_EN: 0 | RD_CS: 1 | RD_EN: 1 | D_IN: 'd86 | D_OUT: 'dx | FULL: x | EMPTY: x
# UVM_INFO fifo_outmonitor.sv(44) @ 192650: uvm_test_top.env.out_agent.mon [uvm_test_top.env.out_agent.mon] READ TX Captured:
# WR_CS: x | WR_EN: x | RD_CS: 1 | RD_EN: 1 | D_IN: 'dx | D_OUT: 'd134 | FULL: x | EMPTY: 0
# UVM_INFO fifo_scoreboard.sv(44) @ 192650: uvm_test_top.env.scb [SCBD_PASS] PASS! Expected: 'd134 | Actual: 'd134
# UVM_INFO fifo_driver.sv(44) @ 192750: uvm_test_top.env.in_agent.drv [DRV] WR_CS: 1 | WR_EN: 1 | RD_CS: 1 | RD_EN: 0 | D_IN: 'd50 | D_OUT: 'dx | FULL: x | EMPTY: x
# UVM_INFO fifo_inmonitor.sv(34) @ 192750: uvm_test_top.env.in_agent.mon [uvm_test_top.env.in_agent.mon] WRITE TX Captured:
# WR_CS: 1 | WR_EN: 1 | RD_CS: x | RD_EN: x | D_IN: 'd50 | D_OUT: 'dx | FULL: 0 | EMPTY: x
# UVM_INFO fifo_scoreboard.sv(29) @ 192750: uvm_test_top.env.scb [SCBD_WRITE] Stored Data: 'd50 | Queue Size: 40
# UVM_INFO fifo_driver.sv(44) @ 192950: uvm_test_top.env.in_agent.drv [DRV] WR_CS: 1 | WR_EN: 0 | RD_CS: 1 | RD_EN: 1 | D_IN: 'd44 | D_OUT: 'dx | FULL: x | EMPTY: x
# UVM_INFO fifo_outmonitor.sv(44) @ 193050: uvm_test_top.env.out_agent.mon [uvm_test_top.env.out_agent.mon] READ TX Captured:
# WR_CS: x | WR_EN: x | RD_CS: 1 | RD_EN: 1 | D_IN: 'dx | D_OUT: 'd40 | FULL: x | EMPTY: 0
# UVM_INFO fifo_scoreboard.sv(44) @ 193050: uvm_test_top.env.scb [SCBD_PASS] PASS! Expected: 'd40 | Actual: 'd40
# UVM_INFO fifo_driver.sv(44) @ 193150: uvm_test_top.env.in_agent.drv [DRV] WR_CS: 1 | WR_EN: 1 | RD_CS: 1 | RD_EN: 0 | D_IN: 'd125 | D_OUT: 'dx | FULL: x | EMPTY: x
# UVM_INFO fifo_inmonitor.sv(34) @ 193150: uvm_test_top.env.in_agent.mon [uvm_test_top.env.in_agent.mon] WRITE TX Captured:
# WR_CS: 1 | WR_EN: 1 | RD_CS: x | RD_EN: x | D_IN: 'd125 | D_OUT: 'dx | FULL: 0 | EMPTY: x
# UVM_INFO fifo_scoreboard.sv(29) @ 193150: uvm_test_top.env.scb [SCBD_WRITE] Stored Data: 'd125 | Queue Size: 40
# UVM_INFO fifo_driver.sv(44) @ 193350: uvm_test_top.env.in_agent.drv [DRV] WR_CS: 1 | WR_EN: 1 | RD_CS: 1 | RD_EN: 0 | D_IN: 'd75 | D_OUT: 'dx | FULL: x | EMPTY: x
# UVM_INFO fifo_inmonitor.sv(34) @ 193350: uvm_test_top.env.in_agent.mon [uvm_test_top.env.in_agent.mon] WRITE TX Captured:
# WR_CS: 1 | WR_EN: 1 | RD_CS: x | RD_EN: x | D_IN: 'd75 | D_OUT: 'dx | FULL: 0 | EMPTY: x
# UVM_INFO fifo_scoreboard.sv(29) @ 193350: uvm_test_top.env.scb [SCBD_WRITE] Stored Data: 'd75 | Queue Size: 41
# UVM_INFO fifo_driver.sv(44) @ 193550: uvm_test_top.env.in_agent.drv [DRV] WR_CS: 1 | WR_EN: 0 | RD_CS: 1 | RD_EN: 1 | D_IN: 'd237 | D_OUT: 'dx | FULL: x | EMPTY: x
# UVM_INFO fifo_outmonitor.sv(44) @ 193650: uvm_test_top.env.out_agent.mon [uvm_test_top.env.out_agent.mon] READ TX Captured:
# WR_CS: x | WR_EN: x | RD_CS: 1 | RD_EN: 1 | D_IN: 'dx | D_OUT: 'd3 | FULL: x | EMPTY: 0
# UVM_INFO fifo_scoreboard.sv(44) @ 193650: uvm_test_top.env.scb [SCBD_PASS] PASS! Expected: 'd3 | Actual: 'd3
# UVM_INFO fifo_driver.sv(44) @ 193750: uvm_test_top.env.in_agent.drv [DRV] WR_CS: 1 | WR_EN: 1 | RD_CS: 1 | RD_EN: 0 | D_IN: 'd82 | D_OUT: 'dx | FULL: x | EMPTY: x
# UVM_INFO fifo_inmonitor.sv(34) @ 193750: uvm_test_top.env.in_agent.mon [uvm_test_top.env.in_agent.mon] WRITE TX Captured:
# WR_CS: 1 | WR_EN: 1 | RD_CS: x | RD_EN: x | D_IN: 'd82 | D_OUT: 'dx | FULL: 0 | EMPTY: x
# UVM_INFO fifo_scoreboard.sv(29) @ 193750: uvm_test_top.env.scb [SCBD_WRITE] Stored Data: 'd82 | Queue Size: 41
# UVM_INFO fifo_driver.sv(44) @ 193950: uvm_test_top.env.in_agent.drv [DRV] WR_CS: 1 | WR_EN: 1 | RD_CS: 1 | RD_EN: 0 | D_IN: 'd195 | D_OUT: 'dx | FULL: x | EMPTY: x
# UVM_INFO fifo_inmonitor.sv(34) @ 193950: uvm_test_top.env.in_agent.mon [uvm_test_top.env.in_agent.mon] WRITE TX Captured:
# WR_CS: 1 | WR_EN: 1 | RD_CS: x | RD_EN: x | D_IN: 'd195 | D_OUT: 'dx | FULL: 0 | EMPTY: x
# UVM_INFO fifo_scoreboard.sv(29) @ 193950: uvm_test_top.env.scb [SCBD_WRITE] Stored Data: 'd195 | Queue Size: 42
# UVM_INFO fifo_driver.sv(44) @ 194150: uvm_test_top.env.in_agent.drv [DRV] WR_CS: 1 | WR_EN: 1 | RD_CS: 1 | RD_EN: 0 | D_IN: 'd166 | D_OUT: 'dx | FULL: x | EMPTY: x
# UVM_INFO fifo_inmonitor.sv(34) @ 194150: uvm_test_top.env.in_agent.mon [uvm_test_top.env.in_agent.mon] WRITE TX Captured:
# WR_CS: 1 | WR_EN: 1 | RD_CS: x | RD_EN: x | D_IN: 'd166 | D_OUT: 'dx | FULL: 0 | EMPTY: x
# UVM_INFO fifo_scoreboard.sv(29) @ 194150: uvm_test_top.env.scb [SCBD_WRITE] Stored Data: 'd166 | Queue Size: 43
# UVM_INFO fifo_driver.sv(44) @ 194350: uvm_test_top.env.in_agent.drv [DRV] WR_CS: 1 | WR_EN: 1 | RD_CS: 1 | RD_EN: 0 | D_IN: 'd119 | D_OUT: 'dx | FULL: x | EMPTY: x
# UVM_INFO fifo_inmonitor.sv(34) @ 194350: uvm_test_top.env.in_agent.mon [uvm_test_top.env.in_agent.mon] WRITE TX Captured:
# WR_CS: 1 | WR_EN: 1 | RD_CS: x | RD_EN: x | D_IN: 'd119 | D_OUT: 'dx | FULL: 0 | EMPTY: x
# UVM_INFO fifo_scoreboard.sv(29) @ 194350: uvm_test_top.env.scb [SCBD_WRITE] Stored Data: 'd119 | Queue Size: 44
# UVM_INFO fifo_driver.sv(44) @ 194550: uvm_test_top.env.in_agent.drv [DRV] WR_CS: 1 | WR_EN: 0 | RD_CS: 1 | RD_EN: 1 | D_IN: 'd91 | D_OUT: 'dx | FULL: x | EMPTY: x
# UVM_INFO fifo_outmonitor.sv(44) @ 194650: uvm_test_top.env.out_agent.mon [uvm_test_top.env.out_agent.mon] READ TX Captured:
# WR_CS: x | WR_EN: x | RD_CS: 1 | RD_EN: 1 | D_IN: 'dx | D_OUT: 'd245 | FULL: x | EMPTY: 0
# UVM_INFO fifo_scoreboard.sv(44) @ 194650: uvm_test_top.env.scb [SCBD_PASS] PASS! Expected: 'd245 | Actual: 'd245
# UVM_INFO fifo_driver.sv(44) @ 194750: uvm_test_top.env.in_agent.drv [DRV] WR_CS: 1 | WR_EN: 1 | RD_CS: 1 | RD_EN: 0 | D_IN: 'd240 | D_OUT: 'dx | FULL: x | EMPTY: x
# UVM_INFO fifo_inmonitor.sv(34) @ 194750: uvm_test_top.env.in_agent.mon [uvm_test_top.env.in_agent.mon] WRITE TX Captured:
# WR_CS: 1 | WR_EN: 1 | RD_CS: x | RD_EN: x | D_IN: 'd240 | D_OUT: 'dx | FULL: 0 | EMPTY: x
# UVM_INFO fifo_scoreboard.sv(29) @ 194750: uvm_test_top.env.scb [SCBD_WRITE] Stored Data: 'd240 | Queue Size: 44
# UVM_INFO fifo_driver.sv(44) @ 194950: uvm_test_top.env.in_agent.drv [DRV] WR_CS: 1 | WR_EN: 1 | RD_CS: 1 | RD_EN: 0 | D_IN: 'd98 | D_OUT: 'dx | FULL: x | EMPTY: x
# UVM_INFO fifo_inmonitor.sv(34) @ 194950: uvm_test_top.env.in_agent.mon [uvm_test_top.env.in_agent.mon] WRITE TX Captured:
# WR_CS: 1 | WR_EN: 1 | RD_CS: x | RD_EN: x | D_IN: 'd98 | D_OUT: 'dx | FULL: 0 | EMPTY: x
# UVM_INFO fifo_scoreboard.sv(29) @ 194950: uvm_test_top.env.scb [SCBD_WRITE] Stored Data: 'd98 | Queue Size: 45
# UVM_INFO fifo_driver.sv(44) @ 195150: uvm_test_top.env.in_agent.drv [DRV] WR_CS: 1 | WR_EN: 0 | RD_CS: 1 | RD_EN: 1 | D_IN: 'd41 | D_OUT: 'dx | FULL: x | EMPTY: x
# UVM_INFO fifo_outmonitor.sv(44) @ 195250: uvm_test_top.env.out_agent.mon [uvm_test_top.env.out_agent.mon] READ TX Captured:
# WR_CS: x | WR_EN: x | RD_CS: 1 | RD_EN: 1 | D_IN: 'dx | D_OUT: 'd157 | FULL: x | EMPTY: 0
# UVM_INFO fifo_scoreboard.sv(44) @ 195250: uvm_test_top.env.scb [SCBD_PASS] PASS! Expected: 'd157 | Actual: 'd157
# UVM_INFO fifo_driver.sv(44) @ 195350: uvm_test_top.env.in_agent.drv [DRV] WR_CS: 1 | WR_EN: 0 | RD_CS: 1 | RD_EN: 1 | D_IN: 'd89 | D_OUT: 'dx | FULL: x | EMPTY: x
# UVM_INFO fifo_outmonitor.sv(44) @ 195450: uvm_test_top.env.out_agent.mon [uvm_test_top.env.out_agent.mon] READ TX Captured:
# WR_CS: x | WR_EN: x | RD_CS: 1 | RD_EN: 1 | D_IN: 'dx | D_OUT: 'd88 | FULL: x | EMPTY: 0
# UVM_INFO fifo_scoreboard.sv(44) @ 195450: uvm_test_top.env.scb [SCBD_PASS] PASS! Expected: 'd88 | Actual: 'd88
# UVM_INFO fifo_driver.sv(44) @ 195550: uvm_test_top.env.in_agent.drv [DRV] WR_CS: 1 | WR_EN: 0 | RD_CS: 1 | RD_EN: 1 | D_IN: 'd179 | D_OUT: 'dx | FULL: x | EMPTY: x
# UVM_INFO fifo_outmonitor.sv(44) @ 195650: uvm_test_top.env.out_agent.mon [uvm_test_top.env.out_agent.mon] READ TX Captured:
# WR_CS: x | WR_EN: x | RD_CS: 1 | RD_EN: 1 | D_IN: 'dx | D_OUT: 'd173 | FULL: x | EMPTY: 0
# UVM_INFO fifo_scoreboard.sv(44) @ 195650: uvm_test_top.env.scb [SCBD_PASS] PASS! Expected: 'd173 | Actual: 'd173
# UVM_INFO fifo_driver.sv(44) @ 195750: uvm_test_top.env.in_agent.drv [DRV] WR_CS: 1 | WR_EN: 1 | RD_CS: 1 | RD_EN: 0 | D_IN: 'd95 | D_OUT: 'dx | FULL: x | EMPTY: x
# UVM_INFO fifo_inmonitor.sv(34) @ 195750: uvm_test_top.env.in_agent.mon [uvm_test_top.env.in_agent.mon] WRITE TX Captured:
# WR_CS: 1 | WR_EN: 1 | RD_CS: x | RD_EN: x | D_IN: 'd95 | D_OUT: 'dx | FULL: 0 | EMPTY: x
# UVM_INFO fifo_scoreboard.sv(29) @ 195750: uvm_test_top.env.scb [SCBD_WRITE] Stored Data: 'd95 | Queue Size: 43
# UVM_INFO fifo_driver.sv(44) @ 195950: uvm_test_top.env.in_agent.drv [DRV] WR_CS: 1 | WR_EN: 0 | RD_CS: 1 | RD_EN: 1 | D_IN: 'd226 | D_OUT: 'dx | FULL: x | EMPTY: x
# UVM_INFO fifo_outmonitor.sv(44) @ 196050: uvm_test_top.env.out_agent.mon [uvm_test_top.env.out_agent.mon] READ TX Captured:
# WR_CS: x | WR_EN: x | RD_CS: 1 | RD_EN: 1 | D_IN: 'dx | D_OUT: 'd177 | FULL: x | EMPTY: 0
# UVM_INFO fifo_scoreboard.sv(44) @ 196050: uvm_test_top.env.scb [SCBD_PASS] PASS! Expected: 'd177 | Actual: 'd177
# UVM_INFO fifo_driver.sv(44) @ 196150: uvm_test_top.env.in_agent.drv [DRV] WR_CS: 1 | WR_EN: 0 | RD_CS: 1 | RD_EN: 1 | D_IN: 'd118 | D_OUT: 'dx | FULL: x | EMPTY: x
# UVM_INFO fifo_outmonitor.sv(44) @ 196250: uvm_test_top.env.out_agent.mon [uvm_test_top.env.out_agent.mon] READ TX Captured:
# WR_CS: x | WR_EN: x | RD_CS: 1 | RD_EN: 1 | D_IN: 'dx | D_OUT: 'd107 | FULL: x | EMPTY: 0
# UVM_INFO fifo_scoreboard.sv(44) @ 196250: uvm_test_top.env.scb [SCBD_PASS] PASS! Expected: 'd107 | Actual: 'd107
# UVM_INFO fifo_driver.sv(44) @ 196350: uvm_test_top.env.in_agent.drv [DRV] WR_CS: 1 | WR_EN: 1 | RD_CS: 1 | RD_EN: 0 | D_IN: 'd134 | D_OUT: 'dx | FULL: x | EMPTY: x
# UVM_INFO fifo_inmonitor.sv(34) @ 196350: uvm_test_top.env.in_agent.mon [uvm_test_top.env.in_agent.mon] WRITE TX Captured:
# WR_CS: 1 | WR_EN: 1 | RD_CS: x | RD_EN: x | D_IN: 'd134 | D_OUT: 'dx | FULL: 0 | EMPTY: x
# UVM_INFO fifo_scoreboard.sv(29) @ 196350: uvm_test_top.env.scb [SCBD_WRITE] Stored Data: 'd134 | Queue Size: 42
# UVM_INFO fifo_driver.sv(44) @ 196550: uvm_test_top.env.in_agent.drv [DRV] WR_CS: 1 | WR_EN: 0 | RD_CS: 1 | RD_EN: 1 | D_IN: 'd195 | D_OUT: 'dx | FULL: x | EMPTY: x
# UVM_INFO fifo_outmonitor.sv(44) @ 196650: uvm_test_top.env.out_agent.mon [uvm_test_top.env.out_agent.mon] READ TX Captured:
# WR_CS: x | WR_EN: x | RD_CS: 1 | RD_EN: 1 | D_IN: 'dx | D_OUT: 'd116 | FULL: x | EMPTY: 0
# UVM_INFO fifo_scoreboard.sv(44) @ 196650: uvm_test_top.env.scb [SCBD_PASS] PASS! Expected: 'd116 | Actual: 'd116
# UVM_INFO fifo_driver.sv(44) @ 196750: uvm_test_top.env.in_agent.drv [DRV] WR_CS: 1 | WR_EN: 1 | RD_CS: 1 | RD_EN: 0 | D_IN: 'd173 | D_OUT: 'dx | FULL: x | EMPTY: x
# UVM_INFO fifo_inmonitor.sv(34) @ 196750: uvm_test_top.env.in_agent.mon [uvm_test_top.env.in_agent.mon] WRITE TX Captured:
# WR_CS: 1 | WR_EN: 1 | RD_CS: x | RD_EN: x | D_IN: 'd173 | D_OUT: 'dx | FULL: 0 | EMPTY: x
# UVM_INFO fifo_scoreboard.sv(29) @ 196750: uvm_test_top.env.scb [SCBD_WRITE] Stored Data: 'd173 | Queue Size: 42
# UVM_INFO fifo_driver.sv(44) @ 196950: uvm_test_top.env.in_agent.drv [DRV] WR_CS: 1 | WR_EN: 0 | RD_CS: 1 | RD_EN: 1 | D_IN: 'd30 | D_OUT: 'dx | FULL: x | EMPTY: x
# UVM_INFO fifo_outmonitor.sv(44) @ 197050: uvm_test_top.env.out_agent.mon [uvm_test_top.env.out_agent.mon] READ TX Captured:
# WR_CS: x | WR_EN: x | RD_CS: 1 | RD_EN: 1 | D_IN: 'dx | D_OUT: 'd113 | FULL: x | EMPTY: 0
# UVM_INFO fifo_scoreboard.sv(44) @ 197050: uvm_test_top.env.scb [SCBD_PASS] PASS! Expected: 'd113 | Actual: 'd113
# UVM_INFO fifo_driver.sv(44) @ 197150: uvm_test_top.env.in_agent.drv [DRV] WR_CS: 1 | WR_EN: 0 | RD_CS: 1 | RD_EN: 1 | D_IN: 'd235 | D_OUT: 'dx | FULL: x | EMPTY: x
# UVM_INFO fifo_outmonitor.sv(44) @ 197250: uvm_test_top.env.out_agent.mon [uvm_test_top.env.out_agent.mon] READ TX Captured:
# WR_CS: x | WR_EN: x | RD_CS: 1 | RD_EN: 1 | D_IN: 'dx | D_OUT: 'd78 | FULL: x | EMPTY: 0
# UVM_INFO fifo_scoreboard.sv(44) @ 197250: uvm_test_top.env.scb [SCBD_PASS] PASS! Expected: 'd78 | Actual: 'd78
# UVM_INFO fifo_driver.sv(44) @ 197350: uvm_test_top.env.in_agent.drv [DRV] WR_CS: 1 | WR_EN: 0 | RD_CS: 1 | RD_EN: 1 | D_IN: 'd219 | D_OUT: 'dx | FULL: x | EMPTY: x
# UVM_INFO fifo_outmonitor.sv(44) @ 197450: uvm_test_top.env.out_agent.mon [uvm_test_top.env.out_agent.mon] READ TX Captured:
# WR_CS: x | WR_EN: x | RD_CS: 1 | RD_EN: 1 | D_IN: 'dx | D_OUT: 'd213 | FULL: x | EMPTY: 0
# UVM_INFO fifo_scoreboard.sv(44) @ 197450: uvm_test_top.env.scb [SCBD_PASS] PASS! Expected: 'd213 | Actual: 'd213
# UVM_INFO fifo_driver.sv(44) @ 197550: uvm_test_top.env.in_agent.drv [DRV] WR_CS: 1 | WR_EN: 1 | RD_CS: 1 | RD_EN: 0 | D_IN: 'd159 | D_OUT: 'dx | FULL: x | EMPTY: x
# UVM_INFO fifo_inmonitor.sv(34) @ 197550: uvm_test_top.env.in_agent.mon [uvm_test_top.env.in_agent.mon] WRITE TX Captured:
# WR_CS: 1 | WR_EN: 1 | RD_CS: x | RD_EN: x | D_IN: 'd159 | D_OUT: 'dx | FULL: 0 | EMPTY: x
# UVM_INFO fifo_scoreboard.sv(29) @ 197550: uvm_test_top.env.scb [SCBD_WRITE] Stored Data: 'd159 | Queue Size: 40
# UVM_INFO fifo_driver.sv(44) @ 197750: uvm_test_top.env.in_agent.drv [DRV] WR_CS: 1 | WR_EN: 1 | RD_CS: 1 | RD_EN: 0 | D_IN: 'd108 | D_OUT: 'dx | FULL: x | EMPTY: x
# UVM_INFO fifo_inmonitor.sv(34) @ 197750: uvm_test_top.env.in_agent.mon [uvm_test_top.env.in_agent.mon] WRITE TX Captured:
# WR_CS: 1 | WR_EN: 1 | RD_CS: x | RD_EN: x | D_IN: 'd108 | D_OUT: 'dx | FULL: 0 | EMPTY: x
# UVM_INFO fifo_scoreboard.sv(29) @ 197750: uvm_test_top.env.scb [SCBD_WRITE] Stored Data: 'd108 | Queue Size: 41
# UVM_INFO fifo_driver.sv(44) @ 197950: uvm_test_top.env.in_agent.drv [DRV] WR_CS: 1 | WR_EN: 1 | RD_CS: 1 | RD_EN: 0 | D_IN: 'd50 | D_OUT: 'dx | FULL: x | EMPTY: x
# UVM_INFO fifo_inmonitor.sv(34) @ 197950: uvm_test_top.env.in_agent.mon [uvm_test_top.env.in_agent.mon] WRITE TX Captured:
# WR_CS: 1 | WR_EN: 1 | RD_CS: x | RD_EN: x | D_IN: 'd50 | D_OUT: 'dx | FULL: 0 | EMPTY: x
# UVM_INFO fifo_scoreboard.sv(29) @ 197950: uvm_test_top.env.scb [SCBD_WRITE] Stored Data: 'd50 | Queue Size: 42
# UVM_INFO fifo_driver.sv(44) @ 198150: uvm_test_top.env.in_agent.drv [DRV] WR_CS: 1 | WR_EN: 1 | RD_CS: 1 | RD_EN: 0 | D_IN: 'd92 | D_OUT: 'dx | FULL: x | EMPTY: x
# UVM_INFO fifo_inmonitor.sv(34) @ 198150: uvm_test_top.env.in_agent.mon [uvm_test_top.env.in_agent.mon] WRITE TX Captured:
# WR_CS: 1 | WR_EN: 1 | RD_CS: x | RD_EN: x | D_IN: 'd92 | D_OUT: 'dx | FULL: 0 | EMPTY: x
# UVM_INFO fifo_scoreboard.sv(29) @ 198150: uvm_test_top.env.scb [SCBD_WRITE] Stored Data: 'd92 | Queue Size: 43
# UVM_INFO fifo_driver.sv(44) @ 198350: uvm_test_top.env.in_agent.drv [DRV] WR_CS: 1 | WR_EN: 1 | RD_CS: 1 | RD_EN: 0 | D_IN: 'd253 | D_OUT: 'dx | FULL: x | EMPTY: x
# UVM_INFO fifo_inmonitor.sv(34) @ 198350: uvm_test_top.env.in_agent.mon [uvm_test_top.env.in_agent.mon] WRITE TX Captured:
# WR_CS: 1 | WR_EN: 1 | RD_CS: x | RD_EN: x | D_IN: 'd253 | D_OUT: 'dx | FULL: 0 | EMPTY: x
# UVM_INFO fifo_scoreboard.sv(29) @ 198350: uvm_test_top.env.scb [SCBD_WRITE] Stored Data: 'd253 | Queue Size: 44
# UVM_INFO fifo_driver.sv(44) @ 198550: uvm_test_top.env.in_agent.drv [DRV] WR_CS: 1 | WR_EN: 1 | RD_CS: 1 | RD_EN: 0 | D_IN: 'd107 | D_OUT: 'dx | FULL: x | EMPTY: x
# UVM_INFO fifo_inmonitor.sv(34) @ 198550: uvm_test_top.env.in_agent.mon [uvm_test_top.env.in_agent.mon] WRITE TX Captured:
# WR_CS: 1 | WR_EN: 1 | RD_CS: x | RD_EN: x | D_IN: 'd107 | D_OUT: 'dx | FULL: 0 | EMPTY: x
# UVM_INFO fifo_scoreboard.sv(29) @ 198550: uvm_test_top.env.scb [SCBD_WRITE] Stored Data: 'd107 | Queue Size: 45
# UVM_INFO fifo_driver.sv(44) @ 198750: uvm_test_top.env.in_agent.drv [DRV] WR_CS: 1 | WR_EN: 0 | RD_CS: 1 | RD_EN: 1 | D_IN: 'd86 | D_OUT: 'dx | FULL: x | EMPTY: x
# UVM_INFO fifo_outmonitor.sv(44) @ 198850: uvm_test_top.env.out_agent.mon [uvm_test_top.env.out_agent.mon] READ TX Captured:
# WR_CS: x | WR_EN: x | RD_CS: 1 | RD_EN: 1 | D_IN: 'dx | D_OUT: 'd45 | FULL: x | EMPTY: 0
# UVM_INFO fifo_scoreboard.sv(44) @ 198850: uvm_test_top.env.scb [SCBD_PASS] PASS! Expected: 'd45 | Actual: 'd45
# UVM_INFO fifo_driver.sv(44) @ 198950: uvm_test_top.env.in_agent.drv [DRV] WR_CS: 1 | WR_EN: 0 | RD_CS: 1 | RD_EN: 1 | D_IN: 'd189 | D_OUT: 'dx | FULL: x | EMPTY: x
# UVM_INFO fifo_outmonitor.sv(44) @ 199050: uvm_test_top.env.out_agent.mon [uvm_test_top.env.out_agent.mon] READ TX Captured:
# WR_CS: x | WR_EN: x | RD_CS: 1 | RD_EN: 1 | D_IN: 'dx | D_OUT: 'd189 | FULL: x | EMPTY: 0
# UVM_INFO fifo_scoreboard.sv(44) @ 199050: uvm_test_top.env.scb [SCBD_PASS] PASS! Expected: 'd189 | Actual: 'd189
# UVM_INFO fifo_driver.sv(44) @ 199150: uvm_test_top.env.in_agent.drv [DRV] WR_CS: 1 | WR_EN: 0 | RD_CS: 1 | RD_EN: 1 | D_IN: 'd180 | D_OUT: 'dx | FULL: x | EMPTY: x
# UVM_INFO fifo_outmonitor.sv(44) @ 199250: uvm_test_top.env.out_agent.mon [uvm_test_top.env.out_agent.mon] READ TX Captured:
# WR_CS: x | WR_EN: x | RD_CS: 1 | RD_EN: 1 | D_IN: 'dx | D_OUT: 'd64 | FULL: x | EMPTY: 0
# UVM_INFO fifo_scoreboard.sv(44) @ 199250: uvm_test_top.env.scb [SCBD_PASS] PASS! Expected: 'd64 | Actual: 'd64
# UVM_INFO fifo_driver.sv(44) @ 199350: uvm_test_top.env.in_agent.drv [DRV] WR_CS: 1 | WR_EN: 0 | RD_CS: 1 | RD_EN: 1 | D_IN: 'd129 | D_OUT: 'dx | FULL: x | EMPTY: x
# UVM_INFO fifo_outmonitor.sv(44) @ 199450: uvm_test_top.env.out_agent.mon [uvm_test_top.env.out_agent.mon] READ TX Captured:
# WR_CS: x | WR_EN: x | RD_CS: 1 | RD_EN: 1 | D_IN: 'dx | D_OUT: 'd9 | FULL: x | EMPTY: 0
# UVM_INFO fifo_scoreboard.sv(44) @ 199450: uvm_test_top.env.scb [SCBD_PASS] PASS! Expected: 'd9 | Actual: 'd9
# UVM_INFO fifo_driver.sv(44) @ 199550: uvm_test_top.env.in_agent.drv [DRV] WR_CS: 1 | WR_EN: 1 | RD_CS: 1 | RD_EN: 0 | D_IN: 'd189 | D_OUT: 'dx | FULL: x | EMPTY: x
# UVM_INFO fifo_inmonitor.sv(34) @ 199550: uvm_test_top.env.in_agent.mon [uvm_test_top.env.in_agent.mon] WRITE TX Captured:
# WR_CS: 1 | WR_EN: 1 | RD_CS: x | RD_EN: x | D_IN: 'd189 | D_OUT: 'dx | FULL: 0 | EMPTY: x
# UVM_INFO fifo_scoreboard.sv(29) @ 199550: uvm_test_top.env.scb [SCBD_WRITE] Stored Data: 'd189 | Queue Size: 42
# UVM_INFO fifo_driver.sv(44) @ 199750: uvm_test_top.env.in_agent.drv [DRV] WR_CS: 1 | WR_EN: 1 | RD_CS: 1 | RD_EN: 0 | D_IN: 'd215 | D_OUT: 'dx | FULL: x | EMPTY: x
# UVM_INFO fifo_inmonitor.sv(34) @ 199750: uvm_test_top.env.in_agent.mon [uvm_test_top.env.in_agent.mon] WRITE TX Captured:
# WR_CS: 1 | WR_EN: 1 | RD_CS: x | RD_EN: x | D_IN: 'd215 | D_OUT: 'dx | FULL: 0 | EMPTY: x
# UVM_INFO fifo_scoreboard.sv(29) @ 199750: uvm_test_top.env.scb [SCBD_WRITE] Stored Data: 'd215 | Queue Size: 43
# UVM_INFO fifo_driver.sv(44) @ 199950: uvm_test_top.env.in_agent.drv [DRV] WR_CS: 1 | WR_EN: 0 | RD_CS: 1 | RD_EN: 1 | D_IN: 'd112 | D_OUT: 'dx | FULL: x | EMPTY: x
# UVM_INFO fifo_outmonitor.sv(44) @ 200050: uvm_test_top.env.out_agent.mon [uvm_test_top.env.out_agent.mon] READ TX Captured:
# WR_CS: x | WR_EN: x | RD_CS: 1 | RD_EN: 1 | D_IN: 'dx | D_OUT: 'd151 | FULL: x | EMPTY: 0
# UVM_INFO fifo_scoreboard.sv(44) @ 200050: uvm_test_top.env.scb [SCBD_PASS] PASS! Expected: 'd151 | Actual: 'd151
# UVM_INFO fifo_driver.sv(44) @ 200150: uvm_test_top.env.in_agent.drv [DRV] WR_CS: 1 | WR_EN: 1 | RD_CS: 1 | RD_EN: 0 | D_IN: 'd176 | D_OUT: 'dx | FULL: x | EMPTY: x
# UVM_INFO fifo_inmonitor.sv(34) @ 200150: uvm_test_top.env.in_agent.mon [uvm_test_top.env.in_agent.mon] WRITE TX Captured:
# WR_CS: 1 | WR_EN: 1 | RD_CS: x | RD_EN: x | D_IN: 'd176 | D_OUT: 'dx | FULL: 0 | EMPTY: x
# UVM_INFO fifo_scoreboard.sv(29) @ 200150: uvm_test_top.env.scb [SCBD_WRITE] Stored Data: 'd176 | Queue Size: 43
# UVM_INFO fifo_driver.sv(44) @ 200350: uvm_test_top.env.in_agent.drv [DRV] WR_CS: 1 | WR_EN: 0 | RD_CS: 1 | RD_EN: 1 | D_IN: 'd184 | D_OUT: 'dx | FULL: x | EMPTY: x
# UVM_INFO fifo_outmonitor.sv(44) @ 200450: uvm_test_top.env.out_agent.mon [uvm_test_top.env.out_agent.mon] READ TX Captured:
# WR_CS: x | WR_EN: x | RD_CS: 1 | RD_EN: 1 | D_IN: 'dx | D_OUT: 'd151 | FULL: x | EMPTY: 0
# UVM_INFO fifo_scoreboard.sv(44) @ 200450: uvm_test_top.env.scb [SCBD_PASS] PASS! Expected: 'd151 | Actual: 'd151
# UVM_INFO fifo_driver.sv(44) @ 200550: uvm_test_top.env.in_agent.drv [DRV] WR_CS: 1 | WR_EN: 1 | RD_CS: 1 | RD_EN: 0 | D_IN: 'd221 | D_OUT: 'dx | FULL: x | EMPTY: x
# UVM_INFO fifo_inmonitor.sv(34) @ 200550: uvm_test_top.env.in_agent.mon [uvm_test_top.env.in_agent.mon] WRITE TX Captured:
# WR_CS: 1 | WR_EN: 1 | RD_CS: x | RD_EN: x | D_IN: 'd221 | D_OUT: 'dx | FULL: 0 | EMPTY: x
# UVM_INFO fifo_scoreboard.sv(29) @ 200550: uvm_test_top.env.scb [SCBD_WRITE] Stored Data: 'd221 | Queue Size: 43
# UVM_INFO fifo_driver.sv(44) @ 200750: uvm_test_top.env.in_agent.drv [DRV] WR_CS: 1 | WR_EN: 1 | RD_CS: 1 | RD_EN: 0 | D_IN: 'd118 | D_OUT: 'dx | FULL: x | EMPTY: x
# UVM_INFO fifo_inmonitor.sv(34) @ 200750: uvm_test_top.env.in_agent.mon [uvm_test_top.env.in_agent.mon] WRITE TX Captured:
# WR_CS: 1 | WR_EN: 1 | RD_CS: x | RD_EN: x | D_IN: 'd118 | D_OUT: 'dx | FULL: 0 | EMPTY: x
# UVM_INFO fifo_scoreboard.sv(29) @ 200750: uvm_test_top.env.scb [SCBD_WRITE] Stored Data: 'd118 | Queue Size: 44
# UVM_INFO fifo_driver.sv(44) @ 200950: uvm_test_top.env.in_agent.drv [DRV] WR_CS: 1 | WR_EN: 1 | RD_CS: 1 | RD_EN: 0 | D_IN: 'd63 | D_OUT: 'dx | FULL: x | EMPTY: x
# UVM_INFO fifo_inmonitor.sv(34) @ 200950: uvm_test_top.env.in_agent.mon [uvm_test_top.env.in_agent.mon] WRITE TX Captured:
# WR_CS: 1 | WR_EN: 1 | RD_CS: x | RD_EN: x | D_IN: 'd63 | D_OUT: 'dx | FULL: 0 | EMPTY: x
# UVM_INFO fifo_scoreboard.sv(29) @ 200950: uvm_test_top.env.scb [SCBD_WRITE] Stored Data: 'd63 | Queue Size: 45
# UVM_INFO fifo_driver.sv(44) @ 201150: uvm_test_top.env.in_agent.drv [DRV] WR_CS: 1 | WR_EN: 0 | RD_CS: 1 | RD_EN: 1 | D_IN: 'd44 | D_OUT: 'dx | FULL: x | EMPTY: x
# UVM_INFO fifo_outmonitor.sv(44) @ 201250: uvm_test_top.env.out_agent.mon [uvm_test_top.env.out_agent.mon] READ TX Captured:
# WR_CS: x | WR_EN: x | RD_CS: 1 | RD_EN: 1 | D_IN: 'dx | D_OUT: 'd179 | FULL: x | EMPTY: 0
# UVM_INFO fifo_scoreboard.sv(44) @ 201250: uvm_test_top.env.scb [SCBD_PASS] PASS! Expected: 'd179 | Actual: 'd179
# UVM_INFO fifo_driver.sv(44) @ 201350: uvm_test_top.env.in_agent.drv [DRV] WR_CS: 1 | WR_EN: 0 | RD_CS: 1 | RD_EN: 1 | D_IN: 'd192 | D_OUT: 'dx | FULL: x | EMPTY: x
# UVM_INFO fifo_outmonitor.sv(44) @ 201450: uvm_test_top.env.out_agent.mon [uvm_test_top.env.out_agent.mon] READ TX Captured:
# WR_CS: x | WR_EN: x | RD_CS: 1 | RD_EN: 1 | D_IN: 'dx | D_OUT: 'd187 | FULL: x | EMPTY: 0
# UVM_INFO fifo_scoreboard.sv(44) @ 201450: uvm_test_top.env.scb [SCBD_PASS] PASS! Expected: 'd187 | Actual: 'd187
# UVM_INFO fifo_driver.sv(44) @ 201550: uvm_test_top.env.in_agent.drv [DRV] WR_CS: 1 | WR_EN: 1 | RD_CS: 1 | RD_EN: 0 | D_IN: 'd191 | D_OUT: 'dx | FULL: x | EMPTY: x
# UVM_INFO fifo_inmonitor.sv(34) @ 201550: uvm_test_top.env.in_agent.mon [uvm_test_top.env.in_agent.mon] WRITE TX Captured:
# WR_CS: 1 | WR_EN: 1 | RD_CS: x | RD_EN: x | D_IN: 'd191 | D_OUT: 'dx | FULL: 0 | EMPTY: x
# UVM_INFO fifo_scoreboard.sv(29) @ 201550: uvm_test_top.env.scb [SCBD_WRITE] Stored Data: 'd191 | Queue Size: 44
# UVM_INFO fifo_driver.sv(44) @ 201750: uvm_test_top.env.in_agent.drv [DRV] WR_CS: 1 | WR_EN: 1 | RD_CS: 1 | RD_EN: 0 | D_IN: 'd78 | D_OUT: 'dx | FULL: x | EMPTY: x
# UVM_INFO fifo_inmonitor.sv(34) @ 201750: uvm_test_top.env.in_agent.mon [uvm_test_top.env.in_agent.mon] WRITE TX Captured:
# WR_CS: 1 | WR_EN: 1 | RD_CS: x | RD_EN: x | D_IN: 'd78 | D_OUT: 'dx | FULL: 0 | EMPTY: x
# UVM_INFO fifo_scoreboard.sv(29) @ 201750: uvm_test_top.env.scb [SCBD_WRITE] Stored Data: 'd78 | Queue Size: 45
# UVM_INFO fifo_driver.sv(44) @ 201950: uvm_test_top.env.in_agent.drv [DRV] WR_CS: 1 | WR_EN: 0 | RD_CS: 1 | RD_EN: 1 | D_IN: 'd83 | D_OUT: 'dx | FULL: x | EMPTY: x
# UVM_INFO fifo_outmonitor.sv(44) @ 202050: uvm_test_top.env.out_agent.mon [uvm_test_top.env.out_agent.mon] READ TX Captured:
# WR_CS: x | WR_EN: x | RD_CS: 1 | RD_EN: 1 | D_IN: 'dx | D_OUT: 'd143 | FULL: x | EMPTY: 0
# UVM_INFO fifo_scoreboard.sv(44) @ 202050: uvm_test_top.env.scb [SCBD_PASS] PASS! Expected: 'd143 | Actual: 'd143
# UVM_INFO fifo_driver.sv(44) @ 202150: uvm_test_top.env.in_agent.drv [DRV] WR_CS: 1 | WR_EN: 1 | RD_CS: 1 | RD_EN: 0 | D_IN: 'd103 | D_OUT: 'dx | FULL: x | EMPTY: x
# UVM_INFO fifo_inmonitor.sv(34) @ 202150: uvm_test_top.env.in_agent.mon [uvm_test_top.env.in_agent.mon] WRITE TX Captured:
# WR_CS: 1 | WR_EN: 1 | RD_CS: x | RD_EN: x | D_IN: 'd103 | D_OUT: 'dx | FULL: 0 | EMPTY: x
# UVM_INFO fifo_scoreboard.sv(29) @ 202150: uvm_test_top.env.scb [SCBD_WRITE] Stored Data: 'd103 | Queue Size: 45
# UVM_INFO fifo_driver.sv(44) @ 202350: uvm_test_top.env.in_agent.drv [DRV] WR_CS: 1 | WR_EN: 1 | RD_CS: 1 | RD_EN: 0 | D_IN: 'd109 | D_OUT: 'dx | FULL: x | EMPTY: x
# UVM_INFO fifo_inmonitor.sv(34) @ 202350: uvm_test_top.env.in_agent.mon [uvm_test_top.env.in_agent.mon] WRITE TX Captured:
# WR_CS: 1 | WR_EN: 1 | RD_CS: x | RD_EN: x | D_IN: 'd109 | D_OUT: 'dx | FULL: 0 | EMPTY: x
# UVM_INFO fifo_scoreboard.sv(29) @ 202350: uvm_test_top.env.scb [SCBD_WRITE] Stored Data: 'd109 | Queue Size: 46
# UVM_INFO fifo_driver.sv(44) @ 202550: uvm_test_top.env.in_agent.drv [DRV] WR_CS: 1 | WR_EN: 1 | RD_CS: 1 | RD_EN: 0 | D_IN: 'd202 | D_OUT: 'dx | FULL: x | EMPTY: x
# UVM_INFO fifo_inmonitor.sv(34) @ 202550: uvm_test_top.env.in_agent.mon [uvm_test_top.env.in_agent.mon] WRITE TX Captured:
# WR_CS: 1 | WR_EN: 1 | RD_CS: x | RD_EN: x | D_IN: 'd202 | D_OUT: 'dx | FULL: 0 | EMPTY: x
# UVM_INFO fifo_scoreboard.sv(29) @ 202550: uvm_test_top.env.scb [SCBD_WRITE] Stored Data: 'd202 | Queue Size: 47
# UVM_INFO fifo_driver.sv(44) @ 202750: uvm_test_top.env.in_agent.drv [DRV] WR_CS: 1 | WR_EN: 1 | RD_CS: 1 | RD_EN: 0 | D_IN: 'd70 | D_OUT: 'dx | FULL: x | EMPTY: x
# UVM_INFO fifo_inmonitor.sv(34) @ 202750: uvm_test_top.env.in_agent.mon [uvm_test_top.env.in_agent.mon] WRITE TX Captured:
# WR_CS: 1 | WR_EN: 1 | RD_CS: x | RD_EN: x | D_IN: 'd70 | D_OUT: 'dx | FULL: 0 | EMPTY: x
# UVM_INFO fifo_scoreboard.sv(29) @ 202750: uvm_test_top.env.scb [SCBD_WRITE] Stored Data: 'd70 | Queue Size: 48
# UVM_INFO fifo_driver.sv(44) @ 202950: uvm_test_top.env.in_agent.drv [DRV] WR_CS: 1 | WR_EN: 1 | RD_CS: 1 | RD_EN: 0 | D_IN: 'd97 | D_OUT: 'dx | FULL: x | EMPTY: x
# UVM_INFO fifo_inmonitor.sv(34) @ 202950: uvm_test_top.env.in_agent.mon [uvm_test_top.env.in_agent.mon] WRITE TX Captured:
# WR_CS: 1 | WR_EN: 1 | RD_CS: x | RD_EN: x | D_IN: 'd97 | D_OUT: 'dx | FULL: 0 | EMPTY: x
# UVM_INFO fifo_scoreboard.sv(29) @ 202950: uvm_test_top.env.scb [SCBD_WRITE] Stored Data: 'd97 | Queue Size: 49
# UVM_INFO fifo_driver.sv(44) @ 203150: uvm_test_top.env.in_agent.drv [DRV] WR_CS: 1 | WR_EN: 1 | RD_CS: 1 | RD_EN: 0 | D_IN: 'd134 | D_OUT: 'dx | FULL: x | EMPTY: x
# UVM_INFO fifo_inmonitor.sv(34) @ 203150: uvm_test_top.env.in_agent.mon [uvm_test_top.env.in_agent.mon] WRITE TX Captured:
# WR_CS: 1 | WR_EN: 1 | RD_CS: x | RD_EN: x | D_IN: 'd134 | D_OUT: 'dx | FULL: 0 | EMPTY: x
# UVM_INFO fifo_scoreboard.sv(29) @ 203150: uvm_test_top.env.scb [SCBD_WRITE] Stored Data: 'd134 | Queue Size: 50
# UVM_INFO fifo_driver.sv(44) @ 203350: uvm_test_top.env.in_agent.drv [DRV] WR_CS: 1 | WR_EN: 1 | RD_CS: 1 | RD_EN: 0 | D_IN: 'd159 | D_OUT: 'dx | FULL: x | EMPTY: x
# UVM_INFO fifo_inmonitor.sv(34) @ 203350: uvm_test_top.env.in_agent.mon [uvm_test_top.env.in_agent.mon] WRITE TX Captured:
# WR_CS: 1 | WR_EN: 1 | RD_CS: x | RD_EN: x | D_IN: 'd159 | D_OUT: 'dx | FULL: 0 | EMPTY: x
# UVM_INFO fifo_scoreboard.sv(29) @ 203350: uvm_test_top.env.scb [SCBD_WRITE] Stored Data: 'd159 | Queue Size: 51
# UVM_INFO fifo_driver.sv(44) @ 203550: uvm_test_top.env.in_agent.drv [DRV] WR_CS: 1 | WR_EN: 0 | RD_CS: 1 | RD_EN: 1 | D_IN: 'd182 | D_OUT: 'dx | FULL: x | EMPTY: x
# UVM_INFO fifo_outmonitor.sv(44) @ 203650: uvm_test_top.env.out_agent.mon [uvm_test_top.env.out_agent.mon] READ TX Captured:
# WR_CS: x | WR_EN: x | RD_CS: 1 | RD_EN: 1 | D_IN: 'dx | D_OUT: 'd49 | FULL: x | EMPTY: 0
# UVM_INFO fifo_scoreboard.sv(44) @ 203650: uvm_test_top.env.scb [SCBD_PASS] PASS! Expected: 'd49 | Actual: 'd49
# UVM_INFO fifo_driver.sv(44) @ 203750: uvm_test_top.env.in_agent.drv [DRV] WR_CS: 1 | WR_EN: 1 | RD_CS: 1 | RD_EN: 0 | D_IN: 'd151 | D_OUT: 'dx | FULL: x | EMPTY: x
# UVM_INFO fifo_inmonitor.sv(34) @ 203750: uvm_test_top.env.in_agent.mon [uvm_test_top.env.in_agent.mon] WRITE TX Captured:
# WR_CS: 1 | WR_EN: 1 | RD_CS: x | RD_EN: x | D_IN: 'd151 | D_OUT: 'dx | FULL: 0 | EMPTY: x
# UVM_INFO fifo_scoreboard.sv(29) @ 203750: uvm_test_top.env.scb [SCBD_WRITE] Stored Data: 'd151 | Queue Size: 51
# UVM_INFO fifo_driver.sv(44) @ 203950: uvm_test_top.env.in_agent.drv [DRV] WR_CS: 1 | WR_EN: 0 | RD_CS: 1 | RD_EN: 1 | D_IN: 'd141 | D_OUT: 'dx | FULL: x | EMPTY: x
# UVM_INFO fifo_outmonitor.sv(44) @ 204050: uvm_test_top.env.out_agent.mon [uvm_test_top.env.out_agent.mon] READ TX Captured:
# WR_CS: x | WR_EN: x | RD_CS: 1 | RD_EN: 1 | D_IN: 'dx | D_OUT: 'd47 | FULL: x | EMPTY: 0
# UVM_INFO fifo_scoreboard.sv(44) @ 204050: uvm_test_top.env.scb [SCBD_PASS] PASS! Expected: 'd47 | Actual: 'd47
# UVM_INFO fifo_driver.sv(44) @ 204150: uvm_test_top.env.in_agent.drv [DRV] WR_CS: 1 | WR_EN: 1 | RD_CS: 1 | RD_EN: 0 | D_IN: 'd178 | D_OUT: 'dx | FULL: x | EMPTY: x
# UVM_INFO fifo_inmonitor.sv(34) @ 204150: uvm_test_top.env.in_agent.mon [uvm_test_top.env.in_agent.mon] WRITE TX Captured:
# WR_CS: 1 | WR_EN: 1 | RD_CS: x | RD_EN: x | D_IN: 'd178 | D_OUT: 'dx | FULL: 0 | EMPTY: x
# UVM_INFO fifo_scoreboard.sv(29) @ 204150: uvm_test_top.env.scb [SCBD_WRITE] Stored Data: 'd178 | Queue Size: 51
# UVM_INFO fifo_driver.sv(44) @ 204350: uvm_test_top.env.in_agent.drv [DRV] WR_CS: 1 | WR_EN: 0 | RD_CS: 1 | RD_EN: 1 | D_IN: 'd184 | D_OUT: 'dx | FULL: x | EMPTY: x
# UVM_INFO fifo_outmonitor.sv(44) @ 204450: uvm_test_top.env.out_agent.mon [uvm_test_top.env.out_agent.mon] READ TX Captured:
# WR_CS: x | WR_EN: x | RD_CS: 1 | RD_EN: 1 | D_IN: 'dx | D_OUT: 'd49 | FULL: x | EMPTY: 0
# UVM_INFO fifo_scoreboard.sv(44) @ 204450: uvm_test_top.env.scb [SCBD_PASS] PASS! Expected: 'd49 | Actual: 'd49
# UVM_INFO fifo_driver.sv(44) @ 204550: uvm_test_top.env.in_agent.drv [DRV] WR_CS: 1 | WR_EN: 0 | RD_CS: 1 | RD_EN: 1 | D_IN: 'd140 | D_OUT: 'dx | FULL: x | EMPTY: x
# UVM_INFO fifo_outmonitor.sv(44) @ 204650: uvm_test_top.env.out_agent.mon [uvm_test_top.env.out_agent.mon] READ TX Captured:
# WR_CS: x | WR_EN: x | RD_CS: 1 | RD_EN: 1 | D_IN: 'dx | D_OUT: 'd163 | FULL: x | EMPTY: 0
# UVM_INFO fifo_scoreboard.sv(44) @ 204650: uvm_test_top.env.scb [SCBD_PASS] PASS! Expected: 'd163 | Actual: 'd163
# UVM_INFO fifo_driver.sv(44) @ 204750: uvm_test_top.env.in_agent.drv [DRV] WR_CS: 1 | WR_EN: 1 | RD_CS: 1 | RD_EN: 0 | D_IN: 'd230 | D_OUT: 'dx | FULL: x | EMPTY: x
# UVM_INFO fifo_inmonitor.sv(34) @ 204750: uvm_test_top.env.in_agent.mon [uvm_test_top.env.in_agent.mon] WRITE TX Captured:
# WR_CS: 1 | WR_EN: 1 | RD_CS: x | RD_EN: x | D_IN: 'd230 | D_OUT: 'dx | FULL: 0 | EMPTY: x
# UVM_INFO fifo_scoreboard.sv(29) @ 204750: uvm_test_top.env.scb [SCBD_WRITE] Stored Data: 'd230 | Queue Size: 50
# UVM_INFO fifo_driver.sv(44) @ 204950: uvm_test_top.env.in_agent.drv [DRV] WR_CS: 1 | WR_EN: 0 | RD_CS: 1 | RD_EN: 1 | D_IN: 'd8 | D_OUT: 'dx | FULL: x | EMPTY: x
# UVM_INFO fifo_outmonitor.sv(44) @ 205050: uvm_test_top.env.out_agent.mon [uvm_test_top.env.out_agent.mon] READ TX Captured:
# WR_CS: x | WR_EN: x | RD_CS: 1 | RD_EN: 1 | D_IN: 'dx | D_OUT: 'd104 | FULL: x | EMPTY: 0
# UVM_INFO fifo_scoreboard.sv(44) @ 205050: uvm_test_top.env.scb [SCBD_PASS] PASS! Expected: 'd104 | Actual: 'd104
# UVM_INFO fifo_driver.sv(44) @ 205150: uvm_test_top.env.in_agent.drv [DRV] WR_CS: 1 | WR_EN: 1 | RD_CS: 1 | RD_EN: 0 | D_IN: 'd159 | D_OUT: 'dx | FULL: x | EMPTY: x
# UVM_INFO fifo_inmonitor.sv(34) @ 205150: uvm_test_top.env.in_agent.mon [uvm_test_top.env.in_agent.mon] WRITE TX Captured:
# WR_CS: 1 | WR_EN: 1 | RD_CS: x | RD_EN: x | D_IN: 'd159 | D_OUT: 'dx | FULL: 0 | EMPTY: x
# UVM_INFO fifo_scoreboard.sv(29) @ 205150: uvm_test_top.env.scb [SCBD_WRITE] Stored Data: 'd159 | Queue Size: 50
# UVM_INFO fifo_driver.sv(44) @ 205350: uvm_test_top.env.in_agent.drv [DRV] WR_CS: 1 | WR_EN: 0 | RD_CS: 1 | RD_EN: 1 | D_IN: 'd40 | D_OUT: 'dx | FULL: x | EMPTY: x
# UVM_INFO fifo_outmonitor.sv(44) @ 205450: uvm_test_top.env.out_agent.mon [uvm_test_top.env.out_agent.mon] READ TX Captured:
# WR_CS: x | WR_EN: x | RD_CS: 1 | RD_EN: 1 | D_IN: 'dx | D_OUT: 'd103 | FULL: x | EMPTY: 0
# UVM_INFO fifo_scoreboard.sv(44) @ 205450: uvm_test_top.env.scb [SCBD_PASS] PASS! Expected: 'd103 | Actual: 'd103
# UVM_INFO fifo_driver.sv(44) @ 205550: uvm_test_top.env.in_agent.drv [DRV] WR_CS: 1 | WR_EN: 0 | RD_CS: 1 | RD_EN: 1 | D_IN: 'd114 | D_OUT: 'dx | FULL: x | EMPTY: x
# UVM_INFO fifo_outmonitor.sv(44) @ 205650: uvm_test_top.env.out_agent.mon [uvm_test_top.env.out_agent.mon] READ TX Captured:
# WR_CS: x | WR_EN: x | RD_CS: 1 | RD_EN: 1 | D_IN: 'dx | D_OUT: 'd234 | FULL: x | EMPTY: 0
# UVM_INFO fifo_scoreboard.sv(44) @ 205650: uvm_test_top.env.scb [SCBD_PASS] PASS! Expected: 'd234 | Actual: 'd234
# UVM_INFO fifo_driver.sv(44) @ 205750: uvm_test_top.env.in_agent.drv [DRV] WR_CS: 1 | WR_EN: 0 | RD_CS: 1 | RD_EN: 1 | D_IN: 'd4 | D_OUT: 'dx | FULL: x | EMPTY: x
# UVM_INFO fifo_outmonitor.sv(44) @ 205850: uvm_test_top.env.out_agent.mon [uvm_test_top.env.out_agent.mon] READ TX Captured:
# WR_CS: x | WR_EN: x | RD_CS: 1 | RD_EN: 1 | D_IN: 'dx | D_OUT: 'd192 | FULL: x | EMPTY: 0
# UVM_INFO fifo_scoreboard.sv(44) @ 205850: uvm_test_top.env.scb [SCBD_PASS] PASS! Expected: 'd192 | Actual: 'd192
# UVM_INFO fifo_driver.sv(44) @ 205950: uvm_test_top.env.in_agent.drv [DRV] WR_CS: 1 | WR_EN: 1 | RD_CS: 1 | RD_EN: 0 | D_IN: 'd66 | D_OUT: 'dx | FULL: x | EMPTY: x
# UVM_INFO fifo_inmonitor.sv(34) @ 205950: uvm_test_top.env.in_agent.mon [uvm_test_top.env.in_agent.mon] WRITE TX Captured:
# WR_CS: 1 | WR_EN: 1 | RD_CS: x | RD_EN: x | D_IN: 'd66 | D_OUT: 'dx | FULL: 0 | EMPTY: x
# UVM_INFO fifo_scoreboard.sv(29) @ 205950: uvm_test_top.env.scb [SCBD_WRITE] Stored Data: 'd66 | Queue Size: 48
# UVM_INFO fifo_driver.sv(44) @ 206150: uvm_test_top.env.in_agent.drv [DRV] WR_CS: 1 | WR_EN: 0 | RD_CS: 1 | RD_EN: 1 | D_IN: 'd138 | D_OUT: 'dx | FULL: x | EMPTY: x
# UVM_INFO fifo_outmonitor.sv(44) @ 206250: uvm_test_top.env.out_agent.mon [uvm_test_top.env.out_agent.mon] READ TX Captured:
# WR_CS: x | WR_EN: x | RD_CS: 1 | RD_EN: 1 | D_IN: 'dx | D_OUT: 'd25 | FULL: x | EMPTY: 0
# UVM_INFO fifo_scoreboard.sv(44) @ 206250: uvm_test_top.env.scb [SCBD_PASS] PASS! Expected: 'd25 | Actual: 'd25
# UVM_INFO fifo_driver.sv(44) @ 206350: uvm_test_top.env.in_agent.drv [DRV] WR_CS: 1 | WR_EN: 0 | RD_CS: 1 | RD_EN: 1 | D_IN: 'd194 | D_OUT: 'dx | FULL: x | EMPTY: x
# UVM_INFO fifo_outmonitor.sv(44) @ 206450: uvm_test_top.env.out_agent.mon [uvm_test_top.env.out_agent.mon] READ TX Captured:
# WR_CS: x | WR_EN: x | RD_CS: 1 | RD_EN: 1 | D_IN: 'dx | D_OUT: 'd225 | FULL: x | EMPTY: 0
# UVM_INFO fifo_scoreboard.sv(44) @ 206450: uvm_test_top.env.scb [SCBD_PASS] PASS! Expected: 'd225 | Actual: 'd225
# UVM_INFO fifo_driver.sv(44) @ 206550: uvm_test_top.env.in_agent.drv [DRV] WR_CS: 1 | WR_EN: 0 | RD_CS: 1 | RD_EN: 1 | D_IN: 'd95 | D_OUT: 'dx | FULL: x | EMPTY: x
# UVM_INFO fifo_outmonitor.sv(44) @ 206650: uvm_test_top.env.out_agent.mon [uvm_test_top.env.out_agent.mon] READ TX Captured:
# WR_CS: x | WR_EN: x | RD_CS: 1 | RD_EN: 1 | D_IN: 'dx | D_OUT: 'd72 | FULL: x | EMPTY: 0
# UVM_INFO fifo_scoreboard.sv(44) @ 206650: uvm_test_top.env.scb [SCBD_PASS] PASS! Expected: 'd72 | Actual: 'd72
# UVM_INFO fifo_driver.sv(44) @ 206750: uvm_test_top.env.in_agent.drv [DRV] WR_CS: 1 | WR_EN: 1 | RD_CS: 1 | RD_EN: 0 | D_IN: 'd177 | D_OUT: 'dx | FULL: x | EMPTY: x
# UVM_INFO fifo_inmonitor.sv(34) @ 206750: uvm_test_top.env.in_agent.mon [uvm_test_top.env.in_agent.mon] WRITE TX Captured:
# WR_CS: 1 | WR_EN: 1 | RD_CS: x | RD_EN: x | D_IN: 'd177 | D_OUT: 'dx | FULL: 0 | EMPTY: x
# UVM_INFO fifo_scoreboard.sv(29) @ 206750: uvm_test_top.env.scb [SCBD_WRITE] Stored Data: 'd177 | Queue Size: 46
# UVM_INFO fifo_driver.sv(44) @ 206950: uvm_test_top.env.in_agent.drv [DRV] WR_CS: 1 | WR_EN: 1 | RD_CS: 1 | RD_EN: 0 | D_IN: 'd179 | D_OUT: 'dx | FULL: x | EMPTY: x
# UVM_INFO fifo_inmonitor.sv(34) @ 206950: uvm_test_top.env.in_agent.mon [uvm_test_top.env.in_agent.mon] WRITE TX Captured:
# WR_CS: 1 | WR_EN: 1 | RD_CS: x | RD_EN: x | D_IN: 'd179 | D_OUT: 'dx | FULL: 0 | EMPTY: x
# UVM_INFO fifo_scoreboard.sv(29) @ 206950: uvm_test_top.env.scb [SCBD_WRITE] Stored Data: 'd179 | Queue Size: 47
# UVM_INFO fifo_driver.sv(44) @ 207150: uvm_test_top.env.in_agent.drv [DRV] WR_CS: 1 | WR_EN: 0 | RD_CS: 1 | RD_EN: 1 | D_IN: 'd55 | D_OUT: 'dx | FULL: x | EMPTY: x
# UVM_INFO fifo_outmonitor.sv(44) @ 207250: uvm_test_top.env.out_agent.mon [uvm_test_top.env.out_agent.mon] READ TX Captured:
# WR_CS: x | WR_EN: x | RD_CS: 1 | RD_EN: 1 | D_IN: 'dx | D_OUT: 'd220 | FULL: x | EMPTY: 0
# UVM_INFO fifo_scoreboard.sv(44) @ 207250: uvm_test_top.env.scb [SCBD_PASS] PASS! Expected: 'd220 | Actual: 'd220
# UVM_INFO fifo_driver.sv(44) @ 207350: uvm_test_top.env.in_agent.drv [DRV] WR_CS: 1 | WR_EN: 0 | RD_CS: 1 | RD_EN: 1 | D_IN: 'd61 | D_OUT: 'dx | FULL: x | EMPTY: x
# UVM_INFO fifo_outmonitor.sv(44) @ 207450: uvm_test_top.env.out_agent.mon [uvm_test_top.env.out_agent.mon] READ TX Captured:
# WR_CS: x | WR_EN: x | RD_CS: 1 | RD_EN: 1 | D_IN: 'dx | D_OUT: 'd226 | FULL: x | EMPTY: 0
# UVM_INFO fifo_scoreboard.sv(44) @ 207450: uvm_test_top.env.scb [SCBD_PASS] PASS! Expected: 'd226 | Actual: 'd226
# UVM_INFO fifo_driver.sv(44) @ 207550: uvm_test_top.env.in_agent.drv [DRV] WR_CS: 1 | WR_EN: 1 | RD_CS: 1 | RD_EN: 0 | D_IN: 'd208 | D_OUT: 'dx | FULL: x | EMPTY: x
# UVM_INFO fifo_inmonitor.sv(34) @ 207550: uvm_test_top.env.in_agent.mon [uvm_test_top.env.in_agent.mon] WRITE TX Captured:
# WR_CS: 1 | WR_EN: 1 | RD_CS: x | RD_EN: x | D_IN: 'd208 | D_OUT: 'dx | FULL: 0 | EMPTY: x
# UVM_INFO fifo_scoreboard.sv(29) @ 207550: uvm_test_top.env.scb [SCBD_WRITE] Stored Data: 'd208 | Queue Size: 46
# UVM_INFO fifo_driver.sv(44) @ 207750: uvm_test_top.env.in_agent.drv [DRV] WR_CS: 1 | WR_EN: 1 | RD_CS: 1 | RD_EN: 0 | D_IN: 'd108 | D_OUT: 'dx | FULL: x | EMPTY: x
# UVM_INFO fifo_inmonitor.sv(34) @ 207750: uvm_test_top.env.in_agent.mon [uvm_test_top.env.in_agent.mon] WRITE TX Captured:
# WR_CS: 1 | WR_EN: 1 | RD_CS: x | RD_EN: x | D_IN: 'd108 | D_OUT: 'dx | FULL: 0 | EMPTY: x
# UVM_INFO fifo_scoreboard.sv(29) @ 207750: uvm_test_top.env.scb [SCBD_WRITE] Stored Data: 'd108 | Queue Size: 47
# UVM_INFO fifo_driver.sv(44) @ 207950: uvm_test_top.env.in_agent.drv [DRV] WR_CS: 1 | WR_EN: 0 | RD_CS: 1 | RD_EN: 1 | D_IN: 'd60 | D_OUT: 'dx | FULL: x | EMPTY: x
# UVM_INFO fifo_outmonitor.sv(44) @ 208050: uvm_test_top.env.out_agent.mon [uvm_test_top.env.out_agent.mon] READ TX Captured:
# WR_CS: x | WR_EN: x | RD_CS: 1 | RD_EN: 1 | D_IN: 'dx | D_OUT: 'd135 | FULL: x | EMPTY: 0
# UVM_INFO fifo_scoreboard.sv(44) @ 208050: uvm_test_top.env.scb [SCBD_PASS] PASS! Expected: 'd135 | Actual: 'd135
# UVM_INFO fifo_driver.sv(44) @ 208150: uvm_test_top.env.in_agent.drv [DRV] WR_CS: 1 | WR_EN: 1 | RD_CS: 1 | RD_EN: 0 | D_IN: 'd231 | D_OUT: 'dx | FULL: x | EMPTY: x
# UVM_INFO fifo_inmonitor.sv(34) @ 208150: uvm_test_top.env.in_agent.mon [uvm_test_top.env.in_agent.mon] WRITE TX Captured:
# WR_CS: 1 | WR_EN: 1 | RD_CS: x | RD_EN: x | D_IN: 'd231 | D_OUT: 'dx | FULL: 0 | EMPTY: x
# UVM_INFO fifo_scoreboard.sv(29) @ 208150: uvm_test_top.env.scb [SCBD_WRITE] Stored Data: 'd231 | Queue Size: 47
# UVM_INFO fifo_driver.sv(44) @ 208350: uvm_test_top.env.in_agent.drv [DRV] WR_CS: 1 | WR_EN: 0 | RD_CS: 1 | RD_EN: 1 | D_IN: 'd177 | D_OUT: 'dx | FULL: x | EMPTY: x
# UVM_INFO fifo_outmonitor.sv(44) @ 208450: uvm_test_top.env.out_agent.mon [uvm_test_top.env.out_agent.mon] READ TX Captured:
# WR_CS: x | WR_EN: x | RD_CS: 1 | RD_EN: 1 | D_IN: 'dx | D_OUT: 'd189 | FULL: x | EMPTY: 0
# UVM_INFO fifo_scoreboard.sv(44) @ 208450: uvm_test_top.env.scb [SCBD_PASS] PASS! Expected: 'd189 | Actual: 'd189
# UVM_INFO fifo_driver.sv(44) @ 208550: uvm_test_top.env.in_agent.drv [DRV] WR_CS: 1 | WR_EN: 1 | RD_CS: 1 | RD_EN: 0 | D_IN: 'd183 | D_OUT: 'dx | FULL: x | EMPTY: x
# UVM_INFO fifo_inmonitor.sv(34) @ 208550: uvm_test_top.env.in_agent.mon [uvm_test_top.env.in_agent.mon] WRITE TX Captured:
# WR_CS: 1 | WR_EN: 1 | RD_CS: x | RD_EN: x | D_IN: 'd183 | D_OUT: 'dx | FULL: 0 | EMPTY: x
# UVM_INFO fifo_scoreboard.sv(29) @ 208550: uvm_test_top.env.scb [SCBD_WRITE] Stored Data: 'd183 | Queue Size: 47
# UVM_INFO fifo_driver.sv(44) @ 208750: uvm_test_top.env.in_agent.drv [DRV] WR_CS: 1 | WR_EN: 0 | RD_CS: 1 | RD_EN: 1 | D_IN: 'd227 | D_OUT: 'dx | FULL: x | EMPTY: x
# UVM_INFO fifo_outmonitor.sv(44) @ 208850: uvm_test_top.env.out_agent.mon [uvm_test_top.env.out_agent.mon] READ TX Captured:
# WR_CS: x | WR_EN: x | RD_CS: 1 | RD_EN: 1 | D_IN: 'dx | D_OUT: 'd243 | FULL: x | EMPTY: 0
# UVM_INFO fifo_scoreboard.sv(44) @ 208850: uvm_test_top.env.scb [SCBD_PASS] PASS! Expected: 'd243 | Actual: 'd243
# UVM_INFO fifo_driver.sv(44) @ 208950: uvm_test_top.env.in_agent.drv [DRV] WR_CS: 1 | WR_EN: 0 | RD_CS: 1 | RD_EN: 1 | D_IN: 'd41 | D_OUT: 'dx | FULL: x | EMPTY: x
# UVM_INFO fifo_outmonitor.sv(44) @ 209050: uvm_test_top.env.out_agent.mon [uvm_test_top.env.out_agent.mon] READ TX Captured:
# WR_CS: x | WR_EN: x | RD_CS: 1 | RD_EN: 1 | D_IN: 'dx | D_OUT: 'd80 | FULL: x | EMPTY: 0
# UVM_INFO fifo_scoreboard.sv(44) @ 209050: uvm_test_top.env.scb [SCBD_PASS] PASS! Expected: 'd80 | Actual: 'd80
# UVM_INFO fifo_driver.sv(44) @ 209150: uvm_test_top.env.in_agent.drv [DRV] WR_CS: 1 | WR_EN: 1 | RD_CS: 1 | RD_EN: 0 | D_IN: 'd137 | D_OUT: 'dx | FULL: x | EMPTY: x
# UVM_INFO fifo_inmonitor.sv(34) @ 209150: uvm_test_top.env.in_agent.mon [uvm_test_top.env.in_agent.mon] WRITE TX Captured:
# WR_CS: 1 | WR_EN: 1 | RD_CS: x | RD_EN: x | D_IN: 'd137 | D_OUT: 'dx | FULL: 0 | EMPTY: x
# UVM_INFO fifo_scoreboard.sv(29) @ 209150: uvm_test_top.env.scb [SCBD_WRITE] Stored Data: 'd137 | Queue Size: 46
# UVM_INFO fifo_driver.sv(44) @ 209350: uvm_test_top.env.in_agent.drv [DRV] WR_CS: 1 | WR_EN: 1 | RD_CS: 1 | RD_EN: 0 | D_IN: 'd163 | D_OUT: 'dx | FULL: x | EMPTY: x
# UVM_INFO fifo_inmonitor.sv(34) @ 209350: uvm_test_top.env.in_agent.mon [uvm_test_top.env.in_agent.mon] WRITE TX Captured:
# WR_CS: 1 | WR_EN: 1 | RD_CS: x | RD_EN: x | D_IN: 'd163 | D_OUT: 'dx | FULL: 0 | EMPTY: x
# UVM_INFO fifo_scoreboard.sv(29) @ 209350: uvm_test_top.env.scb [SCBD_WRITE] Stored Data: 'd163 | Queue Size: 47
# UVM_INFO fifo_driver.sv(44) @ 209550: uvm_test_top.env.in_agent.drv [DRV] WR_CS: 1 | WR_EN: 1 | RD_CS: 1 | RD_EN: 0 | D_IN: 'd221 | D_OUT: 'dx | FULL: x | EMPTY: x
# UVM_INFO fifo_inmonitor.sv(34) @ 209550: uvm_test_top.env.in_agent.mon [uvm_test_top.env.in_agent.mon] WRITE TX Captured:
# WR_CS: 1 | WR_EN: 1 | RD_CS: x | RD_EN: x | D_IN: 'd221 | D_OUT: 'dx | FULL: 0 | EMPTY: x
# UVM_INFO fifo_scoreboard.sv(29) @ 209550: uvm_test_top.env.scb [SCBD_WRITE] Stored Data: 'd221 | Queue Size: 48
# UVM_INFO fifo_driver.sv(44) @ 209750: uvm_test_top.env.in_agent.drv [DRV] WR_CS: 1 | WR_EN: 1 | RD_CS: 1 | RD_EN: 0 | D_IN: 'd143 | D_OUT: 'dx | FULL: x | EMPTY: x
# UVM_INFO fifo_inmonitor.sv(34) @ 209750: uvm_test_top.env.in_agent.mon [uvm_test_top.env.in_agent.mon] WRITE TX Captured:
# WR_CS: 1 | WR_EN: 1 | RD_CS: x | RD_EN: x | D_IN: 'd143 | D_OUT: 'dx | FULL: 0 | EMPTY: x
# UVM_INFO fifo_scoreboard.sv(29) @ 209750: uvm_test_top.env.scb [SCBD_WRITE] Stored Data: 'd143 | Queue Size: 49
# UVM_INFO fifo_driver.sv(44) @ 209950: uvm_test_top.env.in_agent.drv [DRV] WR_CS: 1 | WR_EN: 0 | RD_CS: 1 | RD_EN: 1 | D_IN: 'd167 | D_OUT: 'dx | FULL: x | EMPTY: x
# UVM_INFO fifo_outmonitor.sv(44) @ 210050: uvm_test_top.env.out_agent.mon [uvm_test_top.env.out_agent.mon] READ TX Captured:
# WR_CS: x | WR_EN: x | RD_CS: 1 | RD_EN: 1 | D_IN: 'dx | D_OUT: 'd54 | FULL: x | EMPTY: 0
# UVM_INFO fifo_scoreboard.sv(44) @ 210050: uvm_test_top.env.scb [SCBD_PASS] PASS! Expected: 'd54 | Actual: 'd54
# UVM_INFO fifo_driver.sv(44) @ 210150: uvm_test_top.env.in_agent.drv [DRV] WR_CS: 1 | WR_EN: 0 | RD_CS: 1 | RD_EN: 1 | D_IN: 'd144 | D_OUT: 'dx | FULL: x | EMPTY: x
# UVM_INFO fifo_outmonitor.sv(44) @ 210250: uvm_test_top.env.out_agent.mon [uvm_test_top.env.out_agent.mon] READ TX Captured:
# WR_CS: x | WR_EN: x | RD_CS: 1 | RD_EN: 1 | D_IN: 'dx | D_OUT: 'd50 | FULL: x | EMPTY: 0
# UVM_INFO fifo_scoreboard.sv(44) @ 210250: uvm_test_top.env.scb [SCBD_PASS] PASS! Expected: 'd50 | Actual: 'd50
# UVM_INFO fifo_driver.sv(44) @ 210350: uvm_test_top.env.in_agent.drv [DRV] WR_CS: 1 | WR_EN: 0 | RD_CS: 1 | RD_EN: 1 | D_IN: 'd249 | D_OUT: 'dx | FULL: x | EMPTY: x
# UVM_INFO fifo_outmonitor.sv(44) @ 210450: uvm_test_top.env.out_agent.mon [uvm_test_top.env.out_agent.mon] READ TX Captured:
# WR_CS: x | WR_EN: x | RD_CS: 1 | RD_EN: 1 | D_IN: 'dx | D_OUT: 'd125 | FULL: x | EMPTY: 0
# UVM_INFO fifo_scoreboard.sv(44) @ 210450: uvm_test_top.env.scb [SCBD_PASS] PASS! Expected: 'd125 | Actual: 'd125
# UVM_INFO fifo_driver.sv(44) @ 210550: uvm_test_top.env.in_agent.drv [DRV] WR_CS: 1 | WR_EN: 1 | RD_CS: 1 | RD_EN: 0 | D_IN: 'd133 | D_OUT: 'dx | FULL: x | EMPTY: x
# UVM_INFO fifo_inmonitor.sv(34) @ 210550: uvm_test_top.env.in_agent.mon [uvm_test_top.env.in_agent.mon] WRITE TX Captured:
# WR_CS: 1 | WR_EN: 1 | RD_CS: x | RD_EN: x | D_IN: 'd133 | D_OUT: 'dx | FULL: 0 | EMPTY: x
# UVM_INFO fifo_scoreboard.sv(29) @ 210550: uvm_test_top.env.scb [SCBD_WRITE] Stored Data: 'd133 | Queue Size: 47
# UVM_INFO fifo_driver.sv(44) @ 210750: uvm_test_top.env.in_agent.drv [DRV] WR_CS: 1 | WR_EN: 1 | RD_CS: 1 | RD_EN: 0 | D_IN: 'd197 | D_OUT: 'dx | FULL: x | EMPTY: x
# UVM_INFO fifo_inmonitor.sv(34) @ 210750: uvm_test_top.env.in_agent.mon [uvm_test_top.env.in_agent.mon] WRITE TX Captured:
# WR_CS: 1 | WR_EN: 1 | RD_CS: x | RD_EN: x | D_IN: 'd197 | D_OUT: 'dx | FULL: 0 | EMPTY: x
# UVM_INFO fifo_scoreboard.sv(29) @ 210750: uvm_test_top.env.scb [SCBD_WRITE] Stored Data: 'd197 | Queue Size: 48
# UVM_INFO fifo_driver.sv(44) @ 210950: uvm_test_top.env.in_agent.drv [DRV] WR_CS: 1 | WR_EN: 1 | RD_CS: 1 | RD_EN: 0 | D_IN: 'd2 | D_OUT: 'dx | FULL: x | EMPTY: x
# UVM_INFO fifo_inmonitor.sv(34) @ 210950: uvm_test_top.env.in_agent.mon [uvm_test_top.env.in_agent.mon] WRITE TX Captured:
# WR_CS: 1 | WR_EN: 1 | RD_CS: x | RD_EN: x | D_IN: 'd2 | D_OUT: 'dx | FULL: 0 | EMPTY: x
# UVM_INFO fifo_scoreboard.sv(29) @ 210950: uvm_test_top.env.scb [SCBD_WRITE] Stored Data: 'd2 | Queue Size: 49
# UVM_INFO fifo_driver.sv(44) @ 211150: uvm_test_top.env.in_agent.drv [DRV] WR_CS: 1 | WR_EN: 0 | RD_CS: 1 | RD_EN: 1 | D_IN: 'd119 | D_OUT: 'dx | FULL: x | EMPTY: x
# UVM_INFO fifo_outmonitor.sv(44) @ 211250: uvm_test_top.env.out_agent.mon [uvm_test_top.env.out_agent.mon] READ TX Captured:
# WR_CS: x | WR_EN: x | RD_CS: 1 | RD_EN: 1 | D_IN: 'dx | D_OUT: 'd75 | FULL: x | EMPTY: 0
# UVM_INFO fifo_scoreboard.sv(44) @ 211250: uvm_test_top.env.scb [SCBD_PASS] PASS! Expected: 'd75 | Actual: 'd75
# UVM_INFO fifo_driver.sv(44) @ 211350: uvm_test_top.env.in_agent.drv [DRV] WR_CS: 1 | WR_EN: 0 | RD_CS: 1 | RD_EN: 1 | D_IN: 'd165 | D_OUT: 'dx | FULL: x | EMPTY: x
# UVM_INFO fifo_outmonitor.sv(44) @ 211450: uvm_test_top.env.out_agent.mon [uvm_test_top.env.out_agent.mon] READ TX Captured:
# WR_CS: x | WR_EN: x | RD_CS: 1 | RD_EN: 1 | D_IN: 'dx | D_OUT: 'd82 | FULL: x | EMPTY: 0
# UVM_INFO fifo_scoreboard.sv(44) @ 211450: uvm_test_top.env.scb [SCBD_PASS] PASS! Expected: 'd82 | Actual: 'd82
# UVM_INFO fifo_driver.sv(44) @ 211550: uvm_test_top.env.in_agent.drv [DRV] WR_CS: 1 | WR_EN: 0 | RD_CS: 1 | RD_EN: 1 | D_IN: 'd185 | D_OUT: 'dx | FULL: x | EMPTY: x
# UVM_INFO fifo_outmonitor.sv(44) @ 211650: uvm_test_top.env.out_agent.mon [uvm_test_top.env.out_agent.mon] READ TX Captured:
# WR_CS: x | WR_EN: x | RD_CS: 1 | RD_EN: 1 | D_IN: 'dx | D_OUT: 'd195 | FULL: x | EMPTY: 0
# UVM_INFO fifo_scoreboard.sv(44) @ 211650: uvm_test_top.env.scb [SCBD_PASS] PASS! Expected: 'd195 | Actual: 'd195
# UVM_INFO fifo_driver.sv(44) @ 211750: uvm_test_top.env.in_agent.drv [DRV] WR_CS: 1 | WR_EN: 0 | RD_CS: 1 | RD_EN: 1 | D_IN: 'd209 | D_OUT: 'dx | FULL: x | EMPTY: x
# UVM_INFO fifo_outmonitor.sv(44) @ 211850: uvm_test_top.env.out_agent.mon [uvm_test_top.env.out_agent.mon] READ TX Captured:
# WR_CS: x | WR_EN: x | RD_CS: 1 | RD_EN: 1 | D_IN: 'dx | D_OUT: 'd166 | FULL: x | EMPTY: 0
# UVM_INFO fifo_scoreboard.sv(44) @ 211850: uvm_test_top.env.scb [SCBD_PASS] PASS! Expected: 'd166 | Actual: 'd166
# UVM_INFO fifo_driver.sv(44) @ 211950: uvm_test_top.env.in_agent.drv [DRV] WR_CS: 1 | WR_EN: 1 | RD_CS: 1 | RD_EN: 0 | D_IN: 'd193 | D_OUT: 'dx | FULL: x | EMPTY: x
# UVM_INFO fifo_inmonitor.sv(34) @ 211950: uvm_test_top.env.in_agent.mon [uvm_test_top.env.in_agent.mon] WRITE TX Captured:
# WR_CS: 1 | WR_EN: 1 | RD_CS: x | RD_EN: x | D_IN: 'd193 | D_OUT: 'dx | FULL: 0 | EMPTY: x
# UVM_INFO fifo_scoreboard.sv(29) @ 211950: uvm_test_top.env.scb [SCBD_WRITE] Stored Data: 'd193 | Queue Size: 46
# UVM_INFO fifo_driver.sv(44) @ 212150: uvm_test_top.env.in_agent.drv [DRV] WR_CS: 1 | WR_EN: 1 | RD_CS: 1 | RD_EN: 0 | D_IN: 'd72 | D_OUT: 'dx | FULL: x | EMPTY: x
# UVM_INFO fifo_inmonitor.sv(34) @ 212150: uvm_test_top.env.in_agent.mon [uvm_test_top.env.in_agent.mon] WRITE TX Captured:
# WR_CS: 1 | WR_EN: 1 | RD_CS: x | RD_EN: x | D_IN: 'd72 | D_OUT: 'dx | FULL: 0 | EMPTY: x
# UVM_INFO fifo_scoreboard.sv(29) @ 212150: uvm_test_top.env.scb [SCBD_WRITE] Stored Data: 'd72 | Queue Size: 47
# UVM_INFO fifo_driver.sv(44) @ 212350: uvm_test_top.env.in_agent.drv [DRV] WR_CS: 1 | WR_EN: 0 | RD_CS: 1 | RD_EN: 1 | D_IN: 'd249 | D_OUT: 'dx | FULL: x | EMPTY: x
# UVM_INFO fifo_outmonitor.sv(44) @ 212450: uvm_test_top.env.out_agent.mon [uvm_test_top.env.out_agent.mon] READ TX Captured:
# WR_CS: x | WR_EN: x | RD_CS: 1 | RD_EN: 1 | D_IN: 'dx | D_OUT: 'd119 | FULL: x | EMPTY: 0
# UVM_INFO fifo_scoreboard.sv(44) @ 212450: uvm_test_top.env.scb [SCBD_PASS] PASS! Expected: 'd119 | Actual: 'd119
# UVM_INFO fifo_driver.sv(44) @ 212550: uvm_test_top.env.in_agent.drv [DRV] WR_CS: 1 | WR_EN: 0 | RD_CS: 1 | RD_EN: 1 | D_IN: 'd127 | D_OUT: 'dx | FULL: x | EMPTY: x
# UVM_INFO fifo_outmonitor.sv(44) @ 212650: uvm_test_top.env.out_agent.mon [uvm_test_top.env.out_agent.mon] READ TX Captured:
# WR_CS: x | WR_EN: x | RD_CS: 1 | RD_EN: 1 | D_IN: 'dx | D_OUT: 'd240 | FULL: x | EMPTY: 0
# UVM_INFO fifo_scoreboard.sv(44) @ 212650: uvm_test_top.env.scb [SCBD_PASS] PASS! Expected: 'd240 | Actual: 'd240
# UVM_INFO fifo_driver.sv(44) @ 212750: uvm_test_top.env.in_agent.drv [DRV] WR_CS: 1 | WR_EN: 0 | RD_CS: 1 | RD_EN: 1 | D_IN: 'd247 | D_OUT: 'dx | FULL: x | EMPTY: x
# UVM_INFO fifo_outmonitor.sv(44) @ 212850: uvm_test_top.env.out_agent.mon [uvm_test_top.env.out_agent.mon] READ TX Captured:
# WR_CS: x | WR_EN: x | RD_CS: 1 | RD_EN: 1 | D_IN: 'dx | D_OUT: 'd98 | FULL: x | EMPTY: 0
# UVM_INFO fifo_scoreboard.sv(44) @ 212850: uvm_test_top.env.scb [SCBD_PASS] PASS! Expected: 'd98 | Actual: 'd98
# UVM_INFO fifo_driver.sv(44) @ 212950: uvm_test_top.env.in_agent.drv [DRV] WR_CS: 1 | WR_EN: 1 | RD_CS: 1 | RD_EN: 0 | D_IN: 'd213 | D_OUT: 'dx | FULL: x | EMPTY: x
# UVM_INFO fifo_inmonitor.sv(34) @ 212950: uvm_test_top.env.in_agent.mon [uvm_test_top.env.in_agent.mon] WRITE TX Captured:
# WR_CS: 1 | WR_EN: 1 | RD_CS: x | RD_EN: x | D_IN: 'd213 | D_OUT: 'dx | FULL: 0 | EMPTY: x
# UVM_INFO fifo_scoreboard.sv(29) @ 212950: uvm_test_top.env.scb [SCBD_WRITE] Stored Data: 'd213 | Queue Size: 45
# UVM_INFO fifo_regression_test.sv(44) @ 212950: uvm_test_top [REG_TEST] ==================================================
# UVM_INFO fifo_regression_test.sv(45) @ 212950: uvm_test_top [REG_TEST] ALU REGRESSION SUITE COMPLETED SUCCESSFULLY
# UVM_INFO fifo_regression_test.sv(46) @ 212950: uvm_test_top [REG_TEST] ==================================================
# UVM_INFO verilog_src/uvm-1.1d/src/base/uvm_objection.svh(1268) @ 213050: reporter [TEST_DONE] 'run' phase is ready to proceed to the 'extract' phase
# UVM_INFO fifo_scoreboard.sv(61) @ 213050: uvm_test_top.env.scb [SCBD_REPORT] -----------------------------------------
# UVM_INFO fifo_scoreboard.sv(62) @ 213050: uvm_test_top.env.scb [SCBD_REPORT]  Total Matches    : 495
# UVM_INFO fifo_scoreboard.sv(63) @ 213050: uvm_test_top.env.scb [SCBD_REPORT]  Total Mismatches : 1
# UVM_INFO fifo_scoreboard.sv(64) @ 213050: uvm_test_top.env.scb [SCBD_REPORT]  Data Left in FIFO: 45
# UVM_INFO fifo_scoreboard.sv(65) @ 213050: uvm_test_top.env.scb [SCBD_REPORT] -----------------------------------------
# UVM_INFO fifo_subscriber.sv(38) @ 213050: uvm_test_top.env.sub [SUBSCRIBER] Functional Coverage = 17.86%
# 
# --- UVM Report Summary ---
# 
# ** Report counts by severity
# UVM_INFO : 3172
# UVM_WARNING :    0
# UVM_ERROR :    1
# UVM_FATAL :    0
# ** Report counts by id
# [BASE_TEST]     1
# [DRV]  1065
# [Questa UVM]     3
# [REG_TEST]    10
# [RNTST]     1
# [SCBD_MISMATCH]     1
# [SCBD_OVERFLOW_DROP]     5
# [SCBD_PASS]   495
# [SCBD_REPORT]     5
# [SCBD_WRITE]   541
# [SUBSCRIBER]     1
# [TB_TOP]     1
# [TEST_DONE]     1
# [UVMTOP]     1
# [uvm_test_top.env.in_agent.mon]   546
# [uvm_test_top.env.out_agent.mon]   496
# ** Note: $finish    : /tools/mentor/questasim_10.6c/questasim/linux/../verilog_src/uvm-1.1d/src/base/uvm_root.svh(430)
#    Time: 21305 ns  Iteration: 53  Instance: /top
# Saving coverage database on exit...
# End time: 11:02:44 on Aug 11,2026, Elapsed time: 0:00:02
# Errors: 0, Warnings: 0
